gisco_id,name,registered,turnout,invalid,blank,ΠA.ΣO.K,K.K.E.,ΣYN,ΛΑ.Ο.Σ.,Γυν.Ευρ.,Οικ.Πρασ.,Εν.Κεντρ.,Βεργής,Ελλ.Μετ.,ΜΕΡ.Α.,Δ.Π.Ε.,Αντ.Συμμ.,Πατ.Συμ.,M-Λ KKE,ΔΗΣΟΚ,ΑΣΚΕ,Οραμα,Ευρ.Συμπ,ΟΑΚΚΕ,Ουρ.Τόξο,Οικ.Εναλ.,Χριστ.,N.Δ.
EL_450100,Αθηναίων,576432,317384,7989,0,89302,34229,20568,17049,3721,2644,2148,1658,1425,1017,960,913,774,658,435,220,162,154,139,138,35,3,0
EL_071002,Αγίου Παύλου,5905,4167,134,0,0,609,164,263,32,57,49,20,16,10,46,11,8,23,10,6,6,3,7,5,0,0,1306
EL_070201,Αμπελοκήπων,24372,18003,642,0,5397,2365,653,1434,148,195,189,90,52,39,271,30,44,84,32,29,14,15,12,15,0,0,0
EL_070802,Ελευθερίου - Κορδελιού,15570,11997,343,0,3862,1404,294,1194,101,79,93,51,41,12,313,28,25,88,32,36,16,14,18,12,2,0,0
EL_070801,Ευόσμου,27424,21359,720,0,5987,2567,713,1980,202,193,219,92,47,32,308,25,38,85,40,49,17,13,21,11,2,0,0
EL_070101,Θεσσαλονίκης,258110,176683,4954,0,46820,16450,9186,12692,1894,2964,1642,760,480,352,1649,405,312,538,259,178,108,73,99,104,1,0,0
EL_070700,Καλαμαριάς,48517,36804,1025,0,11907,4563,1878,2505,347,570,378,185,76,49,374,85,52,119,58,39,27,19,26,24,0,0,0
EL_070202,Μενεμένης,10752,8391,245,0,2908,796,257,672,64,101,92,54,16,11,86,19,17,41,29,30,7,6,21,2,0,0,0
EL_071003,Νεαπόλεως,33694,22216,718,0,7675,2249,820,1280,161,220,222,85,47,36,252,22,31,92,56,50,12,14,21,14,0,0,0
EL_071103,Πολίχνης,21465,16714,552,0,4967,2516,597,1187,165,139,141,70,45,26,567,28,37,70,49,35,16,8,10,12,0,3,0
EL_071101,Σταυρουπόλεως,23152,17371,636,0,5587,2109,665,1347,180,155,180,68,32,38,302,31,34,79,40,41,17,22,18,13,35,10,0
EL_071001,Συκεών,27055,18918,554,0,0,2745,847,1373,173,226,202,84,39,38,281,30,19,94,46,35,14,8,8,17,0,0,5789
EL_070102,Τριανδρίας,8664,6754,196,0,1944,914,318,518,80,81,60,36,18,4,50,9,14,25,14,7,7,2,4,5,0,0,0
EL_071102,Ευκαρπίας,4660,3707,102,0,1225,365,89,294,31,33,43,26,2,8,58,2,7,18,9,17,2,5,7,1,0,0,0
EL_071004,Πεύκων,3228,2735,75,0,675,295,160,235,29,92,32,12,6,3,42,4,3,6,3,3,2,0,3,0,0,0,0
EL_520300,Αίγινας,12954,8112,174,0,2456,484,346,326,99,49,47,66,18,8,13,17,10,25,20,23,8,4,8,4,0,0,0
EL_520401,Κυθήρων,6518,2312,41,0,739,158,100,50,17,21,11,12,1,2,8,4,3,2,3,1,1,6,1,2,0,0,0
EL_520702,Μεθάνων,2530,1637,34,0,578,44,52,45,10,7,4,8,5,1,2,0,5,2,3,0,0,1,1,0,0,0,0
EL_510100,Πειραιώς,181606,103863,2672,0,31741,11102,5002,5936,1148,732,832,712,491,200,264,314,298,318,155,105,75,52,77,75,9,0,0
EL_520500,Πόρου,4782,2740,47,0,751,136,92,93,13,16,21,28,2,2,1,2,5,7,4,5,4,0,2,2,1,0,0
EL_520600,Σπετσών,3998,2386,43,0,546,85,70,75,19,20,6,14,4,1,2,2,2,12,4,3,3,3,2,2,0,0,0
EL_520701,Τροιζήνος,5666,4000,51,0,1116,159,93,124,21,12,15,21,12,1,4,9,12,6,9,6,2,3,3,0,0,0,0
EL_520800,Ύδρας,3003,1783,31,0,482,97,64,58,36,9,8,9,6,4,5,1,3,4,3,4,0,2,1,0,0,0,0
EL_520200,Αγκιστρίου,909,612,12,0,187,17,12,25,4,0,2,4,3,0,2,2,1,1,3,1,0,0,2,0,0,0,0
EL_520402,Αντικυθήρων,140,39,0,0,10,4,2,0,0,0,1,0,0,0,0,0,0,0,1,1,0,0,1,0,0,0,0
EL_380202,Αγγελοκάστρου,3252,2134,31,0,852,136,49,19,6,7,4,6,1,0,5,1,0,8,4,2,0,0,2,1,0,0,0
EL_380201,Αγρινίου,47292,27071,682,0,9365,3221,931,621,167,156,88,141,28,116,86,39,37,128,48,69,23,7,26,21,1,0,0
EL_380102,Αιτωλικού,7908,4826,112,0,1742,435,137,139,17,16,10,19,9,9,9,6,4,14,6,5,7,0,4,5,0,0,0
EL_380702,Αλυζίας,4526,2347,34,0,869,164,34,84,11,3,4,11,3,6,5,1,0,4,2,2,1,2,1,3,0,0,0
EL_380401,Αμφιλοχίας,13939,7918,122,0,3082,568,177,150,25,27,18,30,8,20,91,8,3,21,13,21,15,3,4,7,0,2,0
EL_380301,Ανακτορίου,8744,5534,121,0,2041,564,123,106,11,8,7,17,5,4,11,5,2,21,7,13,1,1,6,4,0,0,0
EL_380602,Αντιρρίου,2625,1850,36,0,732,131,50,29,9,11,4,12,2,11,16,2,4,8,6,4,2,1,0,1,0,0,0
EL_380603,Αποδοτίας,4613,1579,28,0,561,96,49,38,11,5,7,6,0,1,4,1,2,4,3,5,0,1,0,4,0,0,0
EL_380203,Αρακύνθου,7772,4376,82,0,1446,257,42,70,8,6,7,18,4,34,6,4,3,9,12,12,3,1,1,1,2,0,0
EL_380701,Αστακού,9768,5428,104,0,1799,500,109,108,13,7,20,20,8,15,16,8,16,20,8,13,7,3,4,2,3,0,0
EL_380500,Θέρμου,12154,5908,127,0,2204,312,98,166,21,15,25,25,10,8,11,7,7,14,8,13,10,2,3,3,0,0,0
EL_380204,Θεστιέων,7967,5059,103,0,1838,521,103,73,26,9,12,27,6,16,5,15,5,19,6,10,7,3,5,3,0,0,0
EL_380101,Ιεράς Πόλης Μεσολογγίου,17229,10574,310,0,3754,753,350,213,70,66,38,39,11,14,18,23,12,16,33,24,6,3,5,6,0,0,0
EL_380402,Ινάχου,8919,4972,60,0,2067,300,96,49,17,3,10,18,4,15,39,4,7,8,14,10,19,3,1,4,0,0,0
EL_070115,Κεκροπίας,4642,2748,53,0,1023,130,77,57,20,3,5,10,4,6,8,2,1,7,5,3,3,0,2,2,0,0,0
EL_380205,Μακρυνείας,5967,3816,59,0,1264,241,52,63,9,1,29,10,4,35,6,5,3,10,3,3,6,1,2,4,0,0,0
EL_380302,Μεδεώνος,6442,3330,45,0,1255,157,60,87,12,6,12,12,3,8,11,6,8,5,8,9,1,2,1,1,0,0,0
EL_380403,Μενιδίου,3283,1798,34,0,652,73,41,26,8,0,3,6,0,9,6,5,6,5,9,2,2,1,0,1,0,0,0
EL_380601,Ναυπάκτου,16131,9582,217,0,3278,612,279,209,52,40,35,62,22,27,15,8,15,17,11,16,10,5,6,7,0,0,0
EL_380103,Οινιάδων,11029,6644,121,0,2145,532,170,143,15,15,25,33,11,9,6,7,11,19,5,10,7,0,2,3,0,0,0
EL_380207,Παναιτωλικού,2119,1332,23,0,485,60,19,22,2,1,4,8,4,4,2,2,1,1,2,1,1,1,1,0,0,0,0
EL_380208,Παραβόλας,5733,3449,49,0,1374,228,56,34,11,3,4,20,2,38,6,0,1,8,7,6,8,0,0,3,1,0,0
EL_380209,Παρακαμπυλίων,5098,2499,46,0,938,82,29,44,10,5,6,12,0,4,12,2,0,4,6,9,4,2,3,0,1,0,0
EL_380604,Πλατάνου,4893,1101,14,0,372,71,41,24,6,1,9,7,3,2,3,3,0,4,4,2,1,1,0,1,0,0,0
EL_380605,Πυλλήνης,3099,1529,25,0,604,69,23,25,5,1,8,6,2,1,2,2,2,4,6,3,2,0,0,0,0,0,0
EL_380210,Στράτου,7160,4586,77,0,1871,380,54,64,11,17,3,14,2,6,19,7,2,14,2,10,1,0,2,2,0,0,0
EL_380703,Φυτειών,3415,2167,33,0,919,157,41,44,7,9,6,5,2,0,9,0,0,6,1,1,1,1,1,0,0,0,0
EL_380606,Χάλκειας,4576,2471,52,0,1028,140,54,58,10,3,6,14,2,12,9,3,7,8,2,1,1,0,0,1,0,0,0
EL_410201,Άργους,25847,15274,333,0,4951,788,536,487,80,90,74,94,23,28,100,25,59,31,21,29,17,10,4,11,0,0,0
EL_410102,Ασίνης,5006,3531,70,0,1056,109,73,149,14,13,12,20,1,2,5,2,23,6,6,4,4,3,2,2,0,0,0
EL_410301,Ασκληπιείου,5057,3320,56,0,1135,101,84,119,11,8,8,19,6,3,8,9,20,8,9,9,3,1,2,0,0,0,0
EL_410302,Επιδαύρου,4083,2675,53,0,754,86,77,77,12,6,3,15,4,9,3,6,10,1,2,2,5,2,3,1,0,0,0
EL_410402,Ερμιόνης,4105,2871,51,0,927,179,102,85,5,12,15,14,6,3,1,5,9,7,4,2,5,1,3,0,0,0,0
EL_410204,Κουτσοποδίου,3592,2541,40,0,753,87,39,71,7,2,2,11,6,0,9,0,4,4,4,6,5,1,1,1,0,0,0
EL_410401,Κρανιδίου,8480,5661,99,0,1903,426,175,128,21,22,17,26,14,5,11,6,13,23,10,7,3,4,3,6,0,0,0
EL_410205,Λέρνας,2571,1840,31,0,745,74,46,42,4,4,4,2,2,0,11,1,15,2,6,5,0,2,2,2,0,0,0
EL_410206,Λυρκείας,4549,2678,46,0,830,134,47,62,10,6,6,16,7,3,12,6,13,11,7,4,0,1,3,1,0,0,0
EL_410103,Μιδέας,6667,4615,72,0,1840,385,113,84,18,21,12,24,8,5,10,7,19,16,11,11,2,2,2,3,2,0,0
EL_410207,Μυκηναίων,4835,3213,49,0,1204,238,167,73,6,5,9,18,5,2,17,2,15,6,8,5,5,2,5,0,0,0,0
EL_410208,Νέας Κίου,2405,1802,34,0,0,217,41,37,7,6,3,15,0,0,5,3,5,4,2,1,0,0,3,2,0,0,664
EL_410104,Νέας Τίρυνθας,3355,2446,44,0,942,118,50,38,10,14,14,9,1,3,8,0,3,8,1,11,2,1,1,1,0,0,0
EL_410101,Ναυπλίέων,13713,9185,214,0,2572,658,398,351,70,110,58,55,23,25,23,15,55,27,20,19,6,2,3,7,0,0,42
EL_410202,Αλέας,1647,701,14,0,262,12,10,18,0,0,4,5,1,0,0,1,0,1,1,3,1,1,0,0,0,0,0
EL_410203,Αχλαδοκάμπου,1228,511,7,0,120,18,6,6,0,1,1,4,0,0,2,0,3,0,0,1,2,1,0,0,0,0,0
EL_400102,Βαλτετσίου,4168,1729,23,0,618,90,31,32,6,3,6,11,5,3,1,0,13,6,2,3,2,2,2,0,0,0,0
EL_400200,Βόρειας Κυνουρίας,15587,9075,203,0,2986,489,301,208,32,38,50,49,15,21,33,18,17,23,25,20,20,10,3,10,1,0,0
EL_400302,Βυτίνας,3084,1430,36,0,480,82,52,57,20,6,11,7,1,3,1,1,9,4,4,4,3,2,1,0,0,0,0
EL_400402,Γόρτυνος,2054,1046,11,0,357,123,46,29,3,4,5,7,1,3,3,0,3,4,1,2,0,2,0,2,0,0,0
EL_400301,Δημητσάνης,2443,1153,21,0,419,68,45,38,6,4,4,8,1,5,1,5,0,4,1,4,4,2,0,0,0,0,0
EL_400303,Ηραίας,4057,1762,17,0,683,86,38,57,1,6,8,9,3,1,7,7,1,9,1,4,0,3,0,3,0,0,0
EL_400304,Κλείτορος (Πελοποννησου),4280,1853,25,0,652,166,42,64,8,3,1,11,4,9,7,4,6,4,4,3,2,1,1,2,0,0,0
EL_400305,Κοντοβαζαίνης,3976,1484,21,0,494,122,44,31,9,4,5,8,2,8,17,6,3,9,7,4,2,1,3,0,0,0,0
EL_400103,Κορυθίου,3572,2064,31,0,710,118,67,57,11,5,3,13,4,1,2,3,5,4,4,1,4,2,0,3,0,0,0
EL_400306,Λαγκαδίων,3365,1423,20,0,484,65,125,28,7,4,4,4,2,6,12,5,3,5,2,2,1,0,0,0,0,0,0
EL_400104,Λεβιδίου,9493,3272,68,0,1303,163,118,73,21,6,11,19,5,5,17,5,10,8,4,7,3,5,1,4,0,0,0
EL_400501,Λεωνιδίου,8220,3876,65,0,977,211,115,102,6,9,14,18,7,6,4,6,2,10,5,4,1,4,1,1,0,0,0
EL_400105,Μαντινείας,8041,2579,58,0,937,141,61,70,13,9,13,29,5,6,12,6,3,9,12,12,5,5,3,5,0,0,0
EL_400401,Μεγαλόπολης,10089,5494,110,0,1903,555,193,167,26,18,26,34,8,11,15,5,14,21,8,5,3,6,7,2,0,0,0
EL_400106,Σκιρίτιδας,3370,1585,46,0,539,113,63,36,4,5,7,7,4,2,4,0,2,8,5,1,1,2,0,1,0,0,0
EL_400107,Τεγέας,6377,3259,90,0,1021,181,113,100,14,17,13,23,8,5,10,5,7,10,5,7,3,3,1,7,0,0,0
EL_400307,Τρικολώνων,1714,904,19,0,343,75,46,24,9,1,3,4,1,0,6,3,0,1,2,2,2,0,0,0,0,0,0
EL_400101,Τρίπολης,23448,15022,380,0,4847,943,708,638,164,92,80,81,35,25,33,21,55,27,26,26,12,7,9,13,0,0,0
EL_400308,Τροπαίων,6890,3858,93,0,1476,357,103,73,19,9,11,21,13,15,4,9,6,10,6,8,6,1,3,1,0,0,0
EL_400503,Τυρού,2372,1452,25,0,472,51,45,34,1,5,3,8,2,5,7,3,0,5,2,1,2,0,1,0,0,0,0
EL_400403,Φαλαισίας,6786,2230,27,0,704,114,56,135,5,4,3,2,7,1,3,5,3,9,4,1,2,0,5,1,0,0,0
EL_400108,Φαλάνθου,2433,1173,19,0,463,54,39,40,1,4,5,5,4,4,3,6,2,2,2,4,1,1,0,1,0,0,0
EL_400502,Κοσμά,1295,376,14,0,98,57,13,11,1,1,5,1,0,2,0,0,0,3,0,2,0,0,1,0,0,0,0
EL_190302,Αγνάντων,5115,2855,54,0,1105,207,94,53,26,3,6,22,1,2,4,4,1,10,5,7,6,8,1,1,0,0,0
EL_190301,Αθαμανίας,8266,4380,88,0,1356,260,82,94,33,7,10,22,6,6,8,7,1,9,14,5,4,2,4,1,0,0,0
EL_190102,Αμβρακικού,5617,3683,90,0,1280,558,113,45,18,11,11,23,3,5,19,1,4,17,7,4,13,1,5,2,0,0,0
EL_190402,Αράχθου,6557,4170,79,0,1216,193,107,79,22,13,12,27,5,4,5,9,4,11,8,6,8,2,1,1,0,0,0
EL_190101,Αρταίων,19497,12648,335,0,3924,1167,663,246,301,78,44,71,15,40,38,32,10,40,21,24,18,12,10,9,0,0,0
EL_190103,Βλαχερνών,3687,2654,42,0,691,146,55,43,23,4,5,7,1,3,10,5,5,4,1,4,5,1,0,1,0,0,0
EL_190202,Γεωργίου Καραϊσκάκη,4145,2434,42,0,817,154,50,38,11,5,9,9,1,6,3,0,1,10,8,6,3,0,3,2,0,0,0
EL_190201,Ηρακλείας (Ηπειρου),18226,10871,297,0,3234,499,211,351,39,42,34,39,18,21,81,16,14,31,35,27,15,15,15,8,0,0,0
EL_190404,Κομποτίου,3729,2421,68,0,681,227,95,53,13,5,7,18,0,2,5,4,4,6,5,3,3,0,1,1,0,0,0
EL_190104,Ξηροβουνίου,5048,3231,48,0,1057,254,107,47,25,12,11,15,5,3,6,6,2,17,13,9,10,4,6,0,0,0,0
EL_190401,Πέτα,4663,3069,54,0,1074,319,97,49,26,10,5,8,2,4,5,2,3,9,7,5,4,3,0,0,0,0,0
EL_190203,Τετραφυλίας,5104,2561,46,0,854,112,46,30,15,6,7,10,4,1,3,2,2,3,4,5,0,1,0,0,0,0,0
EL_190105,Φιλοθέης (Ηπειρου),6638,4211,69,0,720,165,303,187,56,47,29,8,15,6,13,11,5,3,1,0,0,1,4,3,0,0,0
EL_190303,Θεοδωριάνων,1261,579,14,0,184,55,13,5,5,2,1,3,1,2,1,0,2,1,2,0,0,1,2,1,0,0,0
EL_190403,Κομμένου,759,522,7,0,181,20,14,13,2,1,0,1,0,1,0,0,0,0,1,1,0,0,0,0,0,0,0
EL_190304,Μελισσουργών,849,370,8,0,0,79,45,2,15,1,1,1,0,1,1,1,0,2,1,2,0,0,0,0,0,0,97
EL_490301,Αγίου Στεφάνου,4921,3850,186,0,1214,435,266,167,41,29,25,22,7,5,18,3,4,13,3,3,3,2,2,0,0,0,0
EL_500501,Άνω Λιοσίων,21615,14110,495,0,0,1967,447,734,118,85,131,121,43,28,147,39,32,101,43,33,29,19,20,11,0,0,4548
EL_491202,Αρτέμιδος,10289,7474,182,0,2544,871,303,407,71,44,39,45,21,7,9,10,10,31,23,14,7,5,5,4,0,0,0
EL_500200,Ασπροπύργου,21308,13468,435,0,0,1574,326,711,82,64,94,91,38,19,1224,10,25,146,43,58,18,15,24,12,0,0,4166
EL_491302,Αυλώνος (Αττικης),6497,4270,98,0,25,330,108,112,20,22,19,23,10,3,10,10,8,9,9,10,1,0,6,3,0,0,1579
EL_490101,Αχαρνών,54881,35542,1070,0,0,4505,1129,2033,311,202,245,263,107,62,2079,54,60,235,100,113,34,27,61,24,0,0,10672
EL_490202,Βάρης,6306,4668,82,0,1266,411,217,222,38,39,22,26,14,12,11,9,6,16,7,3,1,1,1,0,0,0,0
EL_500302,Βιλίων,3885,2403,42,0,721,207,157,94,20,12,18,10,4,3,4,3,3,9,0,3,2,2,2,4,0,0,0
EL_490201,Βούλας,15472,10349,176,0,2478,694,677,505,119,130,48,54,53,19,23,11,9,8,6,4,3,5,6,4,3,0,0
EL_490203,Βουλιαγμένης,5802,3709,69,0,841,273,212,169,35,39,14,18,9,7,2,5,5,6,3,3,2,1,2,2,0,0,0
EL_490901,Γέρακα,9301,6964,177,0,2427,806,339,339,64,51,68,60,18,8,13,15,8,23,16,14,8,7,3,4,0,0,0
EL_490802,Γλυκών Νερών,5330,3828,106,0,0,490,209,234,36,28,19,29,12,9,4,13,9,8,30,8,3,3,1,4,0,0,1260
EL_500101,Ελευσίνος,20533,13967,417,0,4515,1856,741,645,102,85,101,109,38,22,139,22,24,57,19,30,18,14,17,14,0,0,0
EL_500303,Ερυθρών,3738,2366,66,0,784,243,145,114,22,20,10,6,3,5,1,6,5,11,5,2,0,0,3,1,0,0,0
EL_500502,Ζεφυρίου,5377,3809,149,0,0,615,160,177,23,25,23,28,8,15,6,4,8,20,10,6,5,6,1,2,0,0,1165
EL_491101,Καλυβίων Θορικού,6004,4380,82,0,1392,448,249,190,33,27,20,28,8,6,7,11,18,7,9,9,1,4,2,3,0,0,0
EL_490503,Κερατέας,8328,5807,154,0,1681,371,215,276,39,24,22,33,8,9,13,11,6,23,8,10,2,2,6,7,0,0,0
EL_490400,Κρωπίας,16418,11382,282,0,3045,787,436,515,99,58,61,70,45,14,49,25,27,17,32,23,17,12,9,11,3,1,0
EL_490501,Λαυρεωτικής,9199,6702,225,0,0,805,301,206,49,37,33,53,25,14,18,9,14,27,14,17,3,6,7,4,0,0,2382
EL_500301,Μάνδρας,8707,5842,147,0,2158,486,177,302,44,20,31,37,13,8,32,6,12,41,10,17,9,7,7,2,0,0,0
EL_490601,Μαραθώνος,5999,4133,100,0,990,309,117,219,23,16,12,16,11,3,5,9,5,7,8,7,4,7,5,1,0,0,0
EL_490700,Μαρκοπούλου Μεσογαίας,9546,6847,125,0,2160,454,276,351,63,37,31,29,9,17,8,7,12,5,13,9,0,1,3,1,0,0,0
EL_500401,Μεγαρέων,20799,12668,290,0,4330,724,428,807,68,46,83,67,28,12,32,15,32,27,18,30,16,13,8,6,0,0,0
EL_490604,Νέας Μάκρης,10809,7749,153,0,2304,646,420,272,63,58,32,40,18,11,21,22,4,22,9,13,2,2,6,3,0,0,0
EL_500402,Νέας Περάμου,5678,4213,115,0,0,334,161,252,36,14,24,30,8,9,6,7,5,12,15,7,7,0,3,3,0,0,1575
EL_490801,Παιανίας,9303,6989,136,0,1832,559,299,384,46,45,41,37,18,9,12,6,7,16,23,7,6,6,2,4,0,0,0
EL_490903,Παλλήνης (Αττικης),5223,3803,112,0,1161,180,103,127,24,28,29,6,18,3,17,7,10,6,13,6,2,0,0,2,0,0,0
EL_491001,Ραφήνας,7009,5284,130,0,1327,721,305,254,50,37,21,30,18,14,11,9,16,16,15,10,1,0,6,5,0,0,0
EL_491201,Σπάτων - Λούτσας,7810,5477,99,0,1376,310,195,341,33,33,37,21,18,6,17,11,13,16,16,2,4,13,2,3,0,0,0
EL_500503,Φυλής,2692,1879,66,0,555,144,40,116,18,6,17,18,6,3,3,1,5,5,4,1,3,1,3,2,0,0,0
EL_491301,Ωρωπίων,5476,4198,105,0,1441,298,146,116,21,13,12,20,6,7,15,13,6,11,6,10,7,1,4,4,0,0,0
EL_490502,Αγίου Κωνσταντίνου (Αττικης),551,433,27,0,0,52,25,6,3,4,4,4,1,2,0,1,0,3,2,0,1,0,0,0,0,0,127
EL_491102,Αναβύσσου,3479,2755,63,0,848,162,97,80,24,10,10,14,8,2,3,4,7,3,3,3,0,2,0,4,0,0,0
EL_490902,Ανθούσας,1385,1064,24,0,295,138,57,63,5,10,9,7,4,1,2,2,2,2,2,1,1,2,1,1,0,0,0
EL_490302,Ανοίξεως,2916,2262,51,0,691,186,157,101,39,23,11,16,8,7,7,7,0,7,2,1,1,0,1,1,0,0,0
EL_491303,Αφιδνών,1789,1337,30,0,345,84,86,49,11,11,7,9,3,2,6,1,3,3,5,4,0,2,0,1,0,0,0
EL_490602,Βαρνάβα,1483,1083,21,0,286,189,39,48,13,3,3,5,3,2,6,1,0,3,1,5,2,0,1,0,0,0,0
EL_490603,Γραμματικού,1517,1159,34,0,373,73,27,49,15,6,7,6,0,0,7,4,4,2,3,3,1,4,2,1,0,0,0
EL_490303,Διονύσου,2835,2024,48,0,507,116,178,90,42,30,5,7,9,4,10,2,2,5,2,3,0,2,2,0,0,0,0
EL_490304,Δροσιάς,2772,2014,39,0,523,149,195,81,29,31,13,4,3,7,13,2,4,3,1,2,1,0,3,0,0,0,0
EL_490102,Θρακομακεδόνων,3054,2305,38,0,584,181,207,126,43,22,13,9,10,3,22,5,1,6,2,1,0,0,1,1,0,0,0
EL_491304,Καλάμου (Αττικης),996,341,11,0,0,46,5,5,4,7,1,0,0,2,0,1,0,1,2,0,0,0,0,1,0,0,98
EL_491305,Καπανδριτίου,2215,1500,44,0,403,151,89,83,8,11,12,5,11,1,4,5,0,4,3,4,1,2,0,2,0,0,0
EL_491103,Κουβαρά,1454,1062,26,0,325,46,36,49,5,5,4,9,4,0,4,1,4,2,2,4,1,1,0,0,0,0,0
EL_490305,Κρυονερίου,1836,1422,33,0,456,201,84,71,14,11,8,4,7,2,5,4,1,6,0,2,0,0,1,1,0,0,0
EL_500102,Μαγούλας,2680,2006,48,0,0,256,65,112,14,7,19,14,4,5,97,4,0,23,2,7,1,2,5,0,0,0,640
EL_491306,Μαλακάσης,1101,837,15,0,301,64,25,34,1,4,6,6,6,4,2,0,1,5,3,0,1,1,2,1,0,0,0
EL_491307,Μαρκοπούλου Ωρωπού,1922,1409,42,0,404,118,42,40,13,4,6,11,3,1,6,3,2,0,0,1,2,1,0,0,0,0,0
EL_500304,Οινόης,700,523,13,0,0,61,20,30,3,4,3,1,1,1,0,1,4,2,3,0,0,1,2,0,0,0,177
EL_491104,Παλαιάς Φωκαίας,1860,1514,35,0,476,124,64,65,6,5,7,11,4,1,0,2,7,4,1,5,0,0,1,1,0,0,0
EL_491002,Πικερμίου,1520,1179,26,0,282,104,73,61,8,12,7,5,3,0,5,3,1,2,0,0,0,0,1,0,0,0,0
EL_491308,Πολυδενδρίου,873,724,17,0,234,70,43,42,15,1,11,4,2,2,1,4,0,2,2,2,0,0,0,2,0,0,0
EL_490306,Ροδοπόλεως,1355,1081,28,0,318,71,48,60,9,5,5,8,5,1,5,2,7,4,0,3,0,0,1,0,0,0,0
EL_491105,Σαρωνίδος,1301,967,22,0,205,61,63,57,15,9,7,3,8,2,4,2,3,0,0,1,1,1,0,1,0,0,0
EL_490307,Σταμάτας,1565,1179,20,0,262,94,65,65,5,5,7,6,9,3,5,1,1,3,1,0,2,1,0,0,1,0,0
EL_491309,Συκαμίνου,1026,797,15,0,243,52,26,28,2,1,3,4,2,0,0,2,0,1,0,1,1,0,0,0,0,0,0
EL_370202,Αιγείρας,2856,1961,39,0,750,84,84,33,17,10,4,9,5,7,5,9,3,0,4,4,1,3,2,2,0,0,0
EL_370201,Αιγίου,27675,17314,433,0,6232,1337,588,496,93,100,84,115,27,31,29,33,16,54,48,35,9,14,13,8,0,0,0
EL_370203,Ακράτας,5632,3453,50,0,1246,144,135,57,14,14,12,20,2,7,8,4,4,7,9,6,5,1,3,1,0,0,0
EL_370502,Αροανίας,3571,1894,43,0,727,104,50,48,8,4,8,13,2,1,0,2,2,3,5,4,2,0,1,0,0,0,0
EL_370102,Βραχναιίκων,4061,2929,74,0,0,226,117,61,15,11,10,14,5,4,1,1,3,3,5,10,5,2,2,2,1,0,1034
EL_370204,Διακοπτού,6938,4458,107,0,1725,255,126,98,38,18,19,23,14,4,8,7,7,14,10,14,4,1,4,7,0,0,0
EL_370301,Δύμης,8860,5892,124,0,2149,327,175,105,29,27,24,39,6,10,11,7,7,21,28,16,6,5,5,4,0,0,0
EL_370205,Ερινεού,3782,2589,64,0,919,171,53,33,13,8,5,10,0,1,5,2,4,7,6,6,6,0,1,6,0,0,0
EL_370501,Καλαβρύτων,8751,4892,109,0,1890,325,136,98,31,22,24,32,4,7,13,8,10,17,16,12,12,7,5,8,0,0,0
EL_370302,Λαρισσού,14299,10415,192,0,3842,446,157,278,46,36,24,41,27,9,22,8,17,21,23,29,5,2,5,4,1,0,0
EL_370503,Κλείτορος (Δυτικης Ελλαδας),4994,2466,48,0,870,163,52,90,12,6,8,14,2,3,6,4,6,8,14,14,3,6,3,2,0,0,0
EL_370103,Μεσσάτιδος,8422,6183,169,0,0,489,179,110,59,35,19,35,8,24,15,4,1,18,12,16,6,2,6,7,0,0,2030
EL_370303,Μόβρης,5101,3496,47,0,0,143,64,56,14,8,8,13,3,2,10,5,5,8,13,9,5,3,3,3,0,0,1507
EL_370504,Παΐων,2909,1430,32,0,444,106,40,35,9,3,11,4,2,1,1,3,2,8,4,5,0,2,1,0,0,0,0
EL_370104,Παραλίας (Δυτικης Ελλαδας),5799,4159,61,0,1365,221,96,221,23,22,26,19,6,6,56,1,5,20,13,18,4,3,1,9,0,0,0
EL_370101,Πατρέων,126634,82514,2321,0,0,9001,3866,1986,800,763,490,554,105,266,167,110,108,264,169,151,66,30,53,43,0,0,30149
EL_370105,Ρίου,9518,7037,176,0,2723,524,305,129,54,60,25,49,5,15,24,7,9,12,20,24,9,2,3,3,0,0,0
EL_370206,Συμπολιτείας,6675,4492,101,0,0,387,144,113,32,21,13,28,3,20,8,9,8,15,11,9,2,9,3,0,0,0,1755
EL_370404,Τριταίας,5535,3839,37,0,0,92,49,43,9,3,8,3,1,3,11,5,0,5,9,7,2,0,3,4,0,0,679
EL_370401,Φαρρών,7544,5087,89,0,0,244,90,74,20,22,20,26,2,15,8,7,9,14,8,16,7,3,6,4,0,0,1796
EL_370304,Ωλένιας,7524,5040,86,0,0,205,89,48,21,16,15,27,0,9,6,7,3,13,10,10,5,2,3,3,0,0,1802
EL_370402,Καλεντζίου,662,517,1,0,0,12,3,0,1,0,0,2,0,0,2,0,1,0,0,0,0,0,0,0,0,0,40
EL_370403,Λεοντίου,849,522,75,0,182,37,7,4,1,3,2,1,0,2,1,1,2,2,1,1,0,2,1,0,0,0,0
EL_470301,Αγίων Αναργύρων (Αττικης),3639,2109,56,0,746,92,59,54,8,6,7,6,2,6,16,1,3,8,7,5,4,1,2,9,0,0,0
EL_470200,Αγίας Βαρβάρας (Αττικης),5667,3336,162,0,0,49,24,28,9,13,2,3,1,0,5,0,0,2,8,7,3,1,1,0,0,0,1054
EL_480200,Αγίου Δημητρίου (Αττικης),8989,5254,111,0,1883,241,186,126,38,17,8,50,9,5,22,16,5,23,17,12,2,0,4,0,0,0,0
EL_460200,Αγίας Παρασκευής (Αττικης),3603,1740,30,0,510,340,61,51,6,4,2,4,0,1,1,2,0,19,6,3,0,0,5,1,0,0,0
EL_470400,Αιγάλεω,66363,41513,1212,0,0,6446,2436,1900,325,241,307,333,129,94,205,72,99,182,60,45,40,19,20,27,2,0,13165
EL_480300,Αλίμου,25827,17587,416,0,5121,1762,1226,860,237,158,118,112,55,52,40,36,33,38,19,20,10,13,4,7,0,0,0
EL_460100,Αμαρουσίου,43134,29529,781,0,8929,2837,2206,1328,276,249,215,142,124,73,108,102,57,73,48,30,35,15,18,17,4,0,0
EL_480501,Αργυρούπολης,23290,16482,415,0,0,2086,994,773,162,132,101,113,55,36,62,26,36,49,20,21,18,2,7,4,0,1,5655
EL_460300,Βριλησσίων,15837,11495,298,0,3279,1087,919,492,142,109,64,66,37,27,42,38,23,17,13,8,2,11,5,3,0,0,0
EL_450200,Βύρωνος,47072,28796,746,0,8890,4166,1993,1325,321,252,223,185,112,109,136,99,67,93,28,42,24,19,15,21,2,0,0
EL_450300,Γαλατσίου,36229,25449,763,0,0,3422,1543,1005,287,190,183,168,67,82,52,65,58,72,39,36,28,12,12,5,1,0,8526
EL_480400,Γλυφάδας,52647,36218,896,0,10532,3617,2135,1817,349,342,216,215,137,69,172,71,56,70,42,34,40,13,18,24,0,0,0
EL_450401,Δάφνης,21801,12819,337,0,4111,1676,806,640,145,87,87,77,58,37,33,27,25,33,17,12,8,7,5,5,0,0,0
EL_480502,Ελληνικού,10755,7520,180,0,2329,1235,461,362,89,71,56,57,22,16,126,16,4,28,7,7,1,2,2,2,0,0,0
EL_450500,Ζωγράφου,53446,36168,960,0,10943,4201,2402,1703,463,336,251,228,118,112,138,117,76,81,66,38,22,16,28,10,4,1,0
EL_450600,Ηλιουπόλεως,57407,39864,1193,0,13110,5507,2673,1667,460,341,273,253,104,113,130,102,74,123,57,137,36,21,14,24,0,0,0
EL_460400,Ηρακλείου (Αττικης),97710,66707,1672,0,0,4580,2908,1118,496,385,150,271,43,90,261,73,36,176,562,76,44,23,21,29,0,0,22509
EL_470500,Ιλίου,47784,33226,1057,0,0,4652,1681,1509,312,211,246,265,72,107,82,69,71,123,53,59,17,15,13,29,0,0,10932
EL_450700,Καισαριανής,27642,16721,402,0,0,3091,1267,984,175,74,97,97,71,36,30,27,47,56,24,17,11,3,10,6,0,0,5044
EL_480100,Καλλιθέας (Αττικης),6861,5346,175,0,1750,192,133,172,25,15,24,36,8,3,7,6,6,15,8,8,5,0,6,3,0,0,0
EL_470302,Καματερού,15624,11381,334,0,0,1731,612,617,79,73,94,83,35,50,33,16,30,38,21,24,17,3,6,8,0,0,3564
EL_460501,Κηφισιάς,32963,21977,568,0,5488,1628,1262,1139,220,216,119,96,78,49,57,45,36,29,23,12,6,10,11,4,0,0,0
EL_460602,Λυκοβρύσεως,5782,4201,101,0,0,545,292,232,40,26,39,28,4,17,12,5,9,15,4,3,2,0,3,1,0,0,1410
EL_461001,Μελισσίων,11470,8051,191,0,2375,1038,645,316,95,56,53,51,30,13,51,14,6,17,10,8,4,0,2,2,0,0,0
EL_460700,Μεταμορφώσεως,17542,12271,360,0,0,1918,682,562,121,77,82,81,25,17,24,28,19,39,25,18,11,9,6,6,3,0,3988
EL_480601,Μοσχάτου,20695,12890,330,0,4445,1404,687,697,130,123,95,87,39,39,75,22,30,35,12,16,11,3,4,4,1,0,0
EL_460503,Νέας Ερυθραίας,10265,7133,156,0,0,681,425,297,79,50,53,34,26,6,38,17,10,11,13,9,3,3,1,4,0,0,2498
EL_460800,Νέας Ιωνίας (Αττικης),25762,17891,508,0,0,2863,842,697,181,155,114,138,48,27,99,40,24,134,35,40,23,14,34,12,0,0,5816
EL_480700,Νέας Σμύρνης,56366,33111,788,0,9804,3648,2527,1520,513,332,217,158,127,115,153,92,47,81,28,19,19,9,12,22,3,0,0
EL_450801,Νέας Φιλαδέλφειας,22932,14885,492,0,4822,2184,1098,676,148,107,101,100,29,55,36,33,26,47,22,18,10,3,12,3,0,0,0
EL_450802,Νέας Χαλκηδόνος,9122,6086,140,0,1996,713,335,295,67,46,29,46,15,17,23,21,16,15,10,9,4,3,0,4,0,0,0
EL_461102,Νέου Ψυχικού,10207,6671,177,0,1703,545,516,337,119,82,46,37,27,12,23,16,12,7,5,3,4,3,9,3,0,0,0
EL_480800,Παλαιού Φαλήρου,46818,29720,709,0,8256,2681,1842,1553,356,276,217,188,106,58,111,72,61,83,38,29,13,10,14,16,0,0,0
EL_460902,Παπάγου,12385,8669,204,0,1315,326,525,636,113,94,40,25,63,13,40,16,38,11,11,2,4,1,1,6,6,0,0
EL_470100,Περιστερίου,114076,70822,2185,0,0,11206,4112,3319,655,457,555,473,152,230,230,161,137,254,104,125,54,30,42,49,0,0,22442
EL_470600,Πετρουπόλεως,34297,23967,792,0,0,3950,1519,1160,275,172,185,185,55,84,67,74,56,59,35,28,18,10,10,8,4,0,7445
EL_460601,Πεύκης,13203,9684,245,0,3067,984,739,388,123,88,67,51,23,43,42,20,12,14,12,5,7,2,3,4,0,0,0
EL_480602,Ταύρου,18301,9545,304,0,0,1759,555,496,83,58,67,69,37,25,60,22,26,30,15,10,8,4,5,1,0,0,2812
EL_450402,Υμηττού,11590,7230,174,0,0,1007,524,273,84,68,42,45,18,21,19,20,23,29,13,4,1,0,2,4,2,0,2390
EL_470700,Χαϊδαρίου,32472,23020,685,0,7306,3318,1446,1169,165,190,98,194,54,95,75,27,37,50,29,25,14,2,9,7,0,0,0
EL_461200,Χαλανδρίου,48020,31981,763,0,9475,3305,2477,1485,397,310,218,173,84,100,97,89,48,82,39,44,17,12,20,14,0,0,0
EL_460901,Χολαργού,23753,16755,434,0,4651,1803,1312,785,175,182,105,88,65,48,61,64,43,40,19,9,11,7,6,10,0,0,0
EL_461101,Ψυχικού,9721,5939,128,0,1011,273,442,281,79,77,32,22,21,21,26,16,15,5,1,1,0,1,1,2,0,0,0
EL_460502,Εκάλης (Αττικης),3702,2421,38,0,331,90,109,93,29,28,14,13,3,4,6,7,1,1,1,0,0,1,1,0,0,0,0
EL_461002,Νέας Πεντέλης,4124,3017,99,0,824,342,263,133,38,33,31,21,14,5,12,11,2,14,5,2,1,2,3,0,0,0,0
EL_461003,Πεντέλης,3822,2678,77,0,664,197,191,164,40,36,22,15,14,3,6,15,5,7,4,4,3,2,2,4,0,0,0
EL_071302,Αγίου Αθανασίου,12643,10521,222,0,3167,684,245,796,52,76,70,25,19,8,56,14,12,34,25,9,13,3,11,10,0,0,0
EL_070302,Αγίου Γεωργίου (Κεντρικης Μακεδονιας),5784,3148,94,0,1121,383,138,64,28,17,21,13,1,6,23,3,5,14,12,12,4,4,4,2,0,0,0
EL_070402,Αξιού,6911,5685,164,0,1748,645,186,315,43,45,51,24,17,9,22,7,5,28,17,15,7,5,8,4,0,0,0
EL_070303,Απολλωνίας,5157,3834,69,0,1350,339,103,157,21,23,26,8,3,4,25,7,1,8,7,11,1,6,6,4,0,0,0
EL_070304,Αρέθουσας,6101,3971,88,0,1173,183,68,226,11,11,16,9,5,2,64,2,6,5,8,3,6,2,7,2,0,0,0
EL_070902,Ασσήρου,4548,3433,74,0,1113,273,65,216,13,16,14,14,3,4,12,7,4,18,5,12,3,4,3,1,0,0,0
EL_070602,Βασιλικών,8613,6836,174,0,1889,573,218,449,40,56,41,26,11,44,59,12,9,15,14,9,8,7,6,2,0,0,0
EL_070903,Βερτίσκου,4838,3634,85,0,1093,360,144,259,13,28,28,14,11,13,68,6,7,13,15,14,1,2,4,3,0,0,0
EL_070305,Εγνατίας (Κεντρικης Μακεδονιας),5014,2941,71,0,1130,177,81,51,17,17,8,19,12,15,19,7,4,19,15,23,8,0,4,13,0,0,0
EL_070502,Επανομής,7278,6010,134,0,1710,470,147,490,44,46,31,21,9,16,31,12,8,33,17,12,8,2,6,9,0,0,0
EL_070401,Εχεδώρου,17435,13983,395,0,4530,1398,430,947,94,86,81,61,42,17,89,22,37,57,34,29,21,9,10,4,0,0,0
EL_070501,Θερμαϊκού,9283,7193,225,0,2169,632,334,552,37,93,61,30,11,15,49,13,16,33,26,15,6,7,5,6,0,0,0
EL_070601,Θέρμης,11464,9306,221,0,2738,887,365,704,61,122,60,32,10,8,84,19,8,27,15,11,4,2,6,4,0,0,0
EL_070904,Καλλινδοίων,5648,4290,73,0,1220,423,161,181,21,20,46,9,6,2,21,7,4,19,5,8,4,4,1,2,0,0,0
EL_070905,Κορωνείας,5360,3720,72,0,1416,249,131,110,23,7,9,28,8,12,4,10,3,14,6,11,3,3,5,4,0,0,0
EL_071301,Κουφαλίων,10449,8161,168,0,2674,1003,211,431,41,47,64,33,6,7,123,30,8,24,28,17,13,3,13,3,0,0,0
EL_070901,Λαγκαδά,16217,12679,335,0,3514,652,280,836,78,76,98,55,18,10,173,20,26,39,26,29,14,15,19,3,0,0,0
EL_070906,Λαχανά,5740,4442,75,0,1248,266,96,349,25,26,31,12,10,1,128,4,5,22,14,5,2,6,1,7,0,0,0
EL_070306,Μαδύτου,3280,2628,52,0,851,276,91,113,8,25,10,6,3,6,15,9,4,11,3,5,1,1,5,1,0,0,0
EL_070503,Μηχανιώνας,7396,5924,158,0,1872,523,158,430,45,46,38,23,23,4,29,18,8,27,18,12,5,6,6,3,0,0,0
EL_070603,Μίκρας,7034,5879,131,0,1703,602,298,407,34,55,39,22,15,7,64,10,8,15,12,7,1,2,1,1,0,0,0
EL_071403,Μυγδονίας,7483,5503,148,0,1456,537,145,334,24,45,29,25,10,6,60,9,11,13,10,7,3,5,3,2,2,0,0
EL_071201,Πανοράματος,8888,6813,121,0,1507,470,339,414,60,128,34,20,9,7,97,9,5,15,6,3,3,2,5,2,0,0,0
EL_071202,Πυλαίας,10308,8159,256,0,2080,1055,452,554,83,109,70,37,18,17,69,21,14,16,22,14,6,5,4,7,4,0,0
EL_070301,Ρεντίνας,888,436,1,0,143,34,9,7,1,2,2,2,2,0,0,1,1,0,2,1,0,0,0,0,0,0,0
EL_070907,Σοχού,8760,6460,142,0,1872,286,157,405,30,39,40,27,15,6,85,9,9,17,18,11,11,3,1,6,0,0,0
EL_070403,Χαλάστρας,8926,7226,204,0,2010,987,395,448,36,33,47,32,8,7,29,12,4,27,20,12,18,11,5,8,2,0,0
EL_071303,Χαλκηδόνος,9338,7559,183,0,2075,852,207,434,35,38,51,31,13,14,64,3,6,45,27,23,10,3,9,10,0,0,0
EL_071203,Χορτιάτη,10392,7992,227,0,2200,1061,317,493,71,69,62,36,14,22,115,13,12,31,12,8,7,5,5,4,0,0,0
EL_071401,Ωραιοκάστρου,7570,5903,140,0,1377,519,256,444,30,64,51,22,21,9,262,6,8,24,7,9,4,2,4,2,0,0,0
EL_510402,Αγίου Ιωάννου Ρέντη,13608,8631,255,0,0,1106,454,422,75,63,69,85,25,16,30,31,29,39,15,19,10,5,11,5,0,0,2808
EL_220502,Αμπελακίων (Θεσσαλιας),7343,5014,126,0,1711,342,165,290,43,34,24,22,8,3,9,10,17,11,11,9,3,2,10,4,0,0,0
EL_510202,Δραπετσώνας,15152,9538,284,0,0,1692,458,412,109,43,92,69,32,10,32,10,21,91,27,30,14,8,26,9,1,0,2511
EL_510201,Κερατσινίου,62450,38663,1098,0,0,5900,1841,1788,455,238,289,309,117,63,118,80,115,179,78,76,39,24,95,22,0,0,12166
EL_510300,Κορυδαλλού,50620,31873,825,0,79,4849,1820,1569,307,223,263,290,98,81,138,93,74,162,62,52,27,16,24,11,1,0,9869
EL_510401,Νικαίας,8012,6198,115,0,1970,641,168,198,17,28,21,17,15,13,8,8,4,24,5,6,7,1,2,3,1,1,0
EL_510500,Περάματος (Αττικης),5111,3682,136,0,1244,455,99,89,23,14,22,34,4,7,21,4,6,18,9,11,4,3,4,2,0,0,0
EL_520101,Σαλαμίνας,21696,15532,369,0,5037,905,394,1006,139,82,84,108,29,27,27,37,99,40,41,29,14,3,24,8,0,0,0
EL_280502,Ακραιφνίας,3139,2273,52,0,796,129,46,71,6,9,6,17,2,1,10,2,6,6,8,5,3,1,3,2,0,0,0
EL_280201,Αλιάρτου,6234,4388,111,0,0,314,136,188,30,22,20,17,7,9,14,11,3,27,11,12,10,9,9,1,0,0,1634
EL_280303,Αραχόβης,2764,2078,40,0,691,143,78,51,10,20,7,10,6,4,9,1,5,4,3,5,2,0,3,0,0,0,0
EL_280402,Βαγίων,3303,2236,43,0,814,142,63,147,15,8,10,14,4,7,8,7,5,3,11,1,7,4,2,4,0,0,0
EL_280102,Δαύλειας,2421,1764,38,0,626,99,45,70,7,6,10,18,4,0,8,4,6,8,4,2,2,0,0,2,0,0,0
EL_280602,Δερβενοχωρίων,2123,1575,32,0,496,64,31,55,5,6,3,11,7,2,1,2,4,6,6,4,1,4,0,2,0,0,0
EL_280301,Διστόμου,3200,2443,52,0,0,189,84,46,17,5,7,15,6,2,3,8,0,4,7,3,2,0,1,0,0,0,988
EL_280202,Θεσπιέων,5940,3892,73,0,1330,358,160,148,22,11,10,19,15,10,40,5,7,12,4,7,3,4,4,4,1,0,0
EL_280401,Θηβαίων,20317,12882,315,0,4401,1158,474,671,92,79,63,107,54,21,26,29,14,55,28,29,9,11,15,13,0,0,0
EL_280403,Θίσβης,4995,2799,64,0,0,495,97,85,20,14,10,21,4,12,5,8,4,7,9,6,3,0,4,0,0,0,959
EL_280101,Λεβαδέων,18491,12931,362,0,4218,1842,603,596,72,79,58,78,28,23,57,28,17,64,31,17,10,13,21,6,0,0,0
EL_280604,Οινοφύτων,4311,3325,74,0,1091,300,83,142,21,13,26,15,3,6,8,3,21,22,11,5,4,3,3,2,0,0,0
EL_280501,Ορχομενού,10838,7477,166,0,2803,572,256,258,39,35,33,52,13,19,20,18,9,25,23,28,13,2,14,8,1,0,0
EL_280404,Πλαταιών,5347,3633,153,0,1209,340,104,136,28,15,13,23,9,7,7,11,7,35,8,6,6,6,2,1,0,0,0
EL_280601,Σχηματαρίου,3549,2760,66,0,1023,227,85,107,15,7,16,11,6,0,4,3,17,6,5,4,2,0,3,2,0,0,0
EL_280605,Τανάγρας,3116,2336,41,0,806,102,43,83,17,5,9,8,6,3,7,2,0,1,7,2,3,4,1,1,0,0,0
EL_280105,Χαιρωνείας,2694,1833,46,0,663,106,59,70,5,3,2,8,1,2,12,1,3,2,9,7,0,2,0,3,0,0,0
EL_280302,Αντικύρας,1610,1308,20,0,0,92,46,22,10,8,6,8,0,9,4,2,2,2,3,6,4,0,2,0,0,0,523
EL_280104,Κυριακίου,2250,1632,21,0,501,210,55,38,13,7,7,13,4,3,8,4,0,6,3,8,4,3,4,1,0,0,0
EL_150104,Βεντζίου,4327,2953,63,0,1022,163,37,87,11,10,8,11,5,1,92,3,4,7,6,7,3,0,3,1,0,0,0
EL_150105,Γόργιανης,2368,1366,20,0,458,130,46,38,4,12,9,8,5,2,9,3,1,7,2,1,0,1,0,1,1,0,0
EL_150101,Γρεβενών,15174,9863,248,0,3152,808,334,399,36,58,61,48,21,21,171,16,16,24,11,20,6,4,3,2,0,0,0
EL_150201,Δεσκάτης,6158,4094,80,0,0,577,107,77,23,13,22,21,7,5,16,4,7,31,15,22,9,4,10,4,0,0,1362
EL_150107,Ηρακλεωτών,3935,2590,34,0,812,227,63,76,7,18,12,8,8,4,91,7,1,8,5,5,0,0,2,1,0,0,0
EL_150108,Θεόδωρου Ζιάκα,4796,2768,46,0,962,332,84,106,11,16,10,8,15,9,20,3,2,5,5,5,4,2,0,0,0,0,0
EL_150103,Αγίου Κοσμά,2872,1680,30,0,585,112,25,63,4,13,7,4,2,0,8,2,1,4,6,4,2,0,3,2,0,0,0
EL_150202,Χασίων (Δυτικης Μακεδονιας),6915,3899,81,0,1563,297,101,95,16,10,18,11,11,3,8,5,3,11,12,18,3,3,5,3,0,0,0
EL_150102,Αβδέλλας,605,188,0,0,66,16,8,8,0,1,0,0,0,0,3,1,0,1,0,1,0,0,0,0,0,0,0
EL_150106,Δοτσικού,332,141,3,0,0,22,5,3,3,1,0,1,0,0,0,0,1,0,1,0,1,0,0,0,0,0,47
EL_150109,Μεσολουρίου,164,87,1,0,26,18,2,5,0,1,0,2,0,0,0,0,1,1,0,2,0,0,0,0,0,0,0
EL_150110,Περιβολίου,540,214,1,0,74,19,6,15,0,0,4,1,0,1,0,0,0,0,1,0,0,0,0,0,0,0,0
EL_150111,Σαμαρίνας,739,283,1,0,74,19,7,8,0,2,4,4,0,0,0,0,0,0,0,0,0,0,1,0,0,0,0
EL_150112,Σμίξης,621,293,4,0,0,41,11,9,3,2,2,1,1,2,1,0,0,0,0,2,1,2,0,0,0,0,98
EL_150113,Φιλιππαίων,465,255,6,0,0,41,3,4,0,3,2,2,2,0,2,0,2,0,0,1,1,0,0,0,0,0,78
EL_020202,Δοξάτου,13480,8339,205,0,3111,384,219,274,35,44,36,34,10,8,178,9,10,28,16,22,10,4,3,6,0,0,0
EL_020101,Δράμας,48303,32798,891,0,10290,1874,1104,1651,204,169,172,146,61,56,895,33,24,81,74,61,25,22,16,15,0,0,0
EL_020300,Κάτω Νευροκοπίου,12796,7324,108,0,2282,208,122,239,30,30,28,29,11,9,179,5,8,12,16,11,6,7,5,7,0,0,0
EL_020201,Καλαμπακίου,7673,5317,94,0,1690,289,126,203,25,25,23,16,12,5,71,12,3,19,22,11,12,1,5,3,0,0,0
EL_020402,Νικηφόρου,6444,3624,62,0,1042,108,50,157,15,11,15,8,2,6,80,3,4,2,6,4,0,2,1,0,0,0,0
EL_020401,Παρανεστίου,3196,1536,24,0,541,41,22,47,3,1,5,6,2,2,64,2,0,8,2,2,0,0,1,2,0,0,0
EL_020501,Προσοτσάνης,17141,9817,202,0,3023,384,265,396,46,59,53,43,13,16,159,15,8,28,14,19,11,10,6,7,0,0,0
EL_020502,Σιταγρών,7134,4622,83,0,1566,232,105,150,17,19,11,18,6,3,357,4,3,9,15,13,7,0,2,2,0,0,0
EL_020102,Σιδηρονέρου,1064,712,16,0,218,20,14,41,5,1,6,2,2,1,55,0,0,1,0,0,1,0,0,0,0,0,0
EL_690102,Αρχαγγέλου,6754,4347,135,0,0,293,138,56,24,20,8,12,5,3,11,2,4,10,6,7,4,0,0,2,0,0,1453
EL_610300,Αστυπαλαίας,1766,777,5,0,0,18,31,6,5,2,4,3,1,1,6,2,0,1,1,2,0,0,1,0,0,0,333
EL_690103,Αταβύρου,4652,2937,87,0,0,121,94,44,16,10,2,25,3,1,6,2,2,5,8,9,3,0,1,1,0,0,1000
EL_690104,Αφάντου,5515,4524,125,0,1901,103,85,85,24,14,23,33,3,2,9,4,12,11,6,5,4,1,3,1,2,0,0
EL_640102,Δικαίου,6150,3749,151,0,0,145,114,108,15,21,28,45,9,13,7,7,15,13,15,8,7,0,5,4,4,0,1247
EL_640103,Ηρακλειδών,6967,4655,119,0,0,277,162,95,15,12,20,25,6,9,10,4,11,7,9,11,2,0,6,2,0,0,1824
EL_690105,Ιαλυσού,5244,4041,136,0,1699,130,101,120,27,18,16,29,3,4,17,5,6,9,11,4,3,0,2,2,0,0,0
EL_610100,Καλυμνίων,19833,8568,260,0,3089,582,211,93,34,30,429,43,5,15,27,14,8,55,18,23,5,0,11,3,1,0,0
EL_690107,Καμείρου,5431,3924,126,0,0,298,151,80,16,25,11,12,4,3,6,2,4,9,4,1,9,0,2,1,0,0,1405
EL_620101,Καρπάθου,6954,3065,53,0,1299,77,114,52,19,6,14,16,7,2,22,7,1,7,9,3,5,0,1,4,1,0,0
EL_620200,Κάσου,1753,682,10,0,288,21,11,1,2,0,0,2,1,0,1,0,0,2,3,2,0,0,0,0,0,0,0
EL_640101,Κω,14697,9283,259,0,3643,459,473,329,56,52,31,48,12,13,41,14,12,30,23,28,5,0,7,4,2,1,0
EL_610400,Λειψών,1087,420,14,0,125,18,5,3,1,3,6,1,2,1,30,0,2,0,0,3,0,0,0,0,0,0,0
EL_610500,Λέρου,9480,4692,212,0,1793,155,112,84,35,24,21,46,9,11,11,7,11,20,15,11,16,0,8,5,0,0,0
EL_690108,Λινδίων,4600,2917,79,0,1234,92,85,95,15,7,8,22,2,4,2,1,1,6,6,3,4,0,3,1,0,0,0
EL_690200,Μεγίστης,1483,319,7,0,104,23,3,12,3,2,3,8,1,1,1,1,0,1,1,1,0,0,0,1,0,0,0
EL_640200,Νισύρου,2111,653,21,0,0,40,39,12,1,1,4,4,0,13,0,1,0,1,2,1,0,0,0,0,0,0,246
EL_690109,Νότιας Ρόδου,4927,2753,48,0,0,111,120,30,11,12,8,18,1,1,8,2,5,5,8,1,1,0,0,0,0,0,1176
EL_610600,Πάτμου,3232,1973,50,0,762,198,63,18,15,8,9,22,1,1,4,6,1,12,2,6,1,0,1,2,0,0,0
EL_690110,Πεταλούδων,10579,7860,261,0,3186,482,185,188,41,35,34,48,21,9,5,5,14,20,18,23,10,0,4,3,0,0,0
EL_690101,Ρόδου,38205,23910,685,0,8822,1225,858,844,177,168,113,158,33,34,42,20,27,62,47,42,26,1,13,20,0,0,0
EL_690300,Σύμης,4113,1702,52,0,0,58,47,29,8,12,4,14,1,1,1,3,4,4,5,3,2,0,1,0,0,0,641
EL_690400,Τήλου,950,467,14,0,0,66,9,9,1,3,2,4,0,0,2,0,0,3,1,3,0,0,1,0,0,0,159
EL_690500,Χάλκης,629,268,11,0,100,21,6,3,0,2,1,2,1,1,0,0,0,0,0,1,0,0,0,0,0,0,0
EL_610200,Αγαθονησίου,254,139,2,0,37,8,2,2,1,0,0,2,0,0,0,0,0,1,0,0,1,0,1,0,0,0,0
EL_620102,Ολύμπου (Νοτιου Αιγαιου),2298,306,5,0,0,8,6,0,1,0,0,1,0,0,2,0,0,0,3,1,0,0,1,0,0,0,80
EL_030101,Αλεξανδρούπολης,40960,28477,892,0,8980,1834,835,1253,170,174,167,199,67,40,1475,62,53,118,75,76,64,30,37,38,1,0,0
EL_030302,Βύσσας,10195,6305,135,0,2039,331,110,206,26,17,33,48,20,13,65,8,15,12,17,16,29,4,8,8,0,0,0
EL_030201,Διδυμοτείχου,25726,14021,327,0,4076,779,211,672,54,75,70,101,16,27,225,27,27,63,48,39,15,21,19,18,1,0,0
EL_030303,Κυπρίνου,3921,2603,49,0,1044,79,31,73,10,9,6,14,2,5,18,1,4,10,6,6,3,1,3,2,0,0,0
EL_030202,Μεταξάδων,8629,4526,73,0,1450,166,53,120,16,24,10,26,4,13,65,6,2,12,16,8,10,8,5,1,0,0,0
EL_030301,Ορεστιάδος,22778,13756,348,0,4321,483,253,588,68,78,54,102,22,17,154,19,15,45,35,45,41,20,25,14,0,0,0
EL_030502,Ορφέα,8110,4868,186,0,1487,269,59,128,26,18,19,30,15,17,52,10,10,56,21,33,8,9,8,14,0,0,0
EL_030400,Σαμοθράκης,4341,2369,88,0,0,88,53,51,14,18,16,12,5,10,30,6,4,6,9,12,3,5,0,1,0,0,952
EL_030501,Σουφλίου,9587,6062,172,0,1750,432,176,181,14,40,21,35,7,19,106,8,9,19,10,9,3,4,4,3,0,0,0
EL_030102,Τραϊανούπολης,4847,3315,71,0,1271,161,49,104,12,11,12,16,1,4,271,0,2,6,8,9,3,2,2,4,0,0,0
EL_030304,Τριγώνου,13547,6472,118,0,2790,172,103,148,29,30,23,35,14,5,79,9,11,16,19,30,9,9,7,7,0,0,0
EL_030503,Τυχερού,6641,4097,150,0,1322,156,83,149,19,17,23,23,5,3,57,4,5,5,6,7,5,0,2,3,1,0,0
EL_290402,Αιδηψού,6416,4572,100,0,0,447,200,156,25,19,16,37,8,6,13,8,25,25,6,5,4,1,6,2,0,0,1677
EL_290302,Αμαρυνθίων,6945,5012,101,0,1452,227,117,169,22,19,21,23,11,9,8,8,14,11,10,8,3,2,2,3,0,0,0
EL_290102,Ανθηδώνος,4057,2978,46,0,1064,174,89,115,25,16,19,14,5,7,3,6,4,4,7,5,5,0,4,1,0,0,0
EL_290403,Αρτεμισίου,4766,3254,92,0,1090,298,96,107,21,13,8,15,6,1,15,4,15,7,5,4,3,1,2,0,0,0,0
EL_290103,Αυλίδος,5790,4380,119,0,1492,347,166,190,20,19,28,22,10,3,13,10,6,15,5,8,2,1,4,2,0,0,0
EL_290202,Διρφύων,8004,5735,123,0,1870,312,136,171,25,16,26,37,7,6,13,4,4,20,8,9,3,5,2,1,0,0,0
EL_290603,Διστύων,5219,3860,74,0,0,271,79,64,23,9,15,30,3,5,10,2,3,6,9,10,5,1,1,4,0,0,1362
EL_290701,Ελυμνίων,5646,4009,176,0,0,343,179,109,21,22,18,16,5,11,9,3,6,12,7,13,4,1,2,7,0,0,1379
EL_290301,Ερέτριας,5147,3665,55,0,1212,228,117,174,23,29,26,32,5,5,17,3,10,12,14,7,5,0,1,4,0,0,0
EL_290401,Ιστιαίας,8123,5245,139,0,1928,491,140,167,24,24,40,22,6,12,14,15,6,15,20,16,3,1,7,5,0,0,0
EL_290501,Καρύστου,7825,4004,85,0,1359,386,119,217,28,9,17,25,3,16,7,5,4,20,15,12,3,3,5,3,2,0,0
EL_290702,Κηρέως,7467,5211,226,0,0,668,248,96,32,16,27,29,8,16,18,8,6,38,23,10,10,1,5,11,0,0,1605
EL_290604,Κονιστρών,5269,3532,43,0,0,284,106,54,11,15,9,25,2,5,5,5,4,11,11,2,4,2,5,2,0,0,1330
EL_290605,Κύμης,10650,6987,145,0,2853,436,215,184,36,27,47,35,11,9,12,10,5,18,12,13,7,1,4,11,0,0,0
EL_290104,Ληλαντίων,12822,9267,244,0,3309,786,238,402,82,44,49,66,19,4,18,9,13,45,21,22,8,4,11,9,0,0,0
EL_290503,Μαρμαρίου,4136,1947,44,0,436,119,36,62,11,2,6,8,4,2,0,3,0,7,1,2,4,2,0,1,0,0,0
EL_290201,Μεσσαπίων,12844,9172,248,0,3553,410,235,240,72,36,47,47,17,12,19,19,11,21,13,25,19,4,12,6,0,0,0
EL_290105,Νέας Αρτάκης,7088,4629,99,0,0,478,170,156,34,31,38,34,6,4,9,12,7,19,3,9,4,1,7,4,0,0,1633
EL_290703,Νηλέως,3677,2371,67,0,842,203,88,33,5,8,8,19,6,5,3,7,2,9,0,6,19,2,2,1,1,0,0
EL_290800,Σκύρου,3962,2131,49,0,0,114,73,70,16,13,9,25,3,0,6,1,8,10,7,3,0,1,2,3,0,0,802
EL_290504,Στυρέων,4348,2229,36,0,741,110,60,61,15,6,10,17,10,4,7,6,5,5,8,9,5,0,2,4,0,0,0
EL_290601,Ταμυνέων,9296,6936,169,0,0,552,309,123,29,26,36,54,10,11,23,11,3,20,19,12,7,4,6,4,0,0,2611
EL_290101,Χαλκιδέων,42882,27923,722,0,10152,2233,1088,1231,216,189,203,175,35,32,77,42,48,106,47,52,33,3,26,12,1,0,0
EL_290405,Ωρεών,4434,2846,37,0,887,430,90,116,15,11,9,13,2,3,6,4,3,14,6,7,1,1,4,2,0,0,0
EL_290502,Καφηρέως,763,402,14,0,123,11,16,5,2,0,4,1,2,1,0,1,1,1,2,3,0,0,5,0,0,0,0
EL_290404,Λιχάδος,961,716,14,0,296,19,42,20,4,2,0,6,5,1,0,0,1,1,3,1,0,0,0,2,0,0,0
EL_300202,Αγράφων,2139,870,10,0,341,17,10,20,1,3,1,2,1,1,1,1,1,1,2,4,0,0,0,0,0,0,0
EL_300203,Απεραντίων,3405,1493,22,0,549,53,33,26,8,3,5,7,1,2,1,4,0,5,1,10,0,0,1,3,0,0,0
EL_300204,Ασπροποτάμου (Στερεας Ελλαδας),2403,1201,16,0,417,22,22,26,5,4,4,12,2,3,6,2,4,6,1,6,1,0,2,1,0,0,0
EL_300201,Βίνιανης,1759,967,20,0,339,44,24,24,4,3,1,3,5,0,1,1,1,3,1,0,2,0,0,0,0,0,0
EL_300102,Δομνίστας,2091,658,20,0,227,46,20,20,3,1,4,4,1,0,2,1,1,0,1,2,0,0,2,1,0,0,0
EL_300101,Καρπενησίου,9396,5283,140,0,2068,261,138,173,30,34,23,24,9,14,7,3,6,14,12,12,3,0,4,2,0,0,0
EL_300103,Κτημενίων,1731,870,14,0,275,30,17,40,7,11,6,12,5,0,3,1,1,0,3,0,1,0,0,1,0,0,0
EL_300104,Ποταμιάς (Στερεας Ελλαδας),6287,4224,43,0,1470,331,70,108,14,18,9,11,10,5,4,4,2,10,10,6,2,0,2,3,0,1,0
EL_300105,Προυσού,2376,682,17,0,201,30,13,19,3,2,3,0,0,2,2,1,1,0,0,1,0,0,0,1,0,0,0
EL_300106,Φουρνά,2033,1075,17,0,352,63,30,29,8,4,3,8,3,0,0,2,2,1,1,1,1,0,2,1,0,0,0
EL_300205,Φραγκίστας,3065,1648,20,0,663,68,26,39,7,2,4,7,2,1,9,1,3,1,0,2,3,0,1,2,0,0,0
EL_330102,Αλυκών,7622,3231,81,0,1158,411,77,58,19,16,7,10,5,2,11,3,5,12,5,3,6,6,3,2,0,0,0
EL_330103,Αρκαδίων,5423,2893,72,0,942,374,101,41,16,13,0,11,4,1,1,9,3,12,5,5,2,0,0,0,0,0,0
EL_330104,Αρτεμισίων,6448,3242,102,0,1116,597,87,37,26,15,2,8,2,2,1,7,0,15,4,3,1,2,4,0,0,0,0
EL_330105,Ελατίων,3437,1640,65,0,517,264,58,30,3,3,4,7,1,1,3,2,1,13,3,1,4,2,4,3,0,0,0
EL_330101,Ζακυνθίων,14926,8458,219,0,3167,866,295,152,59,65,17,50,11,9,9,19,6,28,17,11,11,0,3,5,1,0,0
EL_330106,Λαγανά,5952,3437,67,0,0,364,91,26,15,12,7,18,2,3,4,11,3,18,8,7,5,2,3,1,0,0,1340
EL_390302,Αλιφείρας,3306,1549,20,0,0,64,40,25,10,1,2,3,2,6,3,1,2,1,4,4,1,0,0,2,0,0,647
EL_390601,Αμαλιάδος,28972,16736,392,0,0,1027,621,327,84,73,43,69,14,58,29,28,21,38,40,30,13,7,8,9,0,0,6573
EL_390202,Ανδραβίδας,4058,2588,68,0,1001,111,69,46,15,11,8,16,5,4,5,4,3,9,8,3,5,0,3,2,0,0,0
EL_390303,Ανδριτσαίνης,2622,1292,20,0,417,76,46,63,6,4,8,3,1,2,4,3,2,2,2,7,2,1,1,1,0,0,0
EL_390401,Αρχαίας Ολυμπίας,12271,7072,185,0,2672,382,245,110,35,20,20,24,15,13,10,8,14,25,14,16,6,6,2,4,0,0,0
EL_390702,Βαρθολομιού,5286,3199,52,0,1249,177,95,71,12,9,13,17,4,4,5,7,12,4,6,7,2,1,1,1,0,4,0
EL_390203,Βουπρασίας,9555,5559,127,0,0,224,123,68,26,23,16,36,11,13,10,2,4,18,11,25,7,2,4,7,0,0,2201
EL_390102,Βώλακος,3570,2288,58,0,645,122,64,45,10,10,9,7,2,4,4,4,3,6,1,6,2,2,3,0,0,0,0
EL_390701,Γαστούνης,8044,4800,135,0,0,220,116,97,32,16,15,22,5,4,14,8,12,5,3,12,5,2,4,1,0,0,1974
EL_390501,Ζαχάρως,10865,6174,103,0,2145,418,184,179,28,16,12,25,12,6,14,8,14,9,10,13,6,1,5,5,0,0,0
EL_390103,Ιαρδάνου,4649,2928,69,0,0,246,63,94,16,8,6,13,2,12,7,3,4,6,3,1,4,0,3,1,0,0,1166
EL_390204,Κάστρου - Κυλλήνης,3533,2342,58,0,889,125,52,46,12,8,9,18,2,5,2,4,6,6,5,1,1,0,0,2,0,0,0
EL_390402,Λαμπείας,1754,933,15,0,375,59,29,16,2,1,3,4,3,0,0,1,3,3,4,3,1,2,0,0,0,0,0
EL_390403,Λασιώνος,2408,1395,26,0,0,65,46,22,8,6,6,8,4,2,6,2,1,7,6,9,0,3,2,1,0,0,426
EL_390201,Λεχαινών,5683,3339,93,0,1354,182,101,62,16,19,9,14,2,6,11,5,3,8,11,6,4,0,1,2,2,0,0
EL_390602,Πηνείας,6578,3759,90,0,0,154,80,51,13,9,6,22,4,6,3,2,4,7,5,8,7,3,4,3,0,0,1104
EL_390101,Πύργου,36678,20220,566,0,7402,1470,674,464,112,77,60,105,18,49,50,32,27,79,38,40,16,12,9,9,0,0,0
EL_390301,Σκιλλούντος,12260,6858,172,0,2264,386,315,113,30,17,14,28,12,17,16,12,10,21,9,12,5,3,8,2,0,0,0
EL_390703,Τραγανού,3400,1937,40,0,790,41,42,48,6,3,2,6,4,1,8,0,1,6,5,4,2,0,1,7,0,0,0
EL_390502,Φιγαλείας,2700,1443,19,0,390,40,35,33,6,1,3,6,3,4,3,4,4,4,0,3,1,1,1,1,0,0,0
EL_390404,Φολόης,4436,2643,51,0,1037,117,106,38,17,9,8,8,3,4,5,1,1,3,7,3,1,3,2,1,0,0,0
EL_390104,Ωλένης,8561,5153,94,0,2001,314,166,102,17,9,10,25,10,12,4,8,19,27,17,11,2,3,9,3,0,0,0
EL_080201,Αλεξάνδρειας,16747,12877,338,0,4632,680,352,756,68,72,72,70,22,20,142,16,41,46,35,28,13,1,10,12,1,0,0
EL_080302,Ανθεμίων,8138,6311,118,0,2203,459,82,324,30,19,39,18,15,8,221,3,7,14,17,9,7,1,4,85,1,0,0
EL_080202,Αντιγονιδών,6066,4750,100,0,1727,224,75,219,21,23,28,27,5,6,60,6,3,11,11,10,5,1,3,6,0,0,0
EL_080102,Αποστόλου Παύλου,9778,6821,175,0,2245,467,152,492,34,39,39,32,13,6,84,9,7,24,16,21,13,2,4,4,0,0,0
EL_080103,Βεργίνας,3535,2468,63,0,0,278,54,155,15,6,11,9,4,2,62,7,3,12,7,3,0,0,2,4,0,0,837
EL_080101,Βέροιας,37675,26210,688,0,8031,2664,980,1665,205,170,172,156,42,42,461,53,29,99,61,56,23,5,26,20,0,0,0
EL_080104,Δοβρά,6291,4806,115,0,1544,447,110,299,29,17,34,26,5,3,144,8,6,26,12,10,3,1,2,8,0,0,0
EL_080303,Ειρηνούπολης,4559,3461,50,0,1131,158,62,165,14,10,18,24,7,5,134,4,2,16,7,6,2,2,4,45,0,0,0
EL_080105,Μακεδονίδος,3544,2678,92,0,0,185,98,119,13,9,10,13,5,7,20,8,4,7,7,10,6,0,1,1,1,0,1001
EL_080203,Μελίκης,8822,6367,146,0,1896,221,124,348,21,27,29,22,9,7,101,12,5,19,12,22,6,0,7,5,0,0,0
EL_080301,Νάουσας,20941,15165,384,0,4195,2421,624,905,151,108,124,72,16,31,177,31,19,96,44,39,17,2,21,21,0,0,0
EL_080204,Πλατέος,12588,8831,236,0,2947,531,162,562,30,41,41,37,13,12,79,7,11,9,18,26,15,1,6,8,1,0,0
EL_710602,Αρκαλοχωρίου,11486,8067,155,0,0,261,178,55,27,20,17,22,2,6,16,6,1,9,21,15,9,2,0,0,0,0,2696
EL_710202,Αρχανών,4611,3304,60,0,0,392,122,9,15,12,9,7,0,4,11,1,1,8,13,5,1,0,1,1,0,0,893
EL_710203,Αστερουσιών,6945,5003,74,0,0,144,95,30,9,20,2,6,2,2,12,4,0,14,19,7,1,1,2,0,0,0,1771
EL_710300,Βιάννου,7432,4689,71,0,0,325,194,22,14,6,2,18,3,7,14,6,1,14,17,7,2,1,2,2,0,0,1439
EL_710501,Γαζίου,8969,6681,158,0,0,333,173,94,31,21,14,17,3,8,12,1,3,9,22,9,14,2,3,2,0,0,2348
EL_710102,Γοργολαΐνη,3352,2379,53,0,0,100,39,18,3,4,0,4,0,1,3,1,0,2,7,4,2,0,2,2,0,0,839
EL_710401,Γόρτυνας,6048,4023,66,0,0,100,93,40,13,3,2,7,1,5,23,8,1,5,39,2,4,3,3,0,0,0,1247
EL_710801,Γουβών,4893,3681,64,0,0,109,80,40,7,8,7,17,1,2,15,1,2,5,16,1,1,2,2,0,0,0,1460
EL_710802,Επισκοπής,2680,1912,39,0,0,75,40,16,3,6,4,7,0,2,7,2,1,4,11,3,1,0,0,1,0,0,696
EL_710702,Ζαρού,3267,2196,35,0,0,29,20,20,2,5,4,1,2,0,4,0,3,2,11,2,0,0,0,0,0,0,763
EL_710603,Θραψανού,2300,1908,44,0,0,43,48,12,12,3,3,3,0,3,1,1,0,0,2,1,0,0,1,1,0,0,703
EL_710601,Καστελλίου,6843,4389,78,0,0,100,100,40,17,8,5,10,1,3,18,6,3,4,13,10,4,0,2,3,0,0,1460
EL_710403,Κόφινα,5288,3667,112,0,0,133,70,36,5,9,3,10,1,0,16,7,2,9,15,2,2,1,2,1,1,0,1257
EL_710502,Κρουσώνα,3756,2652,34,0,0,41,49,14,10,6,1,3,2,5,8,2,2,2,10,3,2,1,0,2,0,0,1115
EL_710803,Μαλίων,4380,3242,73,0,0,64,56,41,7,11,14,11,2,0,4,4,1,4,27,8,2,0,3,3,0,0,1062
EL_710701,Μοιρών,9962,6815,105,0,0,241,120,40,12,18,8,20,3,6,10,4,1,9,14,9,5,0,2,4,0,0,1932
EL_710103,Νέας Αλικαρνασσού,8840,6614,188,0,0,666,179,118,33,30,17,48,9,5,19,8,3,26,40,7,4,2,8,3,0,1,2041
EL_710201,Νίκου Καζαντζάκη,7512,5625,101,0,0,306,119,27,14,10,1,9,0,6,12,2,1,14,16,2,3,1,2,1,0,0,1873
EL_710104,Πάλιανης,2208,1562,33,0,0,34,36,12,5,5,1,4,1,0,3,3,0,3,5,7,2,0,0,1,0,0,425
EL_710404,Ρούβα,3054,1846,35,0,0,120,40,9,6,4,1,4,1,9,4,1,2,3,8,2,0,0,0,2,0,0,572
EL_710105,Τεμένους,3298,2186,30,0,0,226,38,18,9,4,3,5,0,0,5,1,0,10,5,3,2,0,2,1,0,0,695
EL_710503,Τυλίσου,4287,2924,55,0,0,175,82,17,5,7,4,3,2,0,10,0,0,2,11,5,2,0,0,1,1,0,973
EL_710703,Τυμπακίου,9135,6292,63,0,0,178,103,55,20,15,10,27,3,2,12,5,4,9,28,10,4,3,3,0,0,0,2217
EL_710804,Χερσονήσου,5358,4002,76,0,0,142,139,77,17,14,5,14,4,2,18,8,1,6,13,4,3,0,4,0,0,0,1421
EL_200202,Αχέροντα,3209,1727,27,0,705,119,37,25,6,2,4,1,0,2,6,0,1,16,3,4,1,1,1,0,0,0,0
EL_200101,Ηγουμενίτσης,12511,7684,190,0,2810,458,329,265,58,53,29,52,9,20,20,16,5,47,20,17,4,7,7,7,0,0,0
EL_200102,Μαργαριτίου,4908,2154,35,0,825,80,71,36,6,8,21,6,2,4,1,5,0,7,4,1,0,0,2,1,0,0,0
EL_200201,Παραμυθιάς,12657,6202,114,0,2366,475,203,123,34,19,12,22,6,16,26,17,3,44,10,12,5,4,2,5,0,0,0
EL_200103,Παραποτάμου,2246,1226,20,0,466,62,31,29,6,4,7,5,1,0,0,2,5,6,0,4,2,1,1,3,0,0,0
EL_200302,Σαγιάδας,2491,1448,25,0,0,152,42,28,11,4,4,8,2,6,3,5,2,17,7,6,1,4,2,1,0,0,546
EL_200105,Συβότων,3618,2177,34,0,801,101,58,54,7,4,9,12,4,6,5,5,4,5,4,3,3,1,0,0,0,0,0
EL_200301,Φιλιατών,12847,5377,88,0,1928,332,183,122,29,18,12,25,3,9,10,8,2,31,11,8,5,4,9,1,0,0,0
EL_200104,Πέρδικας,2209,1143,10,0,381,107,29,14,4,7,2,5,0,4,0,1,0,4,3,3,0,0,2,1,0,0,0
EL_200203,Σουλίου,1244,714,8,0,225,42,22,13,2,1,2,2,1,1,1,0,0,7,1,3,0,0,1,0,0,0,0
EL_180102,Ανατολής,4704,3666,77,0,1314,211,117,94,32,17,22,14,3,8,20,5,3,22,8,14,2,4,5,3,0,0,0
EL_180402,Ανατολικού Ζαγορίου,3451,1928,36,0,648,55,45,45,12,4,2,9,4,2,3,21,1,3,2,5,2,0,2,1,0,0,0
EL_180802,Άνω Καλαμά,3974,2123,48,0,725,288,102,24,20,8,8,8,6,13,11,5,6,13,5,10,2,0,6,2,0,0,0
EL_180803,Άνω Πωγωνίου,4327,1567,24,0,489,127,70,55,12,7,6,5,1,4,9,5,9,5,4,5,0,0,0,0,0,0,0
EL_180804,Δελβινακίου,6029,1913,45,0,669,182,51,49,11,11,9,10,7,9,7,2,8,8,5,4,0,0,2,1,0,0,0
EL_180302,Δωδώνης,3803,2004,43,0,654,123,47,60,9,4,8,16,3,8,9,4,3,14,10,6,7,0,3,2,0,0,0
EL_180502,Εκάλης (Ηπειρου),2280,1588,39,0,608,138,56,24,8,4,5,8,2,7,3,3,3,8,2,6,0,1,2,0,0,0,0
EL_180503,Ευρυμενών (Ηπειρου),3257,1945,46,0,715,268,79,47,5,5,1,6,1,2,4,3,1,10,4,3,0,1,0,0,0,0,0
EL_180504,Ζίτσας,2933,1840,34,0,0,453,76,29,8,11,5,7,1,55,11,6,0,15,3,7,1,0,3,2,0,0,524
EL_180101,Ιωαννιτών,37620,26099,799,0,8139,2502,1572,778,301,242,114,193,33,149,163,75,31,122,49,37,30,25,28,17,0,0,0
EL_180801,Καλπακίου,3099,1701,29,0,572,199,70,35,5,13,9,8,3,7,7,1,1,10,5,2,3,0,2,2,0,0,0
EL_180204,Κατσανοχωρίων,3604,2255,45,0,0,174,87,27,9,9,9,11,3,8,5,7,2,8,10,7,3,2,4,0,0,0,860
EL_180401,Κεντρικού Ζαγορίου,2958,1637,32,0,535,146,68,36,14,13,6,14,1,6,9,7,3,3,3,1,1,0,2,2,0,0,0
EL_180601,Κόνιτσας,9114,4474,76,0,1412,359,179,87,19,11,19,23,7,6,19,14,2,10,16,13,4,5,5,1,0,0,0
EL_180303,Λάκκας Σουλίου,4862,2421,36,0,700,77,49,56,11,7,5,7,3,2,6,7,1,3,4,4,3,0,1,3,0,0,0
EL_180604,Μαστοροχωρίων,4294,1623,40,0,546,280,95,33,13,9,3,3,2,3,4,14,3,11,4,0,1,0,1,2,0,0,0
EL_180701,Μετσόβου,4851,3406,108,0,799,243,88,193,18,6,18,20,8,12,3,7,3,17,5,3,5,3,1,2,0,0,0
EL_180505,Μολοσσών,4977,2365,46,0,862,256,92,34,13,10,8,11,4,5,14,5,1,44,3,3,7,0,2,4,2,0,0
EL_180103,Μπιζανίου,4414,3165,63,0,1182,317,177,54,23,16,5,27,4,9,7,11,2,15,4,5,5,0,1,1,0,0,0
EL_180105,Παμβώτιδος,10957,7774,263,0,2919,539,269,158,46,47,26,65,10,30,33,17,8,48,18,16,12,12,11,4,0,0,0
EL_180501,Πασαρώνος,8377,6006,119,0,2068,1078,276,97,36,25,24,40,8,16,17,17,7,40,11,21,7,5,6,2,0,0,0
EL_180201,Πραμάντων,2880,1462,16,0,0,179,59,9,1,4,5,9,2,7,10,1,2,9,2,5,2,0,1,0,0,0,526
EL_180304,Σελλών,4292,2107,45,0,713,124,49,50,12,11,5,14,3,2,6,6,4,5,6,3,3,0,0,2,0,0,0
EL_180207,Τζουμέρκων,2859,1976,52,0,0,122,79,25,12,8,4,16,3,7,18,5,2,18,6,11,4,0,1,2,0,0,697
EL_180405,Τύμφης,2503,1529,27,0,473,76,40,23,4,11,4,6,2,4,14,6,0,5,2,2,1,0,1,1,0,0,0
EL_180602,Αετομηλίτσης,189,58,0,0,8,4,4,0,0,0,0,0,0,1,1,0,0,2,0,0,0,0,0,0,0,0,0
EL_180202,Βαθυπέδου,324,154,7,0,0,16,4,2,0,1,0,3,0,0,0,0,0,2,1,1,0,0,0,0,0,0,43
EL_180403,Βοβούσης,354,206,2,0,59,9,8,2,0,3,1,0,0,3,1,0,0,2,1,0,1,0,0,0,0,0,0
EL_180603,Διστράτου,672,364,2,0,97,49,6,9,0,0,8,2,0,0,0,0,0,1,1,0,0,0,0,0,0,0,0
EL_180203,Καλαριτών,1048,265,4,0,85,43,4,0,2,0,0,2,0,0,1,0,0,4,1,0,1,0,1,0,0,0,0
EL_180805,Λάβδανης,219,85,0,0,27,14,1,2,1,0,0,0,0,0,0,0,0,2,0,0,0,0,0,0,0,0,0
EL_180205,Ματσουκίου,561,284,4,0,97,18,11,8,3,2,2,2,1,0,3,0,0,0,2,0,0,0,0,0,0,0,0
EL_180703,Μηλέας,915,574,16,0,180,61,20,6,0,3,5,4,0,13,5,0,0,7,1,1,0,0,0,0,0,0,0
EL_180104,Νήσου Ιωαννίνων,637,449,13,0,0,41,18,9,2,5,4,3,2,1,2,2,0,3,0,0,0,0,0,0,0,0,170
EL_180404,Παπίγκου,345,185,5,0,54,6,10,7,0,0,3,1,1,2,1,0,1,1,0,0,1,0,1,0,0,0,0
EL_180806,Πωγωνιανής,654,339,5,0,125,12,27,9,2,3,0,0,0,2,2,1,0,1,3,0,0,0,0,0,0,0,0
EL_180206,Σιράκου,1099,573,7,0,0,25,32,6,3,3,0,3,0,0,0,3,1,2,1,1,0,0,0,0,0,0,215
EL_180605,Φούρκας,359,108,1,0,15,1,1,4,3,0,0,0,0,0,0,0,0,0,0,0,0,0,0,0,0,0,0
EL_050301,Ελευθερούπολης,11278,7593,227,0,2639,359,205,214,41,45,43,31,11,3,84,16,10,17,21,15,8,4,4,8,0,0,0
EL_050302,Ελευθερών,6864,5431,115,0,1989,205,133,135,27,27,26,23,13,4,51,5,3,12,15,8,7,6,8,3,0,0,0
EL_040100,Θάσου,14455,10114,234,0,2838,1815,553,206,45,45,34,46,18,14,43,17,8,57,12,17,9,15,5,7,0,1,0
EL_050101,Καβάλας,52152,35190,1196,0,11296,3372,1581,1399,267,270,230,182,135,53,313,58,56,134,74,56,34,23,32,16,3,0,0
EL_050202,Κεραμωτής,6320,4566,98,0,1473,131,88,131,16,13,14,23,4,7,23,3,4,7,7,11,6,3,7,1,0,0,0
EL_050203,Ορεινού,4630,2145,33,0,858,93,35,66,7,6,17,9,3,2,119,1,6,2,6,5,1,3,1,1,0,0,0
EL_050303,Ορφανού,5724,4216,106,0,1322,230,72,137,19,24,21,18,6,3,72,3,7,8,7,12,6,8,2,2,0,0,0
EL_050304,Παγγαίου,6680,4250,87,0,1090,140,76,211,10,10,12,16,8,2,36,9,2,8,7,7,3,5,3,2,0,0,0
EL_050305,Πιερέων,6373,4284,99,0,1663,152,79,124,15,14,19,11,6,0,44,8,3,13,9,10,4,5,2,3,1,0,0
EL_050102,Φιλίππων,15508,9531,283,0,3313,380,154,284,36,35,57,37,25,11,145,22,14,27,29,30,9,13,12,6,0,0,0
EL_050201,Χρυσούπολης,16963,11549,305,0,4142,410,244,353,63,47,48,49,18,14,90,13,8,27,26,30,5,12,8,8,0,0,0
EL_230201,Αργιθέας,3410,1345,23,0,406,45,25,24,8,5,2,5,1,0,3,4,8,3,3,1,1,0,0,0,0,0,0
EL_230602,Άρνης,3958,2720,50,0,944,233,55,68,8,5,13,7,5,3,1,4,6,11,2,20,3,0,6,2,0,0,0
EL_230203,Αχελώου,1812,758,4,0,249,37,19,26,4,2,2,1,2,0,1,1,0,3,1,1,0,0,0,0,0,0,0
EL_230402,Ιθώμης (Θεσσαλιας),3956,2090,52,0,625,126,64,74,12,6,7,13,7,8,16,8,2,9,4,2,1,0,0,0,0,0,0
EL_230102,Ιτάμου,6208,4113,104,0,1278,803,114,105,9,11,16,16,6,10,13,12,7,23,2,11,4,3,8,3,0,0,0
EL_230103,Καλλιφώνου,4332,2847,70,0,1036,249,82,66,7,6,10,7,9,3,2,9,1,8,8,9,3,5,4,0,0,0,0
EL_230104,Κάμπου,6125,4428,77,0,1484,326,113,130,12,12,14,14,13,3,11,5,5,26,8,8,3,3,3,3,0,0,0
EL_230101,Καρδίτσας,30118,20405,593,0,6371,2578,758,583,148,116,119,114,124,44,69,31,26,99,36,53,28,11,21,11,0,0,0
EL_230603,Μενελαΐδας,3449,2326,54,0,744,240,47,40,10,4,7,6,29,4,5,8,2,14,3,6,2,0,4,2,0,0,0
EL_230105,Μητρόπολης,5253,3858,122,0,1284,605,67,77,11,13,17,15,10,0,2,9,4,21,6,6,4,1,4,3,0,0,0
EL_230401,Μουζακίου,12956,7807,100,0,2339,339,145,247,36,19,22,17,27,9,10,5,5,19,17,15,7,1,3,5,0,0,0
EL_230302,Νεβρόπολης Αγράφων,4364,2672,45,0,979,195,63,58,7,5,13,6,17,3,6,4,4,11,3,3,1,2,2,1,0,0,0
EL_230501,Παλαμά,10016,6867,115,0,2228,644,164,166,29,10,21,26,29,4,10,8,4,19,14,15,9,1,5,4,0,0,0
EL_230403,Παμίσου,6302,3963,75,0,1097,297,60,95,11,10,8,60,34,7,8,2,9,8,10,8,5,3,10,3,0,0,0
EL_230301,Πλαστήρα,4305,2565,51,0,869,382,91,50,15,6,10,5,5,2,6,3,1,4,2,10,4,2,2,2,0,0,0
EL_230502,Σελλάνων,6115,4077,66,0,1450,217,64,82,6,10,7,5,12,2,10,27,0,7,6,11,1,1,1,2,0,0,0
EL_230601,Σοφάδων,12895,9081,160,0,3148,634,196,216,24,22,45,43,29,10,16,10,22,24,12,24,6,4,9,3,0,0,0
EL_230605,Ταμασίου,5227,3076,40,0,945,410,69,91,12,6,11,3,19,15,8,2,7,12,4,4,2,2,2,18,0,0,0
EL_230503,Φύλλου,4462,3232,42,0,1023,319,40,50,12,4,7,5,2,3,5,3,5,12,4,6,2,4,4,0,0,0,0
EL_230202,Ανατολικής Αργιθέας,3377,975,12,0,397,42,26,16,4,5,1,5,3,2,1,1,1,2,3,4,1,0,0,1,0,0,0
EL_160102,Αγίας Τριάδος,6307,4097,98,0,1278,208,67,131,15,19,9,17,8,4,95,3,34,7,8,5,7,1,0,13,0,0,0
EL_160302,Ακριτών,1916,1047,18,0,123,22,8,31,4,5,0,3,0,1,57,1,5,1,0,1,0,0,1,0,0,0,0
EL_140301,Νεάπολης (Δυτικης Μακεδονιας),5251,3115,58,0,689,83,42,121,10,8,8,9,14,0,183,5,9,8,3,2,1,0,1,7,0,0,0
EL_160104,Βιτσίου,2487,1222,25,0,442,45,35,31,9,4,5,6,2,1,33,1,0,1,2,3,0,0,1,10,0,0,0
EL_160202,Ίωνος Δραγούμη,4433,2892,82,0,765,144,61,124,12,11,8,10,3,5,22,5,10,8,1,0,1,1,4,9,0,0,0
EL_160101,Καστοριάς,13975,8930,254,0,2087,377,314,349,75,49,42,50,24,12,169,10,51,19,10,16,5,5,2,21,0,0,0
EL_160106,Κλεισούρας,712,440,18,0,162,10,4,13,3,3,1,4,0,3,10,0,1,1,1,3,1,0,1,3,0,0,0
EL_160107,Κορεστίων,2554,794,27,0,271,60,9,18,6,7,6,1,1,0,18,5,1,1,2,3,1,0,1,11,0,0,0
EL_160108,Μακέδνων,2993,2123,98,0,688,116,64,62,13,7,4,10,6,2,47,3,14,7,2,3,2,0,1,2,0,0,0
EL_160301,Νεστορίου,4910,1775,39,0,616,106,65,50,13,9,6,1,2,2,11,2,7,14,7,5,1,0,0,8,0,0,0
EL_160201,Άργους Ορεστίκού,10038,6298,158,0,1867,361,184,187,35,27,26,20,11,2,80,14,13,18,5,4,6,1,2,6,0,0,0
EL_160303,Αρρένων,1706,747,14,0,216,31,10,15,2,2,1,3,0,1,4,0,1,0,0,2,0,1,1,1,0,0,0
EL_160304,Γράμου,192,134,0,0,23,13,2,0,1,2,1,1,0,0,0,0,0,1,0,0,0,0,0,0,0,0,0
EL_160105,Καστρακίου,1335,629,8,0,158,9,22,10,1,1,0,2,0,0,8,1,0,1,1,2,0,0,0,1,0,0,0
EL_320102,Αχιλλείων,11635,6165,167,0,1908,678,277,127,49,38,46,37,9,21,52,8,9,30,15,12,6,3,8,7,0,0,0
EL_320203,Εσπερίων,8502,4723,143,0,1584,634,214,64,28,20,31,27,5,10,55,8,1,41,5,8,0,6,3,3,0,0,0
EL_320201,Θιναλίου,5891,3427,99,0,0,507,196,65,24,13,19,16,2,4,20,11,3,13,10,6,3,1,7,3,0,0,1185
EL_320204,Κασσωπαίων,2544,1612,30,0,565,154,80,13,18,8,10,11,4,0,9,0,3,10,3,5,2,1,1,0,0,0,0
EL_320101,Κερκυραίων,31421,17384,470,0,5496,1969,889,470,214,161,135,79,32,43,123,27,23,84,30,40,23,14,30,9,0,0,0
EL_320302,Κορισσίων,6817,3730,106,0,0,407,136,65,21,22,15,16,14,7,30,2,5,21,11,6,2,2,4,4,0,1,1412
EL_320301,Λευκιμμαίων,7370,4505,102,0,1431,759,324,59,48,22,18,25,13,16,21,11,3,27,5,10,3,3,1,2,0,0,0
EL_320303,Μελιτειέων,6582,4219,169,0,1321,673,208,60,52,21,20,15,7,13,21,11,3,36,9,6,2,5,5,5,0,0,0
EL_320106,Παλαιοκαστριτών,4892,2726,76,0,839,303,139,43,18,14,13,18,7,3,22,2,2,12,1,5,3,3,1,3,0,0,0
EL_320400,Παξών,2679,1536,37,0,499,224,119,30,10,12,10,11,0,2,2,2,2,7,3,9,1,3,1,2,0,0,0
EL_320107,Παρελίων,7210,4173,102,0,1316,544,169,72,36,34,19,26,7,10,22,10,4,16,7,17,3,1,9,3,0,0,0
EL_320108,Φαιάκων,5742,3652,95,0,0,420,172,76,42,24,30,18,3,7,21,1,5,18,7,15,3,1,5,4,0,0,1323
EL_320103,Ερεικούσσης,680,194,2,0,42,0,1,1,0,0,0,3,0,0,0,1,1,0,0,0,0,0,0,0,0,0,0
EL_320104,Μαθρακίου,563,156,3,0,56,5,2,0,0,1,0,0,0,0,4,0,0,0,0,0,0,1,0,0,0,0,0
EL_320105,Οθωνών,641,204,2,0,69,8,4,1,1,0,4,0,1,0,4,0,0,0,2,0,0,1,0,0,0,0,0
EL_350101,Αργοστολίου,15060,6172,253,0,1702,947,252,217,51,48,44,50,6,19,22,7,11,37,9,11,3,0,14,4,0,0,0
EL_350102,Ελειού - Πρόνων,6459,2550,84,0,753,306,93,70,21,12,10,11,3,5,10,1,2,16,7,6,8,0,0,4,0,0,0
EL_350302,Ερίσου,3216,1007,16,0,319,176,31,14,9,7,7,6,2,8,5,1,1,10,4,3,0,0,1,0,0,0,0
EL_340100,Ιθάκης,5523,2192,61,0,698,418,119,31,18,7,18,21,8,17,4,8,1,9,3,9,2,0,5,0,0,0,0
EL_350103,Λειβαθούς,6467,2834,83,0,926,328,117,75,30,14,11,20,5,12,7,8,3,17,5,5,5,0,7,5,0,0,0
EL_350200,Παλικής,10712,4675,129,0,1399,998,175,115,41,17,36,38,10,10,9,8,6,50,15,15,5,0,12,3,0,0,0
EL_350303,Πυλαρέων,2616,1045,24,0,342,134,26,20,9,10,5,6,2,1,0,3,2,5,1,1,0,0,0,0,0,0,0
EL_350301,Σάμης,5325,1817,66,0,594,317,74,33,22,9,9,18,5,5,0,4,3,20,5,7,4,0,3,2,0,0,0
EL_350104,Ομαλών,1352,672,31,0,176,89,18,19,5,0,1,4,0,5,1,1,0,7,2,2,1,0,1,1,0,0,0
EL_090202,Αξιούπολης,8748,6218,141,0,2037,428,205,325,37,36,35,23,8,14,62,10,9,26,16,16,8,6,2,11,0,0,0
EL_090102,Γαλλικού,8326,6279,139,0,2053,556,96,331,22,27,39,24,12,11,279,4,26,30,12,11,5,7,7,5,1,0,0
EL_090203,Γουμένισσας,9535,6176,149,0,2028,395,146,357,21,44,36,26,15,8,72,8,5,16,15,19,7,11,3,95,0,0,0
EL_090103,Δοϊράνης,3251,2324,39,0,708,284,40,165,9,9,14,5,0,1,43,0,5,7,5,6,3,3,2,0,0,0,0
EL_090204,Ευρωπού,5742,4575,86,0,1414,351,81,258,18,16,32,17,8,4,36,5,8,15,6,17,3,4,2,2,0,0,0
EL_090101,Κιλκίς,22608,15762,310,0,4612,2003,501,1221,74,113,72,44,24,27,296,19,20,74,39,31,13,29,21,6,2,2,0
EL_090104,Κρουσσών,12869,8242,114,0,1851,877,144,610,17,19,37,17,14,4,198,6,9,30,12,11,5,9,8,2,2,0,0
EL_090105,Μουριών,6011,3508,58,0,914,128,41,192,10,20,12,18,10,5,27,8,3,13,5,13,2,4,8,0,0,0,0
EL_090106,Πικρολίμνης,9459,6972,118,0,1609,612,183,484,23,33,42,15,11,6,117,6,9,21,14,12,4,7,5,1,0,0,0
EL_090201,Πολυκάστρου,15508,10588,232,0,3124,687,242,694,43,54,54,36,26,23,232,13,19,34,12,20,8,7,8,9,2,0,0
EL_090107,Χέρσου,5704,3774,58,0,1122,534,105,249,15,21,20,9,6,3,92,4,5,21,5,9,3,2,5,3,0,0,0
EL_090205,Λιβαδίων,967,660,12,0,89,8,12,51,3,2,3,3,0,2,14,0,0,0,0,1,0,0,1,2,0,0,0
EL_140102,Αιανής,4796,3543,77,0,1294,328,129,65,15,40,11,20,9,10,29,6,5,12,4,14,6,3,1,2,0,0,0
EL_140302,Ασκίου,6828,4323,130,0,1321,254,104,111,18,31,17,17,31,10,39,5,7,5,12,10,7,1,2,4,0,0,0
EL_140200,Βελβεντού,4850,2976,64,0,1054,254,104,51,16,31,14,11,3,1,13,6,2,13,7,10,1,3,2,6,0,0,0
EL_140403,Βερμίου,4566,3190,66,0,0,267,104,73,7,18,15,10,4,12,172,3,2,12,10,9,5,3,3,1,0,0,1117
EL_140103,Δημητρίου Υψηλάντη,3900,2656,58,0,892,287,91,42,16,17,7,11,3,3,108,2,5,8,8,6,2,0,2,3,0,0,0
EL_140104,Ελιμείας,7386,5739,132,0,1981,428,175,143,19,81,14,24,18,7,28,3,3,26,14,17,4,4,2,2,0,0,0
EL_140105,Ελλησπόντου,10489,7465,175,0,2505,305,109,169,21,54,32,23,53,4,451,12,11,11,20,13,4,3,6,3,0,0,0
EL_140502,Καμβουνίων,3021,2272,50,0,767,311,42,43,14,19,10,9,6,2,16,10,3,4,8,9,3,0,3,1,0,0,0
EL_140101,Κοζάνης,36515,26576,674,0,8626,1739,842,829,193,791,94,126,76,43,448,28,27,65,57,45,20,14,19,18,0,0,0
EL_140405,Μουρικίου,5910,4231,94,0,1388,272,50,97,13,17,11,19,5,13,70,4,13,16,11,19,6,5,2,22,0,0,0
EL_140401,Πτολεμαΐδας,26741,21325,535,0,6787,1797,630,575,106,156,106,101,37,64,309,25,77,56,35,41,12,9,9,119,4,0,0
EL_140501,Σερβίων,14313,8877,195,0,3227,675,264,174,27,51,20,44,18,20,191,17,11,24,23,29,11,11,8,4,0,0,0
EL_140304,Σιάτιστας,7434,5077,160,0,1556,554,149,147,19,29,16,15,56,3,19,9,7,13,8,6,7,5,3,2,0,0,0
EL_140305,Τσοτυλίου,8665,4266,72,0,1275,206,102,152,24,36,18,14,9,6,48,3,9,2,5,5,6,1,3,5,0,0,0
EL_140404,Βλάστης,1383,696,15,0,216,25,16,21,1,3,3,0,3,3,5,1,1,1,1,1,0,0,0,1,0,0,0
EL_140503,Λιβαδερού,2298,1205,27,0,374,72,43,29,8,15,4,3,4,6,2,2,3,6,6,5,2,7,2,0,0,0,0
EL_140303,Πενταλόφου,1673,787,17,0,311,54,27,16,3,3,4,0,1,1,1,0,0,2,2,1,1,1,0,0,0,0,0
EL_420302,Αγίων Θεοδώρων,3021,2325,49,0,826,232,136,109,24,10,11,15,3,4,1,2,4,12,2,2,4,0,4,1,0,0,0
EL_420102,Άσσου - Λεχαίου,6160,3976,123,0,1503,169,163,208,40,29,23,20,10,6,8,12,10,11,10,5,3,0,3,4,0,0,0
EL_420202,Βέλου,8031,5523,127,0,2023,238,129,306,32,26,15,34,14,10,18,7,13,13,16,16,6,0,4,1,0,0,0
EL_420201,Βόχας,9954,5922,131,0,2333,198,163,273,34,37,27,29,13,12,11,10,8,12,10,16,2,0,7,4,0,0,0
EL_420502,Ευρωστίνης,6378,3866,57,0,1449,126,140,87,22,15,14,17,5,2,13,5,6,5,3,5,2,0,1,6,1,0,0
EL_420101,Κορινθίων,28045,19454,510,0,7170,1111,723,861,140,120,95,137,66,21,53,31,49,38,40,28,16,1,7,10,0,0,0
EL_420301,Λουτρακίου - Περαχώρας,12291,8770,172,0,2826,780,411,518,74,52,32,56,19,21,39,19,17,23,21,20,2,0,4,3,0,0,0
EL_420400,Νεμέας,8614,5294,97,0,1836,203,134,217,28,24,21,29,8,7,29,8,17,11,9,17,8,0,3,2,0,0,0
EL_420501,Ξυλοκάστρου,16073,10283,166,0,3822,443,384,305,58,46,34,44,26,20,137,26,19,23,15,22,10,0,6,6,0,0,0
EL_420103,Σαρωνικού (Πελοποννησου),4450,3202,64,0,1127,128,106,147,17,7,15,17,7,2,10,3,6,9,3,3,2,0,0,4,0,0,0
EL_420601,Σικυωνίων,17843,11598,300,0,4269,642,375,480,83,48,47,59,24,24,47,19,29,26,21,14,13,0,4,10,0,0,0
EL_420104,Σολυγείας,3143,2043,38,0,604,52,42,61,14,17,10,9,6,4,5,2,2,4,5,5,2,0,0,1,0,0,0
EL_420602,Στυμφαλίας,4423,2614,29,0,931,65,44,82,8,44,14,8,3,9,15,4,2,6,7,5,4,0,0,1,1,0,0
EL_420105,Τενέας,5227,3762,76,0,1390,110,81,146,19,16,11,20,7,3,19,2,10,8,6,3,5,0,1,2,0,0,0
EL_420603,Φενεού,3693,1849,39,0,609,88,54,54,14,3,3,9,4,0,1,4,3,1,5,2,1,0,0,1,0,0,0
EL_670100,Αμοργού,2052,1099,29,0,359,56,41,22,0,5,5,10,6,2,3,3,3,2,9,0,1,0,3,1,0,0,0
EL_590101,Άνδρου,6341,2849,51,0,539,110,110,70,19,17,16,25,6,4,5,6,5,2,2,4,3,0,3,3,0,0,0
EL_580102,Άνω Σύρου,3364,2224,103,0,758,83,99,25,28,19,16,17,3,3,5,11,9,5,8,2,4,0,0,5,0,0,0
EL_670203,Δρυμαλίας,10398,4427,85,0,1683,407,189,53,34,8,13,12,6,17,8,4,3,12,3,6,3,0,2,4,0,0,0
EL_700102,Εξωμβούργου,5081,2691,35,0,1051,99,129,15,9,10,13,16,1,1,2,2,3,6,10,4,1,0,0,2,2,0,0
EL_580101,Ερμουπόλεως,15590,9592,423,0,3686,468,403,148,66,70,31,83,18,12,5,29,20,27,18,13,7,0,4,4,0,0,0
EL_600101,Θήρας,10662,6887,162,0,2365,521,219,100,38,44,38,38,13,9,12,16,6,25,11,17,6,0,4,6,0,0,0
EL_600300,Ιητών,2073,1086,37,0,307,61,48,13,4,8,6,7,4,2,1,6,0,8,3,2,3,0,1,0,0,0,0
EL_630100,Κέας,2297,1256,21,0,522,68,42,31,7,6,2,5,1,3,1,3,1,6,1,7,5,0,1,0,0,0,0
EL_590102,Κορθίου,3122,1544,30,0,401,109,69,18,17,5,4,7,1,4,0,1,3,7,1,0,1,0,1,2,0,0,0
EL_630200,Κύθνου,2692,1392,28,0,472,56,30,22,6,3,1,3,1,2,3,3,7,5,2,0,3,2,6,2,0,1,0
EL_650100,Μήλου,5533,2952,63,0,0,224,180,82,41,29,14,11,5,5,8,12,5,22,3,6,11,0,4,4,0,0,1101
EL_660100,Μυκόνου,6302,4301,76,0,993,207,182,139,28,28,28,34,11,2,7,8,9,11,6,4,8,0,4,4,0,0,0
EL_670201,Νάξου,9791,6463,179,0,2514,347,195,88,89,23,21,15,5,27,16,12,8,13,9,5,6,0,2,2,0,0,0
EL_680100,Πάρου,11303,6754,160,0,2168,339,321,132,56,36,35,33,13,5,12,15,8,20,7,12,7,0,6,10,0,0,0
EL_580103,Ποσειδωνίας,2433,1838,72,0,507,67,81,22,15,14,8,16,1,2,2,3,1,2,3,0,2,0,0,0,0,0,0
EL_650300,Σερίφου,2349,1016,40,0,0,78,31,27,4,4,7,2,2,2,3,4,1,5,3,1,2,0,0,3,0,0,397
EL_650400,Σίφνου,2916,1863,35,0,657,64,65,31,19,56,13,9,1,1,0,5,4,5,5,5,4,0,2,1,0,0,0
EL_700101,Τήνου,4631,3204,71,0,1087,81,133,52,19,24,13,22,1,4,8,5,4,6,9,4,5,0,0,1,0,0,0
EL_590103,Υδρούσας,3604,2110,26,0,512,117,68,87,12,10,13,19,5,0,2,3,2,4,5,2,4,0,2,1,0,0,0
EL_600200,Ανάφης,335,163,4,0,0,2,10,0,0,1,0,0,0,0,0,1,0,0,0,0,1,0,0,0,0,0,56
EL_680200,Αντιπάρου,991,687,8,0,0,29,25,14,3,3,1,2,2,1,0,0,0,1,0,2,1,0,0,0,0,0,289
EL_670202,Δονούσης,190,91,0,0,0,5,2,1,0,0,0,2,0,0,0,0,1,0,0,0,0,0,0,0,0,0,33
EL_710101,Ηρακλείου (Κρητης),134,89,2,0,27,2,11,0,0,0,0,0,0,0,0,1,0,0,0,0,0,0,0,0,0,0,0
EL_650200,Κιμώλου,1472,718,19,0,0,25,33,24,0,2,11,5,3,3,1,4,2,3,3,4,2,0,5,0,0,0,281
EL_670205,Κουφονησίων,299,207,3,0,75,5,4,0,0,3,0,1,0,0,0,0,0,0,1,0,0,0,0,0,0,0,0
EL_600102,Οίας,1712,740,14,0,280,15,18,5,3,4,6,5,2,4,1,1,0,0,2,2,1,0,1,2,0,0,0
EL_700103,Πανόρμου,815,432,8,0,0,59,29,3,3,3,0,1,0,0,0,0,0,5,1,1,0,0,1,0,0,0,126
EL_600400,Σικίνου,607,189,8,0,0,37,9,1,0,0,1,2,0,0,0,0,0,0,1,0,0,0,0,0,0,0,63
EL_670206,Σχοινούσσης,226,101,1,0,0,3,2,2,0,0,0,0,0,1,0,0,0,1,0,0,0,0,0,2,0,0,38
EL_600500,Φολεγάνδρου,703,427,15,0,182,8,19,1,0,4,1,0,0,0,0,0,0,1,1,0,1,0,1,0,0,0,0
EL_430202,Ανατολικής Μάνης,2616,981,10,0,170,90,22,28,0,0,7,0,4,0,1,3,35,1,0,0,0,1,0,0,0,0,0
EL_430502,Ασωπού,4383,2281,26,0,529,63,50,91,4,2,3,8,1,4,3,2,4,3,4,4,0,0,0,2,0,0,0
EL_430503,Βοιών,8573,4486,80,0,1162,221,135,103,16,12,16,21,7,12,9,10,8,12,9,8,8,6,5,4,0,0,0
EL_430402,Γερόνθρων,3053,1361,24,0,391,55,21,37,2,2,5,6,1,0,3,1,3,7,1,0,1,0,1,1,0,0,0
EL_430201,Γυθείου,10731,4998,63,0,906,234,133,243,27,10,8,20,17,6,8,5,16,12,13,4,3,3,3,3,0,0,0
EL_430403,Έλους,5755,3603,53,0,1184,253,73,96,12,10,11,6,3,5,3,2,2,10,3,12,2,3,1,0,0,0,0
EL_430504,Ζάρακα,2921,1150,11,0,280,65,30,39,1,4,6,3,1,3,2,1,1,3,0,1,0,2,0,2,0,0,0
EL_430102,Θεραπνών,4682,2116,38,0,748,99,53,35,6,4,10,8,1,4,2,1,5,3,3,4,1,1,3,0,0,0,0
EL_430404,Κροκεών,5461,1862,42,0,491,257,63,54,10,7,7,3,2,15,4,4,5,6,2,1,2,2,5,0,0,0,0
EL_430501,Μολάων,6446,2671,44,0,503,102,56,145,11,6,8,7,7,8,6,3,14,4,4,1,0,3,2,0,1,0,0
EL_430505,Μονεμβασίας,5797,2552,34,0,717,132,51,78,17,17,6,16,4,5,15,4,3,9,3,2,2,4,2,3,0,0,0
EL_430104,Μυστρά,9037,3179,70,0,866,215,91,148,15,12,12,8,2,6,4,2,28,7,6,4,2,1,1,0,0,0,0
EL_430405,Νιάτων,3556,1766,34,0,439,161,31,33,4,2,3,3,0,2,0,3,1,5,0,3,3,1,0,1,0,0,0
EL_430105,Οινούντος,5275,1820,20,0,625,140,52,66,9,9,11,10,0,7,7,2,3,5,6,4,0,2,2,1,0,0,0
EL_430203,Οιτύλου,7986,2772,41,0,391,131,41,192,9,11,1,8,8,3,2,1,17,6,3,3,1,3,4,1,0,0,0
EL_430106,Πελλάνας,8573,2601,44,0,740,161,53,45,5,2,12,7,5,5,6,4,7,8,4,5,3,3,1,2,0,0,0
EL_430401,Σκάλας,6733,3705,79,0,1166,265,82,154,12,7,6,14,1,22,7,3,10,7,3,5,3,2,2,1,0,0,0
EL_430204,Σμύνους,3260,1203,18,0,344,121,66,45,3,2,1,3,1,4,2,0,3,2,3,2,0,0,2,0,0,0,0
EL_430101,Σπαρτιατών,21945,9514,226,0,2555,505,267,432,56,32,53,43,11,14,15,14,47,14,13,20,16,7,5,3,0,0,0
EL_430107,Φαρίδος,8090,3193,57,0,943,193,82,179,20,5,12,24,6,6,6,5,7,4,9,5,4,2,2,5,0,0,0
EL_430300,Ελαφονήσου,978,476,9,0,146,22,11,7,1,1,4,1,1,1,1,1,1,1,3,1,1,0,0,0,0,0,0
EL_430103,Καρυών,1485,469,5,0,133,88,31,14,4,2,1,1,1,2,1,2,0,2,1,2,0,0,0,0,0,0,0
EL_220201,Αγιάς,6785,4771,87,0,1569,614,114,141,11,15,19,20,14,9,9,5,2,31,9,6,3,3,7,3,0,0,0
EL_220602,Αμπελώνος,8720,5743,121,0,1614,1051,201,189,20,20,24,16,13,9,16,7,3,29,11,13,5,1,11,2,0,0,0
EL_220302,Αντιχασίων,4448,3073,32,0,851,155,58,130,23,6,8,11,6,6,2,8,2,11,4,7,2,2,3,0,0,0,0
EL_220402,Αρμενίου,2710,2157,24,0,786,83,29,109,10,10,7,8,3,1,13,6,1,4,6,3,2,1,1,0,0,0,0
EL_220102,Γιάννουλης,6037,4702,98,0,1584,736,196,212,30,10,17,21,9,10,14,6,4,28,9,13,2,0,4,1,0,0,0
EL_220503,Γόννων,4549,2957,64,0,914,492,85,73,15,11,9,8,9,7,8,2,4,18,1,5,4,1,4,4,1,0,0
EL_220301,Ελασσόνας,15188,10334,125,0,3492,1531,303,250,23,43,39,43,22,24,55,12,10,62,15,24,9,3,8,5,0,2,0
EL_220702,Ενιππέα,4976,3756,56,0,1351,250,58,97,13,17,18,9,5,5,6,3,4,11,7,13,2,0,3,2,0,0,0
EL_220504,Κάτω Ολύμπου,5860,3972,88,0,1279,521,137,200,9,12,21,17,4,3,7,2,2,26,16,5,5,3,3,1,0,0,0
EL_220403,Κιλελέρ,3392,2468,34,0,723,127,42,130,7,12,8,2,6,2,4,4,0,3,4,3,2,1,1,1,0,0,0
EL_220103,Κοιλάδας,4489,3363,58,0,1053,232,64,142,8,9,17,15,3,2,5,9,2,15,7,8,1,2,3,3,0,0,0
EL_220404,Κραννώνος,5112,3770,72,0,1196,193,57,170,9,6,9,14,5,4,3,3,2,13,6,5,3,2,0,4,0,0,0
EL_220203,Λακέρειας,2373,1788,33,0,525,265,60,52,4,2,9,4,2,5,1,0,2,9,0,2,2,0,3,1,0,0,0
EL_220101,Λαρισαίων,83626,56831,1482,0,17584,7208,2513,2716,401,420,346,273,128,138,121,92,62,246,94,94,43,29,55,29,15,0,0
EL_220305,Λιβαδίου,3691,2844,37,0,821,277,91,37,7,10,3,9,3,13,5,4,4,12,2,2,3,1,3,1,0,0,0
EL_220501,Μακρυχωρίου,3060,2319,37,0,691,282,48,53,12,10,10,9,3,4,8,3,6,15,3,3,3,1,3,1,0,0,0
EL_220204,Μελιβοίας,3834,2672,47,0,975,300,65,53,19,5,11,12,3,10,2,0,2,12,5,4,4,0,3,1,0,0,0
EL_220703,Ναρθακίου,2285,1439,14,0,323,59,13,91,3,7,11,8,5,0,5,0,0,4,1,2,3,0,0,0,0,0,0
EL_220505,Νέσσωνος,5903,4296,65,0,1336,650,151,129,14,14,19,16,6,20,7,0,4,18,10,5,3,3,9,1,0,1,0
EL_220306,Ολύμπου (Θεσσαλιας),5024,3301,59,0,1271,365,83,59,15,12,9,8,2,7,33,5,7,9,5,9,1,0,2,3,0,0,0
EL_220405,Πλατυκάμπου,8821,6390,110,0,2034,684,218,256,24,25,22,24,27,11,24,7,9,21,18,8,5,5,5,2,0,0,0
EL_220704,Πολυδάμαντα,7374,5335,87,0,1981,270,123,164,31,21,21,25,15,3,14,6,5,18,8,18,14,3,6,2,0,0,0
EL_220308,Σαρανταπόρου,4860,3234,43,0,1209,492,74,48,8,15,12,9,5,8,12,4,1,15,6,10,1,1,4,5,0,0,0
EL_220601,Τυρνάβου,14706,10221,163,0,3272,1885,349,365,38,27,32,34,24,26,27,28,7,62,16,33,14,4,14,6,0,0,0
EL_220701,Φαρσάλων,7615,5405,105,0,1910,423,162,205,31,32,42,20,13,13,17,6,7,29,10,20,6,3,6,3,1,0,0
EL_220303,Βερδικούσσης,2495,1458,27,0,411,135,26,55,3,3,5,5,5,5,3,3,3,8,2,3,2,2,3,1,0,0,0
EL_220304,Καρυάς (Θεσσαλιας),1546,802,10,0,0,114,32,25,1,2,7,0,0,0,5,1,1,3,2,2,1,3,1,0,0,0,281
EL_720101,Αγίου Νικολάου,15224,10978,325,0,0,712,512,144,60,65,19,57,13,17,20,16,6,37,32,14,13,10,4,3,0,0,4330
EL_720201,Ιεράπετρας,20079,13630,296,0,0,664,519,105,69,58,52,60,12,24,22,18,6,25,35,20,10,9,3,11,0,0,4758
EL_720403,Ιτάνου,2586,1804,22,0,0,51,50,6,6,12,8,6,2,1,4,0,1,3,1,5,1,1,0,1,0,0,492
EL_720404,Λεύκης,2520,1684,33,0,0,38,24,18,0,3,4,2,1,0,1,3,2,2,6,1,2,1,0,1,0,0,559
EL_720202,Μακρύ Γιαλού,3977,2773,67,0,0,69,129,20,18,16,4,13,0,2,5,3,0,9,15,8,3,2,2,1,0,0,992
EL_720300,Οροπεδίου Λασιθίου,4292,3001,57,0,0,85,46,19,9,6,6,6,1,6,7,3,1,4,6,2,1,0,1,2,0,0,1144
EL_720401,Σητείας,13670,9301,236,0,0,271,313,133,39,48,19,46,7,6,10,10,4,11,27,15,4,3,3,4,0,0,3223
EL_530102,Αγιάσου,4299,2005,65,0,461,529,182,84,11,3,8,5,3,2,3,4,2,12,4,6,1,2,0,0,0,0,0
EL_550102,Ατσικής,5506,2032,55,0,0,188,37,47,11,7,14,14,2,4,9,2,4,10,7,4,5,0,3,3,0,0,781
EL_530103,Γέρας,8433,4768,135,0,1462,848,179,143,17,14,16,19,9,11,6,2,3,47,8,10,6,6,8,4,0,0,0
EL_530203,Ερεσού - Αντίσσης,8611,3532,73,0,1153,723,140,46,17,16,9,19,1,1,3,8,3,23,11,8,8,3,3,0,1,0,0
EL_530104,Ευεργέτουλα,4426,2548,81,0,864,350,74,76,7,8,7,14,0,7,4,3,1,27,11,1,0,1,4,1,0,0,0
EL_530201,Καλλονής,10815,5767,111,0,1976,952,212,171,25,17,23,22,6,9,9,3,3,31,14,13,5,4,2,2,0,0,0
EL_530105,Λουτροπόλεως Θερμής,3829,2365,96,0,716,396,66,68,9,4,7,7,1,4,1,3,0,12,2,4,2,3,6,2,0,0,0
EL_530204,Μανταμάδου,4030,2253,59,0,556,0,172,36,4,4,6,6,4,4,0,3,3,6,3,4,3,0,1,0,0,0,606
EL_530205,Μήθυμνας,2931,1570,38,0,0,218,114,17,5,9,4,9,4,2,1,4,0,9,2,4,0,1,0,3,0,0,532
EL_550103,Μούδρου,6769,2884,72,0,0,206,93,54,11,5,13,26,1,9,10,10,7,14,7,5,5,0,3,6,0,0,1082
EL_550101,Μύρινας,9352,4202,107,0,1307,635,187,70,24,33,19,35,6,6,15,4,6,27,11,10,4,0,5,6,0,0,0
EL_530101,Μυτιλήνης,37815,18357,651,0,5353,2765,814,663,161,121,95,121,19,62,47,30,13,94,49,34,22,14,15,17,0,0,0
EL_550104,Νέας Κούταλης,5127,1947,84,0,744,136,43,41,13,9,9,16,3,2,11,5,2,9,4,3,4,0,6,0,0,0,0
EL_530206,Πέτρας (Βορειου Αιγαιου),7245,5379,87,0,1784,186,80,144,19,15,16,13,12,6,9,12,9,9,12,8,2,4,3,7,0,0,0
EL_530106,Πλωμαρίου,10209,4108,108,0,1384,601,148,51,25,23,8,14,7,6,12,4,8,30,10,7,4,2,7,3,0,0,0
EL_530207,Πολιχνίτου,7919,3638,89,0,1137,547,164,109,16,11,13,20,1,12,11,4,4,13,8,13,6,1,2,2,0,0,0
EL_550200,Αγίου Ευστρατίου,819,184,3,0,0,23,5,3,1,2,1,1,1,0,1,0,0,1,0,1,0,0,1,0,0,0,69
EL_360102,Απολλωνίων,5529,2452,83,0,723,186,61,56,15,9,10,18,5,10,2,1,13,9,7,5,6,0,4,1,0,0,0
EL_360103,Ελλομένου,4200,2308,72,0,665,241,69,57,15,11,7,21,3,8,2,1,9,2,4,0,5,0,1,1,0,0,0
EL_360105,Καρυάς (Ιονιων Νησων),2197,1053,35,0,0,241,61,19,1,2,5,3,0,2,1,2,3,3,2,2,0,0,0,0,0,0,321
EL_360101,Λευκάδος,11038,6371,238,0,1923,982,483,174,40,39,23,44,4,20,22,7,4,39,4,11,8,0,8,3,0,0,0
EL_360200,Μεγανησίου,2068,931,34,0,0,148,31,15,4,2,0,5,4,2,0,1,1,5,2,1,1,0,1,0,0,0,253
EL_360107,Σφακιωτών,2539,1383,38,0,415,244,94,43,5,6,8,14,0,8,6,1,0,12,3,3,1,0,1,2,0,0,0
EL_360106,Καστού,239,61,2,0,18,7,3,1,0,2,0,0,0,0,0,0,0,0,0,0,0,0,0,0,0,0,0
EL_240102,Αγριάς,4727,3430,65,0,1120,243,124,159,20,32,14,15,14,5,8,4,2,9,8,8,4,2,1,3,0,0,0
EL_240103,Αισωνίας,3525,2774,68,0,1034,211,53,83,22,24,8,19,4,5,7,8,1,10,4,7,2,4,2,4,0,0,0
EL_240201,Αλμυρού,12822,9050,176,0,2776,592,169,433,37,36,51,32,26,18,36,9,8,25,9,9,6,5,2,0,0,0,0
EL_250200,Αλοννήσου,1784,1114,21,0,409,64,44,12,5,29,4,8,2,1,1,4,0,6,2,3,2,0,1,0,0,0,0
EL_240401,Αργαλαστής,2608,1571,46,0,520,170,63,65,13,12,4,5,1,3,7,2,2,5,1,2,2,0,0,1,0,0,0
EL_240104,Αρτέμιδας,4612,3086,141,0,883,196,85,155,22,26,13,9,4,10,6,6,6,9,9,9,4,7,3,1,0,0,0
EL_240402,Αφετών,2662,1656,29,0,565,101,77,40,16,19,6,7,6,4,3,1,7,4,5,2,0,2,1,1,0,0,0
EL_240101,Βόλου,59878,40469,1207,0,13160,4566,1760,1744,546,502,233,213,128,77,139,57,48,183,104,66,35,19,34,26,0,0,12
EL_240301,Ζαγοράς,4860,2943,61,0,1071,331,131,52,15,14,9,8,6,1,6,3,4,6,7,4,4,3,1,0,0,0,0
EL_240105,Ιωλκού,2281,1622,36,0,517,231,65,64,19,16,15,8,7,5,5,2,3,9,4,1,3,2,2,0,0,0,0
EL_240502,Κάρλας,6015,4587,79,0,1620,275,93,162,14,18,21,13,7,4,5,7,9,14,18,15,5,0,9,3,0,0,0
EL_240403,Μηλεών,3454,2402,59,0,683,118,58,114,22,21,11,7,8,4,1,3,3,2,3,3,4,3,0,2,0,0,0
EL_240302,Μουρεσίου,3609,2219,28,0,761,90,55,78,16,9,6,11,8,2,3,6,7,5,7,3,5,0,1,0,0,0,0
EL_240107,Νέας Αγχιάλου,5589,4300,116,0,1427,304,127,131,29,19,28,22,6,5,10,5,1,12,8,7,4,2,0,0,0,0,0
EL_240109,Πορταριάς,2544,1989,41,0,711,199,63,69,14,24,12,4,7,3,4,1,4,5,9,5,0,1,6,2,0,0,0
EL_240203,Πτελεού,3305,2307,50,0,747,143,70,77,14,14,10,8,15,2,4,7,2,4,4,9,5,4,1,0,0,0,0
EL_240404,Σηπιάδος,2566,1667,45,0,541,149,74,68,8,11,6,9,4,0,2,2,2,5,2,4,0,2,1,1,0,0,0
EL_250100,Σκιάθου,4545,3106,84,0,957,189,115,133,35,23,21,21,9,0,5,4,6,6,19,4,2,5,3,3,0,0,0
EL_250300,Σκοπέλου,5302,3009,76,0,911,506,103,47,10,11,8,10,5,7,6,4,3,23,5,11,2,1,7,1,0,0,0
EL_240204,Σούρπης,3927,2520,45,0,747,411,50,57,7,8,7,4,7,1,2,0,2,6,5,4,7,1,1,4,0,0,0
EL_240202,Ανάβρας,909,589,8,0,137,21,10,12,21,2,4,1,1,3,0,0,1,0,3,1,0,2,0,0,0,0,0
EL_240503,Κεραμιδίου,1662,1059,22,0,0,76,31,28,5,4,6,7,2,0,2,6,1,2,3,6,0,0,1,0,0,0,417
EL_240106,Μακρινίτσης,763,539,20,0,173,68,21,20,8,4,3,2,3,0,0,0,0,1,1,3,0,0,1,1,0,0,0
EL_240405,Τρικερίου,1663,1039,10,0,357,50,23,32,11,3,1,4,0,3,4,2,0,3,1,1,1,2,2,0,0,0,0
EL_440202,Αβίας,3039,2179,43,0,482,113,59,49,9,5,7,3,2,7,6,2,4,2,3,4,1,0,1,2,0,0,0
EL_440602,Αετού (Πελοποννησου),5074,2860,57,0,954,200,52,99,12,14,7,19,3,5,59,1,8,8,8,2,3,0,0,64,0,0,0
EL_440302,Αιπείας,2961,1736,27,0,587,99,103,35,6,9,5,4,4,3,7,4,3,3,3,2,0,1,0,1,0,0,0
EL_440402,Ανδανίας,5965,2496,43,0,684,115,44,125,8,5,10,9,9,8,11,3,6,5,4,1,1,0,0,2,0,1,0
EL_440303,Ανδρούσας,4307,2391,65,0,602,156,79,83,9,3,7,8,5,6,10,4,3,4,2,4,3,2,1,2,0,0,0
EL_440102,Άριος,3212,1557,26,0,553,117,20,62,6,3,6,9,6,1,10,2,4,1,5,3,0,0,1,1,0,0,0
EL_440304,Αριστομένους,4578,2580,54,0,785,181,100,62,13,4,2,8,2,12,7,4,7,9,5,3,0,0,0,2,0,0,0
EL_440103,Αρφαρών,4529,2357,52,0,603,139,76,123,10,6,9,7,3,0,33,2,13,8,3,3,2,0,1,2,0,0,0
EL_440603,Αυλώνος (Πελοποννησου),3244,1734,24,0,532,98,59,49,5,3,4,7,6,3,4,2,5,6,5,2,1,1,2,1,0,0,0
EL_440305,Βουφράδων,2602,1337,23,0,445,118,38,41,6,6,1,2,0,2,7,1,2,5,2,2,1,0,0,0,0,0,0
EL_440604,Γαργαλιάνων,9071,4974,85,0,1193,286,166,110,23,14,14,9,4,7,65,7,9,13,3,2,3,2,3,2,0,0,0
EL_440403,Δωρίου,5321,2368,27,0,646,155,45,94,5,8,8,5,5,3,9,4,11,0,6,1,0,2,0,1,0,0,0
EL_440404,Είρας,1194,521,9,0,181,23,18,12,2,0,2,5,1,0,0,0,0,3,5,0,2,1,0,0,0,0,0
EL_440104,Θουρίας,4330,2930,51,0,745,177,74,163,12,14,7,16,4,5,19,3,11,5,3,1,2,1,2,2,0,0,0
EL_440101,Καλαμάτας,54192,31282,785,0,8582,2754,1377,1235,258,166,182,142,26,84,232,94,135,101,37,33,17,17,19,10,0,0,0
EL_440502,Κορώνης,7378,3624,72,0,1144,231,222,87,16,15,19,8,5,10,8,5,4,10,8,4,0,1,3,4,0,0,0
EL_440601,Κυπαρισσίας,9190,4981,93,0,1560,237,154,187,34,16,16,20,7,7,13,11,11,9,7,7,5,3,13,3,0,0,0
EL_440201,Λεύκτρου,7722,3349,60,0,818,436,159,115,18,16,6,12,4,7,22,7,10,11,4,2,1,1,0,2,0,0,0
EL_440503,Μεθώνης (Πελοποννησου),3885,2913,45,0,1083,317,71,123,9,20,18,8,8,2,27,5,11,14,11,10,1,1,2,3,0,0,0
EL_440401,Μελιγαλά,6256,3053,57,0,861,156,94,146,10,7,11,12,7,4,12,12,8,5,8,4,3,4,3,0,0,0,0
EL_440301,Μεσσήνης,14370,7554,169,0,2522,530,186,302,33,32,61,27,7,15,23,10,16,38,22,23,9,7,4,4,0,0,0
EL_440504,Νέστορος,5728,3175,60,0,1058,165,93,59,12,9,8,17,3,2,56,4,3,9,1,3,1,0,2,1,0,0,0
EL_440405,Οιχαλίας (Πελοποννησου),8692,4010,110,0,1749,188,51,51,5,9,6,13,3,5,9,9,4,10,15,4,5,8,2,1,0,0,0
EL_440505,Παπαφλέσσα,2189,1058,15,0,0,38,12,26,1,3,1,4,0,1,4,2,1,1,2,3,0,1,0,0,0,0,462
EL_440307,Πεταλιδίου,6033,3267,70,0,1076,338,104,97,13,14,17,8,2,8,5,2,2,12,5,6,5,2,3,0,0,0,0
EL_440501,Πύλου,7970,3861,75,0,1301,378,97,110,12,12,17,11,6,10,61,1,1,10,5,8,4,3,2,0,0,0,0
EL_440606,Φιλιατρών,8559,3987,83,0,1415,219,146,74,14,12,11,15,5,8,12,6,2,19,8,12,2,6,1,3,0,0,0
EL_440506,Χιλιοχωρίων,4380,2400,59,0,819,211,91,53,9,3,8,9,1,3,13,0,8,1,5,2,0,4,3,1,0,0,0
EL_440308,Τρικόρφου,1462,778,11,0,221,42,18,20,4,3,3,3,0,2,6,0,0,1,2,1,1,0,1,0,0,0,0
EL_440605,Τριπύλης,1174,506,5,0,131,25,10,20,0,2,0,1,0,1,1,2,1,1,1,0,0,1,3,2,0,0,0
EL_060202,Αβδήρων,5640,3959,92,0,1539,136,105,139,18,13,13,14,9,3,22,5,7,4,11,12,3,2,0,5,0,0,0
EL_060201,Βιστωνίδος,14709,8804,289,0,2984,446,184,242,46,32,34,40,19,22,97,13,17,50,33,34,17,22,12,17,0,0,0
EL_060301,Μύκης,11805,8895,1433,0,2466,691,324,95,77,40,75,68,60,33,75,71,24,91,83,66,46,54,39,43,0,0,0
EL_060101,Ξάνθης,41697,25016,1261,0,7422,1996,983,895,189,196,158,161,93,56,350,105,55,177,119,117,54,65,58,56,1,0,0
EL_060102,Σταυρούπολης,6597,3226,84,0,966,110,58,127,13,12,17,13,21,7,82,5,3,14,14,11,4,9,4,4,0,0,0
EL_060400,Τοπείρου,15859,10801,493,0,3428,551,196,371,72,49,63,81,64,43,149,27,18,59,56,50,51,39,28,18,0,0,0
EL_060302,Θερμών,2023,1219,326,0,209,107,21,7,11,5,3,11,6,4,9,3,2,3,10,5,2,2,2,4,0,0,0
EL_060303,Κοτύλης,2751,1976,280,0,424,162,178,22,14,8,18,24,19,14,28,13,6,21,18,15,2,11,6,8,0,0,0
EL_060304,Σατρών,1157,690,28,0,78,174,22,4,8,3,8,13,6,2,32,10,0,10,8,5,5,3,5,2,0,0,0
EL_060203,Σελέρου,5136,3107,214,0,658,251,149,25,27,21,32,12,14,12,38,19,7,28,30,9,8,6,15,16,0,0,0
EL_100201,Αριδαίας,21019,15929,372,0,5249,781,307,677,74,82,119,79,38,29,134,26,27,47,36,45,21,10,15,84,0,0,0
EL_100102,Βεγορίτιδας,7348,4119,108,0,1468,251,77,167,20,19,35,17,18,30,93,2,6,11,9,17,7,4,4,35,0,0,0
EL_100301,Γιαννιτσών,28867,19871,499,0,6177,1375,501,1279,95,124,223,100,42,19,616,58,20,58,61,37,25,16,19,44,0,0,0
EL_100101,Έδεσσας,24027,16907,442,0,6034,1164,492,1061,89,100,121,96,64,204,121,22,30,49,44,45,15,17,17,172,0,0,0
EL_100202,Εξαπλατάνου,11995,8326,181,0,2897,521,177,339,21,45,56,34,21,18,120,16,7,13,22,17,7,12,5,12,0,0,0
EL_100302,Κρύας Βρύσης,10704,6870,114,0,1714,272,103,367,18,21,42,27,21,11,130,5,10,11,11,12,7,2,2,20,0,0,0
EL_100303,Κύρρου,8607,6204,95,0,2178,230,99,306,32,21,37,18,6,38,174,3,9,12,9,12,11,3,2,7,0,0,0
EL_100304,Μεγάλου Αλεξάνδρου,8058,6321,144,0,2139,267,88,286,14,17,51,17,9,9,37,3,7,5,14,5,4,5,1,7,0,0,0
EL_100402,Μενηίδος,5631,4396,80,0,0,332,94,223,14,18,32,9,13,7,56,4,2,19,7,14,7,3,4,1,0,0,1725
EL_100305,Πέλλας,8158,6512,156,0,2034,469,167,260,21,14,59,24,12,4,193,9,7,17,13,11,5,5,4,2,0,0,0
EL_100401,Σκύδρας,17823,11379,254,0,3716,706,197,724,53,44,132,42,37,15,260,10,16,35,36,33,12,12,12,20,0,0,0
EL_110301,Αιγινίου,5637,4389,86,0,1400,440,147,197,19,13,25,8,11,7,49,2,3,17,9,9,6,3,5,3,0,0,0
EL_110202,Ανατολικού Ολύμπου,8658,6242,167,0,1722,704,282,361,35,35,40,26,23,11,35,11,9,24,12,10,10,9,7,2,0,0,0
EL_110203,Δίου,10715,8192,115,0,2990,266,120,253,27,21,18,25,9,7,26,8,15,9,15,19,10,3,4,8,0,0,0
EL_110102,Ελαφίνας,7527,5114,81,0,1852,166,78,175,18,15,31,18,7,4,32,3,3,10,15,17,4,0,0,2,0,0,0
EL_110101,Κατερίνης,46271,30023,617,0,10059,2312,959,1800,208,223,161,92,39,24,414,37,62,95,67,60,40,15,31,14,1,0,0
EL_110302,Κολινδρού,5408,3917,59,0,931,169,88,156,11,14,25,9,5,5,9,2,7,9,4,14,2,1,3,2,0,0,0
EL_110103,Κορινού,8446,5611,94,0,1701,332,107,301,27,33,38,16,13,9,127,5,8,12,12,10,8,6,1,7,0,0,0
EL_110201,Λιτοχώρου,7018,4955,112,0,1444,795,262,278,55,41,12,29,12,14,16,14,9,32,15,14,4,0,6,4,0,0,0
EL_110106,Πιερίων,3754,2647,55,0,683,154,40,93,7,14,9,7,4,7,2,6,1,6,4,7,1,1,0,3,0,0,0
EL_110304,Πύδνας,5967,4078,70,0,1456,261,102,177,21,14,24,9,6,7,105,3,6,12,16,9,2,2,1,3,0,0,0
EL_210202,Ανωγείου,1910,1023,12,0,173,15,10,16,7,5,6,5,1,2,2,4,3,2,4,3,1,3,0,0,0,0,0
EL_210102,Ζαλόγγου,6872,4548,83,0,1563,429,162,107,20,22,7,17,3,9,12,2,1,13,9,12,5,4,6,1,0,0,0
EL_210203,Θεσπρωτικού,8009,4346,53,0,1443,284,138,76,14,12,10,14,1,15,11,4,7,15,9,3,3,1,4,3,0,0,0
EL_210103,Λούρου,7052,4368,77,0,1632,557,150,68,13,12,12,14,7,23,5,7,6,26,14,8,2,7,5,2,0,0,0
EL_210302,Πάργας,4132,2644,75,0,0,108,103,41,17,12,11,18,2,14,6,2,1,4,4,4,2,2,0,0,8,0,1085
EL_210101,Πρεβέζης,15145,9813,320,0,3404,1235,589,214,92,51,34,90,15,49,40,18,12,43,20,14,9,9,9,6,3,0,0
EL_210301,Φαναρίου,12118,6362,69,0,2299,411,116,64,18,14,10,20,8,15,9,7,3,18,18,12,7,4,6,3,1,0,0
EL_210201,Φιλιππιάδος,9407,5975,109,0,1682,395,187,121,26,33,24,27,4,17,11,9,5,22,15,11,8,6,5,3,1,0,0
EL_210204,Κρανέας,1411,866,14,0,302,142,17,10,7,2,1,33,2,0,1,1,0,5,1,0,1,0,1,0,0,0,0
EL_730400,Ανωγείων,2746,1821,17,0,715,181,69,1,5,5,1,0,1,3,0,1,0,4,1,0,0,1,1,1,0,0,0
EL_730102,Αρκαδίου,4913,3379,61,0,0,160,107,37,12,7,7,5,2,4,2,2,1,3,30,4,2,1,1,0,0,0,1258
EL_730501,Γεροποτάμου,7754,5352,105,0,0,147,112,59,6,7,11,12,2,3,10,4,0,2,79,6,1,2,1,0,0,0,2379
EL_730503,Κουλούκωνα,6650,4052,51,0,1746,43,42,31,10,6,7,8,2,5,4,3,2,3,10,2,1,2,0,0,0,0,0
EL_730302,Κουρητών,3107,2033,30,0,928,56,26,13,3,4,3,3,0,0,2,0,3,2,3,1,1,0,3,0,0,0,0
EL_730201,Λάμπης,6460,4158,67,0,0,271,143,58,10,12,17,15,3,2,10,4,3,10,15,5,1,3,0,1,2,0,1721
EL_730103,Λαππαίων,3211,1804,23,0,647,126,79,41,8,9,6,12,0,4,10,3,1,5,9,4,2,0,0,1,0,0,0
EL_730104,Νικηφόρου Φωκά,5216,3352,69,0,0,173,111,74,30,9,10,13,4,1,13,4,3,6,5,7,2,6,2,2,0,0,1394
EL_730101,Ρεθύμνης,21947,13583,333,0,0,709,770,349,114,90,75,46,21,10,33,27,8,26,59,13,11,6,6,10,0,0,5418
EL_730301,Σιβρίτου,3769,2494,33,0,0,72,84,35,4,8,5,4,3,1,4,11,1,6,8,3,3,1,1,0,0,0,1084
EL_730202,Φοίνικα,3457,2396,42,0,0,145,114,36,4,8,5,4,2,2,14,3,1,6,4,2,1,0,1,3,0,0,906
EL_010102,Αιγείρου,5986,3755,113,0,1472,164,106,69,22,20,13,18,5,6,24,5,4,14,14,14,6,5,5,9,0,0,0
EL_010202,Αρριανών,5596,3199,403,0,453,210,344,48,39,18,27,55,31,31,27,17,15,42,37,28,23,25,20,25,0,0,0
EL_010301,Ιάσμου,9057,5281,337,0,1214,234,298,129,60,34,33,33,19,25,47,28,32,22,36,25,19,11,13,22,0,0,0
EL_010101,Κομοτηνής,41034,25840,1502,0,7894,1608,1192,717,211,217,150,191,111,88,419,125,55,183,103,138,71,69,77,91,0,0,0
EL_010402,Μαρωνείας,9842,6607,290,0,2163,239,400,217,25,40,38,43,18,14,71,24,14,33,36,27,17,11,13,11,0,0,0
EL_010103,Νέου Σιδηροχωρίου,4635,2941,173,0,742,150,308,54,6,13,15,20,9,10,18,6,6,15,8,12,2,19,7,9,0,0,0
EL_010401,Σαπών,13222,7690,314,0,2477,459,267,204,37,25,29,68,19,34,180,22,15,60,28,25,23,23,26,24,0,0,0
EL_010303,Σώστου,8700,4636,578,0,986,278,372,79,47,42,74,98,26,43,62,37,37,63,63,50,43,32,25,26,0,0,0
EL_010201,Φιλλύρας,9027,5298,408,0,1725,189,234,39,29,27,29,65,12,18,36,16,8,39,41,32,25,23,13,33,0,0,0
EL_010302,Αμαξάδων,1540,967,45,0,222,64,47,20,9,5,9,11,6,7,20,7,8,8,8,6,3,5,1,6,0,0,0
EL_010203,Κέχρου,2126,1192,131,0,335,49,12,12,5,0,4,10,16,4,11,8,5,12,6,11,1,3,3,4,0,0,0
EL_010204,Οργάνης,3305,2173,144,0,570,146,67,25,8,14,20,25,17,14,17,4,3,22,23,20,14,12,12,26,0,0,0
EL_540101,Αγίου Κηρύκου,5031,2061,59,0,415,0,163,24,17,7,4,5,4,7,2,6,1,11,8,6,0,3,6,1,2,0,640
EL_560101,Βαθέος,13862,7338,275,0,2329,738,328,201,53,36,24,55,15,10,38,13,8,25,31,16,8,7,10,7,0,0,0
EL_540102,Ευδήλου,3745,1867,41,0,383,0,213,16,5,13,6,16,2,10,1,6,0,24,2,4,6,1,2,0,0,0,298
EL_560201,Καρλοβασίων,11177,5858,168,0,1840,775,183,119,47,33,13,27,15,10,20,13,4,34,15,9,9,5,5,6,0,0,0
EL_560202,Μαραθοκάμπου,3679,2014,55,0,0,394,123,27,8,5,5,4,2,5,1,5,1,5,1,2,1,0,1,3,0,0,616
EL_560102,Πυθαγορείου,12191,5952,184,0,1864,794,175,201,33,34,25,55,11,9,8,7,5,36,14,4,6,2,9,5,5,0,0
EL_540103,Ραχών,2962,1050,39,0,91,0,49,16,6,6,2,2,1,2,1,11,0,8,1,27,0,1,1,0,0,0,228
EL_540200,Φούρνων Κορσεών,1656,731,16,0,0,169,11,2,0,3,1,0,3,1,0,1,2,1,0,3,0,1,1,0,0,0,227
EL_120602,Αλιστράτης,5220,3422,73,0,1045,157,66,194,16,16,11,10,4,1,72,5,2,5,6,5,4,2,5,1,0,0,0
EL_120202,Αμφίπολης,4374,2952,76,0,870,227,59,105,7,10,12,11,7,2,68,5,7,14,9,10,1,2,6,2,0,0,0
EL_120302,Αχινού,5363,3695,49,0,1182,304,70,205,20,9,15,9,8,4,33,7,4,17,7,5,4,4,2,0,0,0,0
EL_120303,Βισαλτίας,8981,6012,146,0,1469,227,78,266,19,24,22,13,14,4,113,8,13,14,17,13,4,4,1,4,0,0,0
EL_120401,Εμμανουήλ Παππά,14801,10092,280,0,2901,691,263,353,47,44,54,34,21,17,47,17,11,25,20,21,7,15,3,4,0,0,0
EL_120103,Καπετάν Μητρουσίου,8167,6206,117,0,1924,227,103,219,23,23,20,15,16,6,87,5,4,15,13,16,2,5,4,0,0,0,0
EL_120704,Κερκίνης,12664,7981,107,0,1911,292,119,363,38,30,40,21,14,9,115,15,4,21,17,15,8,2,1,4,0,0,0
EL_120203,Κορμίστας,4510,2251,42,0,506,250,44,82,10,3,10,9,5,3,17,2,0,4,3,3,3,4,2,0,0,0,0
EL_120104,Λευκώνα,5273,3655,101,0,1155,157,59,118,26,10,14,13,12,8,144,6,2,7,12,8,3,3,4,3,2,1,0
EL_120601,Νέας Ζίχνης,14474,9311,250,0,2640,571,235,339,51,20,40,24,23,24,54,22,8,27,20,17,14,7,8,7,0,0,0
EL_120301,Νιγρίτης,13235,8140,224,0,2279,980,231,347,52,38,64,40,17,17,60,13,6,55,16,27,12,9,7,6,0,0,0
EL_120705,Πετριτσίου,9923,5760,103,0,1991,193,92,198,31,30,33,27,14,6,112,9,4,8,15,17,6,5,2,3,0,0,0
EL_120204,Πρώτης,4340,3053,74,0,571,237,107,100,11,15,13,4,1,3,13,3,1,5,7,4,2,1,7,1,0,0,0
EL_120201,Ροδολίβους,4162,2807,76,0,672,374,170,100,12,12,8,8,5,6,53,8,2,16,9,6,5,1,4,2,0,0,0
EL_120101,Σερρών,48843,30956,1079,0,8781,2238,1131,1706,183,206,155,138,85,112,225,38,42,121,66,62,23,7,30,19,0,0,0
EL_120701,Σιδηροκάστρου,14598,8295,207,0,2365,417,184,426,30,36,26,27,19,25,50,6,16,24,19,15,7,7,14,11,1,0,0
EL_120502,Σκοτούσσης,7476,4732,122,0,1600,164,89,176,15,21,29,11,7,8,49,4,7,12,15,6,7,1,7,2,0,0,0
EL_120106,Σκουτάρεως,8463,6257,132,0,2200,189,84,291,20,22,20,14,25,11,17,10,3,7,13,13,3,2,2,4,0,0,0
EL_120402,Στρυμώνα,10479,6277,140,0,1862,331,159,205,30,22,26,15,21,22,27,11,9,19,17,13,8,6,7,3,0,0,0
EL_120503,Στρυμονικού,6163,3816,57,0,914,112,67,180,16,8,14,10,8,5,83,2,3,7,4,6,1,0,2,1,0,0,0
EL_120304,Τραγίλου,7921,5099,136,0,1397,271,126,168,13,22,12,22,12,9,24,6,3,9,15,6,2,2,8,3,0,0,0
EL_120702,Αγκίστρου,974,486,5,0,163,6,3,23,4,2,2,2,1,0,11,0,0,1,1,0,0,0,0,1,0,0,0
EL_120102,Άνω Βροντούς,598,400,1,0,180,14,11,0,0,1,0,2,1,0,0,0,0,0,2,0,0,0,0,0,0,0,0
EL_120703,Αχλαδοχωρίου,2289,1170,21,0,304,52,19,84,7,3,7,7,1,2,21,4,0,1,2,2,0,2,1,3,0,0,0
EL_120105,Ορεινής,1194,908,47,0,0,58,17,25,6,4,6,1,1,2,4,7,0,3,4,9,1,0,1,5,0,0,271
EL_120706,Προμαχώνος,573,260,1,0,89,12,3,9,0,1,1,0,0,0,2,1,0,2,0,1,0,0,0,0,0,0,0
EL_260302,Αιθήκων,4912,3205,51,0,803,239,78,66,18,7,6,13,8,10,6,5,8,6,2,2,5,6,2,9,0,0,0
EL_260203,Βασιλικής,3290,2014,46,0,0,203,44,57,8,3,8,7,4,1,6,3,3,12,5,6,2,5,3,3,1,0,725
EL_260303,Γόμφων,6405,4408,106,0,1261,560,129,115,14,13,10,14,13,8,9,6,6,31,7,4,7,3,16,1,0,0,0
EL_260102,Εστιαιώτιδας,3684,2629,36,0,780,379,62,66,11,9,5,9,3,7,2,2,2,14,5,5,2,1,0,2,0,0,0
EL_260201,Καλαμπάκας,13205,8474,205,0,3138,762,200,178,33,49,29,45,24,16,19,29,6,26,13,17,9,3,7,6,0,0,0
EL_260103,Καλλιδένδρου,2841,2065,61,0,722,242,64,51,14,11,9,11,2,4,3,4,3,8,2,2,4,1,2,1,0,0,0
EL_260204,Καστανιάς,2660,1700,27,0,0,116,39,20,8,9,3,5,6,3,4,2,7,1,8,6,1,2,1,3,0,0,683
EL_260205,Κλεινοβού,3632,2369,43,0,934,84,48,58,13,8,9,2,6,1,8,6,6,4,2,9,4,6,0,4,0,0,0
EL_260104,Κόζιακα,3598,2364,29,0,666,359,39,53,11,6,14,8,5,1,6,3,1,8,6,7,3,2,9,2,0,0,0
EL_260105,Μεγάλων Καλυβίων,3777,2583,34,0,826,312,48,55,12,12,11,14,8,9,7,4,9,15,11,13,7,2,1,5,0,0,0
EL_260206,Μαλακασίου,3611,1743,22,0,652,138,35,43,7,9,10,11,4,3,5,5,7,9,10,14,2,1,1,4,0,0,0
EL_260106,Παληοκάστρου,4470,2989,44,0,0,695,76,78,9,10,10,17,10,3,25,8,8,10,5,8,2,5,3,2,0,0,891
EL_260107,Παραληθαίων,4756,3059,52,0,0,427,89,53,9,10,11,16,6,12,11,18,2,16,7,6,5,1,3,0,0,0,1109
EL_260403,Πελλιναίων,3872,2737,44,0,1086,264,63,65,17,9,6,13,18,1,2,4,3,9,8,7,7,3,1,2,0,0,0
EL_260306,Πιαλείων,5007,3228,121,0,1044,257,78,138,17,17,6,10,10,5,9,5,2,13,10,10,6,2,9,2,0,0,0
EL_260307,Πινδέων,3669,2200,35,0,622,109,43,78,10,6,2,6,5,0,3,4,5,5,6,4,2,0,1,2,0,0,0
EL_260301,Πύλης,5499,3444,63,0,988,184,112,102,15,9,18,14,27,4,8,4,2,15,7,11,4,0,2,2,0,0,0
EL_260101,Τρικκαίων,35498,24834,598,0,7889,3023,981,839,202,169,112,114,85,46,61,130,59,120,75,43,19,22,20,18,0,0,0
EL_260207,Τυμφαίων,4242,2365,40,0,0,385,42,44,16,4,6,8,4,3,6,4,9,11,3,4,0,3,11,1,0,0,874
EL_260108,Φαλωρείας,5576,3660,67,0,803,526,99,97,18,12,9,8,9,3,8,12,6,11,9,12,2,4,3,2,0,0,0
EL_260401,Φαρκαδόνας,8139,5347,107,0,1703,960,123,108,20,15,21,27,17,6,14,8,6,30,9,13,4,6,9,2,0,0,0
EL_260202,Ασπροποτάμου (Θεσσαλιας),2633,1362,17,0,388,89,30,42,6,3,7,1,2,5,3,10,1,3,0,1,1,0,1,2,0,0,0
EL_260304,Μυροφύλλου,954,385,5,0,120,24,13,9,0,2,0,0,1,0,0,2,0,2,1,1,1,1,0,0,0,0,0
EL_260305,Νεράιδας,1994,875,21,0,285,65,28,20,16,1,2,4,4,2,1,4,1,5,0,3,0,1,0,0,0,0,0
EL_270602,Αγίου Γεωργίου Τυμφρηστού,3455,2316,43,0,767,99,67,52,8,5,7,4,11,2,4,1,3,5,5,3,1,3,1,1,0,0,0
EL_270402,Αγίου Κωνσταντίνου (Στερεας Ελλαδας),2938,2300,32,0,866,108,48,52,3,14,3,2,8,2,8,20,2,6,1,1,1,0,5,0,0,0,0
EL_270202,Αμφίκλειας,4596,2942,55,0,970,232,113,148,12,18,10,10,24,8,4,2,5,9,5,5,2,1,1,3,0,0,0
EL_270501,Αταλάντης,8436,5929,134,0,2112,409,100,196,19,19,21,28,7,6,20,14,8,21,15,10,7,3,8,3,0,0,0
EL_270102,Γοργοποτάμου,4501,3297,53,0,1086,141,54,89,17,17,4,7,18,2,4,4,6,6,6,4,3,1,0,4,0,0,0
EL_270502,Δαφνουσίων,3394,2639,51,0,712,134,61,79,14,11,10,10,10,6,49,3,3,7,8,4,0,4,0,2,0,0,0
EL_270301,Δομοκού,7357,5370,82,0,1882,351,118,171,20,12,25,17,33,12,9,7,7,14,6,9,7,2,5,2,0,0,0
EL_270203,Ελάτειας,4217,2933,84,0,1077,231,84,114,15,8,4,18,8,6,0,6,2,8,6,6,1,3,3,1,0,0,0
EL_270702,Εχιναίων,3913,2944,47,0,845,171,65,129,11,13,10,3,18,2,4,6,4,8,7,1,2,0,3,1,0,0,0
EL_270302,Θεσσαλιώτιδος,4484,3278,46,0,1025,319,60,102,9,5,9,12,9,0,3,1,5,4,2,3,0,3,1,0,0,0,0
EL_270401,Καμένων Βούρλων,4343,3150,63,0,1000,173,65,145,15,13,6,12,5,5,8,9,3,15,5,5,2,1,1,0,0,0,0
EL_270101,Λαμιέων,47378,32729,830,0,10881,1901,1084,1400,298,268,144,171,322,63,83,73,75,89,72,58,33,24,28,19,5,0,0
EL_270103,Λειανοκλαδίου,2771,2076,25,0,692,80,28,74,10,13,8,5,10,4,3,4,4,5,2,5,0,2,0,0,0,0,0
EL_270603,Μακρακώμης,8187,4937,134,0,1467,368,113,219,27,17,14,15,18,4,1,6,2,12,5,1,5,4,3,4,0,0,0
EL_270503,Μαλεσίνης,4032,2971,50,0,1108,108,33,51,8,5,2,11,4,2,4,3,4,8,8,3,3,2,2,2,0,0,0
EL_270403,Μώλου,5657,3867,65,0,1330,225,84,176,26,17,15,17,13,5,8,4,4,13,8,11,2,2,4,0,0,0,0
EL_270303,Ξυνιάδος,4510,3070,51,0,1031,269,79,84,16,6,7,9,18,3,3,3,2,7,7,5,2,4,3,2,0,0,0
EL_270504,Οπουντίων,3406,2537,53,0,1012,271,45,33,10,5,12,12,8,6,3,2,7,12,8,2,0,2,5,1,0,0,0
EL_270703,Πελασγίας,2973,2274,39,0,764,265,47,44,6,7,4,4,3,5,8,3,1,3,5,3,0,3,1,0,0,0,0
EL_270601,Σπερχειάδος,9453,5928,95,0,1820,470,88,265,17,17,24,15,20,8,13,10,5,22,9,14,3,7,2,3,0,0,0
EL_270701,Στυλίδος,6631,4515,88,0,1688,374,175,137,17,26,10,28,14,18,11,13,5,13,12,18,5,3,6,4,0,0,0
EL_270201,Τιθορέας,4086,2718,45,0,1031,148,79,101,27,5,10,11,6,3,7,5,4,11,5,8,3,0,2,0,0,0,0
EL_270105,Υπάτης,6075,4432,79,0,1525,373,92,207,20,24,13,16,18,3,9,4,5,9,9,13,11,5,2,2,0,0,0
EL_270104,Παύλιανης,591,347,3,0,0,34,16,8,1,0,1,1,4,0,0,1,1,0,0,3,0,1,0,2,0,0,111
EL_270604,Τυμφρηστού,735,504,9,0,181,22,8,14,4,1,2,2,8,0,0,3,1,1,1,1,1,0,1,0,0,0,0
EL_170201,Αμυνταίου,10737,5793,160,0,1888,417,156,139,28,38,34,37,5,9,75,13,10,25,17,17,5,1,6,206,0,0,0
EL_170102,Κάτω Κλεινών,11000,3600,85,0,981,150,63,137,17,17,15,15,2,4,110,6,3,9,5,3,0,2,1,106,0,0,0
EL_170103,Μελίτης,11023,6039,169,0,2006,222,96,187,23,31,12,24,6,22,35,9,5,9,17,10,9,5,3,449,0,0,0
EL_170104,Περάσματος,11034,4880,122,0,1689,318,122,147,26,20,15,15,6,4,137,5,4,19,8,15,8,1,6,211,0,0,0
EL_170301,Πρεσπών,5979,1584,56,0,466,80,32,60,7,26,6,12,1,2,24,3,2,1,3,5,0,2,0,9,0,0,0
EL_170206,Φιλώτα,6435,4140,80,0,1333,222,100,140,17,22,14,19,5,7,95,6,43,9,7,5,4,5,1,7,2,0,0
EL_170101,Φλώρινας,19648,8391,242,0,2137,512,254,401,49,78,37,38,16,23,101,14,27,26,12,14,2,6,5,110,0,0,0
EL_170203,Βαρικού,977,603,23,0,0,54,24,11,4,4,5,4,1,1,1,1,0,1,0,2,0,1,0,41,0,0,171
EL_170302,Κρυσταλλοπηγής,1232,348,10,0,110,13,14,14,3,0,0,2,0,0,2,0,0,1,0,1,1,0,1,0,0,0,0
EL_170204,Λεχόβου,1515,1057,34,0,370,52,23,19,5,12,3,3,0,2,6,6,1,5,0,4,0,0,3,0,0,0,0
EL_170205,Νυμφαίου,430,237,4,0,48,12,3,11,1,0,1,1,1,0,3,0,0,0,0,0,0,0,0,0,0,0,0
EL_310101,Αμφίσσης,8728,6074,187,0,1936,682,179,178,43,31,25,54,10,7,21,7,7,31,15,10,10,0,11,8,0,0,0
EL_310202,Βαρδουσίων,3207,864,14,0,285,30,20,27,4,1,3,3,2,2,8,1,0,1,1,0,0,0,1,1,0,0,0
EL_310102,Γαλαξιδίου,3004,2002,28,0,639,87,68,74,10,7,13,15,6,3,4,5,1,4,2,2,2,0,2,0,0,0,0
EL_310103,Γραβιάς,3029,2086,56,0,620,167,68,111,12,6,9,13,6,4,6,8,2,11,7,6,0,0,2,7,0,0,0
EL_310104,Δελφών,2043,1400,39,0,466,118,48,43,1,6,7,9,2,1,1,1,1,7,4,1,0,2,0,0,0,0,0
EL_310105,Δεσφίνας,2037,1455,51,0,313,172,43,46,4,10,11,10,3,5,0,4,1,8,1,3,2,0,0,1,0,0,0
EL_310203,Ευπαλίου,7790,4399,91,0,1335,311,121,96,24,11,8,20,6,12,9,9,5,10,13,10,1,0,4,5,0,0,0
EL_310106,Ιτέας,5573,3589,121,0,1220,370,130,119,20,31,14,21,11,19,6,5,7,9,8,10,4,0,4,2,0,3,0
EL_310107,Καλλιέων,1938,1096,12,0,317,60,37,66,4,2,2,4,3,2,1,0,0,1,4,0,1,0,0,0,0,0,0
EL_310201,Λιδωρικίου,6573,2829,52,0,876,160,59,81,13,3,9,9,4,0,8,5,2,6,7,3,1,0,1,1,0,0,19
EL_310108,Παρνασσού,2487,1621,49,0,441,117,89,79,8,9,7,6,9,0,4,4,2,9,3,4,1,1,0,0,0,0,0
EL_310204,Τολοφώνος,3292,2237,35,0,699,96,43,63,10,8,4,7,4,3,2,0,2,6,2,5,1,0,0,0,0,0,0
EL_130102,Ανθεμούντα,5029,3845,118,0,1083,282,141,178,20,27,19,17,10,1,15,2,4,23,9,9,6,0,3,3,3,0,0
EL_130202,Αρναίας,7195,5601,141,0,1437,329,244,204,28,39,34,24,9,7,18,14,11,8,14,6,9,0,3,1,0,0,0
EL_130103,Ζερβοχωρίων,3118,2590,68,0,876,152,86,81,12,11,11,7,2,1,9,4,5,6,7,6,3,0,0,1,0,0,0
EL_130402,Καλλικράτειας,8305,6645,151,0,2316,410,166,431,35,36,40,27,9,2,63,4,8,12,13,13,7,0,5,6,0,0,0
EL_130301,Κασσάνδρας,8859,6499,146,0,1821,457,242,305,32,50,30,26,16,11,31,10,9,15,9,12,6,0,1,5,0,0,0
EL_130401,Μουδανιών,14276,10634,373,0,3838,525,306,396,68,68,58,47,9,21,100,12,12,20,33,22,12,0,7,8,0,0,0
EL_130104,Ορμυλίας,4334,3024,71,0,832,357,149,142,26,15,6,14,8,3,30,5,3,39,7,12,1,1,2,1,0,0,0
EL_130203,Παναγίας,4134,3227,112,0,1158,155,108,84,10,20,21,13,2,4,9,3,3,4,7,5,6,0,1,2,0,0,0
EL_130101,Πολυγύρου,10237,7917,210,0,2328,446,308,265,48,60,41,20,9,9,17,26,7,17,18,15,9,0,6,5,0,0,0
EL_130501,Σιθωνίας,8223,6123,129,0,1918,359,215,235,38,70,28,35,15,9,23,7,5,14,21,14,7,3,4,6,0,0,0
EL_130201,Σταγίρων - Ακάνθου,9870,7165,204,0,2429,515,250,201,53,61,37,34,8,12,26,14,10,24,21,13,13,0,17,4,0,0,0
EL_130502,Τορώνης,3928,2946,67,0,838,156,92,86,7,21,16,10,5,8,9,3,4,12,9,9,2,3,4,2,0,0,0
EL_130403,Τρίγλιας,6387,4590,104,0,1504,233,150,142,24,36,23,13,6,16,25,6,2,16,8,11,7,0,2,2,0,0,0
EL_740102,Ακρωτηρίου,6636,4482,117,0,1621,238,172,124,36,45,16,27,5,7,25,10,5,7,18,7,5,2,1,5,0,0,0
EL_740402,Ανατολικού Σελίνου,2199,1313,21,0,0,48,45,22,6,3,3,3,0,0,6,0,3,3,5,0,0,0,1,0,0,0,570
EL_740202,Αρμένων,4317,2549,60,0,1004,248,116,41,12,11,5,2,3,4,8,3,3,6,4,4,1,2,0,4,1,0,0
EL_740204,Βάμου,3730,2076,46,0,0,268,98,37,23,16,6,6,1,4,5,1,6,11,7,6,0,0,1,1,0,0,651
EL_740602,Βουκολιών,4232,2444,53,0,0,350,135,26,10,12,6,9,2,8,5,4,5,5,7,4,0,0,1,5,0,0,775
EL_740205,Γεωργιουπόλεως,3064,1727,26,0,0,102,35,28,7,6,0,12,2,3,3,1,0,4,2,5,2,2,0,0,0,0,638
EL_740103,Ελευθερίου Βενιζέλου,6748,4317,115,0,0,348,168,114,43,30,12,24,4,8,15,7,3,18,11,5,0,4,2,4,0,0,1572
EL_740104,Θερίσου,4794,3205,71,0,0,269,125,68,18,21,8,16,1,3,5,7,1,5,4,10,4,1,1,1,0,0,1075
EL_740502,Ιναχωρίου,2266,1388,29,0,0,181,72,16,9,9,0,4,0,3,5,0,2,6,1,0,0,0,0,0,0,0,451
EL_740403,Καντάνου,1871,1097,17,0,0,106,53,8,9,10,5,4,2,3,0,6,1,0,0,0,1,1,0,0,0,0,381
EL_740105,Κεραμιών,2324,1454,32,0,0,110,34,19,10,9,2,5,3,6,2,1,0,7,4,2,1,0,2,1,0,0,589
EL_740501,Κισσάμου,6780,4351,75,0,1770,257,142,61,20,17,16,15,9,11,5,10,16,12,12,6,4,2,0,1,0,0,0
EL_740603,Κολυμβαρίου,6342,4002,87,0,0,253,134,83,21,21,7,17,0,5,15,1,3,17,17,8,8,6,3,2,0,0,1509
EL_740201,Κρυονερίδας,3582,1825,38,0,0,118,41,36,13,10,4,10,4,1,3,2,3,1,7,4,1,1,1,1,0,0,737
EL_740604,Μουσούρων,6183,3845,100,0,0,291,137,77,20,14,7,23,7,9,8,3,3,9,8,11,6,5,3,3,0,0,1479
EL_740503,Μυθήμνης,3831,2371,46,0,0,223,76,33,9,5,6,9,0,5,9,4,1,4,6,6,2,2,1,0,0,0,838
EL_740106,Νέας Κυδωνίας,5272,3461,77,0,0,319,184,96,38,20,6,23,7,12,9,5,2,13,7,6,2,0,2,0,0,0,1283
EL_740401,Πελεκάνου,3298,1894,21,0,0,111,49,22,8,11,3,8,4,4,8,6,1,6,8,6,1,4,2,0,0,0,750
EL_740601,Πλατανιά,5820,3602,64,0,0,348,146,75,22,26,5,11,3,4,9,4,5,7,7,7,0,2,1,3,1,0,1302
EL_740107,Σούδας,5762,4157,124,0,0,210,113,162,27,23,17,36,9,10,8,3,11,4,7,6,3,1,2,4,1,0,1646
EL_740700,Σφακίων,3112,1462,16,0,544,108,40,21,8,8,1,8,1,7,2,0,0,0,5,2,0,1,0,0,0,0,0
EL_740206,Φρε,1770,1187,24,0,490,77,31,17,13,4,0,4,4,5,3,0,2,2,3,2,1,1,0,1,0,0,0
EL_740101,Χανίων,43044,23547,581,0,8606,1981,1323,663,286,271,60,141,23,71,93,57,25,74,62,36,11,17,13,7,0,0,0
EL_740203,Ασή Γωνιάς,786,504,3,0,0,18,13,14,0,3,1,0,0,0,0,0,0,1,2,1,0,0,0,0,0,0,213
EL_740300,Γαύδου,126,44,3,0,17,0,2,0,0,0,0,0,0,0,0,0,0,0,0,0,0,0,0,0,0,0,0
EL_570102,Αγίου Μηνά,2666,1821,69,0,0,115,61,18,4,6,3,5,2,4,2,6,4,4,11,1,1,2,0,1,0,0,593
EL_570103,Αμανής,3834,1323,23,0,490,52,30,21,7,4,5,11,1,0,1,1,2,5,3,4,2,4,0,0,0,0,0
EL_570104,Ιωνίας,5650,3144,63,0,1198,277,137,19,15,13,10,12,6,8,4,5,1,9,4,5,5,1,2,2,0,0,0
EL_570105,Καμποχώρων,4438,2390,59,0,943,127,53,51,16,7,11,20,4,4,2,4,2,9,5,1,1,2,3,1,0,0,0
EL_570106,Καρδαμύλων,6874,2037,45,0,773,86,68,34,8,3,9,10,1,0,2,3,2,8,4,3,1,0,1,3,0,0,0
EL_570107,Μαστιχοχωρίων,7019,3429,103,0,1430,102,78,35,14,11,14,23,7,2,3,6,4,5,7,4,4,2,1,6,0,0,0
EL_570300,Οινουσσών,1405,415,13,0,0,76,2,10,1,4,2,3,0,0,1,1,0,3,1,1,0,0,0,0,0,0,148
EL_570108,Ομηρούπολης,9767,5105,138,0,0,505,215,49,30,27,22,19,4,14,9,3,3,18,8,5,3,6,4,4,1,0,1944
EL_570101,Χίου,24248,12869,415,0,4786,830,569,173,95,59,43,89,14,21,21,13,18,32,16,17,14,14,6,7,0,0,0
EL_570200,Ψαρών,569,269,2,0,114,3,12,1,3,0,1,1,1,1,2,1,0,0,2,0,1,0,0,0,0,0,0
EL_ELZZ99,ΕΞΩΤΕΡΙΚΟΥ,34113,25546,480,0,9435,2619,905,1364,209,177,43,90,22,42,229,24,0,3,99,0,0,0,3,6,7,0,0
EL_ELYY99,Votes outside of any municipality,527857,335576,8782,0,555472,47562,16788,15089,3060,2196,2278,2130,967,761,2397,740,590,1310,584,552,279,175,271,246,18,3,2257827
