gisco_id,name,registered,turnout,invalid,blank,Abeceda,AM,A-HSP,DPS [Demokratska Prigorsko-Zagrebačka Stranka],DSŽ-HSN-ASBU,HDZ-HSS-HSP-BUZ-ZDS-HDS,HRS,HSR,HDSSB-ABH-A-HSS-HRAST-HSP-HZ-OS-ZZH,HL,MDS,NF-HSLS-PGS-RI,NS-NSS,Ðapić,ORaH,PS,HB,KLJUČ,SRH,SDP-HNS-IDS-HSU,SPH,SRP,SHZ,HSU,ZH-AMD-ZS
HR_00019,Andrijasevci,3223,849,47,0,5,5,1,0,4,535,5,1,41,16,0,9,0,12,42,3,1,1,0,114,0,1,2,2,2
HR_00027,Antunovac,3110,904,33,0,6,7,8,2,5,528,2,1,63,13,2,5,0,62,51,1,1,2,1,104,0,0,0,7,0
HR_00035,Babina Greda,3191,766,27,0,3,11,1,2,7,302,6,1,22,10,0,14,3,0,20,0,0,5,0,325,1,2,0,4,0
HR_00043,Bakar,7050,1665,56,0,4,18,13,3,8,564,4,6,52,42,2,34,2,2,202,6,3,11,5,601,2,3,1,12,9
HR_00051,Bale / Valle,1046,224,11,0,1,2,0,7,3,9,2,0,5,6,0,13,0,2,20,2,1,3,1,129,1,0,1,5,0
HR_00060,Barban,2317,573,22,0,2,11,0,4,2,56,1,0,5,22,2,8,1,1,60,3,4,4,0,348,0,1,1,11,4
HR_00078,Barilovic,2802,712,18,0,3,8,7,5,4,361,2,2,26,33,0,20,1,8,42,1,1,0,1,163,1,0,1,3,1
HR_00086,Baška,1757,414,22,0,2,8,2,5,4,68,5,0,27,13,0,8,0,3,48,2,1,5,1,175,0,0,0,11,4
HR_00094,Baska Voda,3157,975,29,0,2,6,6,3,2,489,3,8,99,5,1,13,3,6,60,5,0,3,1,215,3,4,0,2,7
HR_00108,Bebrina,2617,667,37,0,4,12,5,3,16,386,2,3,33,8,2,17,1,3,29,3,0,1,0,88,1,1,4,7,1
HR_00116,Bedekovcina,6551,1068,33,0,4,21,1,2,11,387,6,2,26,109,1,26,0,1,91,2,7,5,3,306,3,2,1,16,2
HR_00124,Bednja,3669,767,18,0,17,3,3,4,8,342,1,4,21,21,0,11,1,1,50,0,2,2,2,242,0,3,1,6,4
HR_00132,Beli Manastir,8895,1802,76,0,6,7,2,3,19,631,8,3,203,46,6,18,16,8,88,10,1,27,6,594,3,5,1,10,5
HR_00159,Belica,2718,389,9,0,1,2,1,1,3,81,1,0,5,58,18,9,0,5,32,2,1,2,1,155,1,0,0,1,0
HR_00167,Belisce,8999,2335,76,0,6,7,12,3,9,669,14,3,744,63,2,31,1,6,147,4,4,11,9,466,3,3,0,35,7
HR_00175,Benkovac,14178,2398,80,0,10,13,18,3,9,1463,9,4,114,28,3,31,9,2,64,4,7,3,3,473,1,4,21,10,12
HR_00183,Berek,1197,364,14,0,0,4,4,0,2,200,4,1,15,9,1,7,2,1,28,0,1,3,2,64,0,1,0,1,0
HR_00191,Beretinec,1802,323,15,0,1,1,0,0,4,144,2,0,11,25,1,7,0,1,31,1,0,2,1,63,1,2,1,7,2
HR_00205,Bibinje,3350,550,11,0,4,3,2,1,6,383,1,3,38,5,0,2,0,7,18,0,1,1,0,62,1,0,0,0,1
HR_00213,Bilje,4855,877,27,0,3,2,3,3,14,276,4,3,183,28,1,13,3,9,74,5,1,11,1,199,1,4,0,7,2
HR_00221,Biograd na Moru,5272,1372,65,0,3,10,2,2,5,659,3,1,99,21,4,16,1,2,90,3,3,2,5,355,3,2,1,11,4
HR_00230,Bizovac,3846,1240,51,0,5,11,8,1,12,433,8,1,382,26,0,29,0,10,75,1,0,6,4,152,0,5,3,15,2
HR_00248,Bjelovar,33618,7623,186,0,20,45,21,11,33,2800,16,4,442,344,11,309,11,12,862,40,13,25,25,2286,10,12,0,64,21
HR_00256,Blato,3398,1117,39,0,5,7,5,0,13,653,3,5,23,7,4,8,2,2,42,1,3,1,2,280,4,4,0,4,0
HR_00264,Bogdanovci,1784,555,19,0,5,5,1,2,3,339,2,1,38,9,1,6,6,4,19,1,2,3,1,81,0,4,0,2,1
HR_00272,Bol,1654,452,12,0,0,4,3,2,3,150,3,0,10,10,0,8,2,4,46,0,2,3,1,175,3,4,0,6,1
HR_00299,Borovo,4434,793,46,0,2,2,0,0,1,16,0,1,4,7,4,5,76,2,9,0,0,0,0,609,3,1,1,2,2
HR_00302,Bosiljevo,1160,365,9,0,2,4,3,3,4,222,1,1,11,15,2,5,0,4,20,0,0,0,0,55,0,0,0,3,1
HR_00329,Bosnjaci,3386,712,23,0,1,5,3,0,10,423,7,1,44,17,0,13,0,5,25,0,3,1,0,120,0,2,1,7,1
HR_00337,Brckovljani,5738,1151,35,0,4,13,6,8,20,466,10,1,95,87,3,25,0,3,114,4,8,5,1,230,0,0,3,8,2
HR_00345,Brdovec,9923,2144,69,0,6,17,6,11,13,864,10,6,131,78,3,40,1,6,268,11,2,13,4,557,2,7,3,8,8
HR_00353,Brestovac,3532,1019,26,0,3,6,5,1,3,592,7,1,46,29,0,11,1,5,69,2,5,5,1,196,0,0,1,4,0
HR_00361,Breznica,1783,341,13,0,1,3,1,4,7,157,3,1,7,17,2,6,0,0,37,1,0,2,2,66,0,0,0,10,1
HR_00370,Brinje,2887,811,16,0,5,5,9,1,12,614,3,1,19,4,1,15,2,2,13,0,4,7,0,70,1,0,3,2,2
HR_00388,Brod Moravice,744,250,11,0,0,1,2,0,1,117,1,0,7,6,0,2,0,1,14,0,3,0,0,79,0,0,0,3,2
HR_00396,Brodski Stupnik,2600,622,21,0,3,7,5,2,7,395,0,1,38,6,0,13,0,3,31,0,0,7,0,77,0,1,0,5,0
HR_00400,Brtonigla / Verteneglio,1551,424,43,0,5,13,3,9,4,32,1,0,4,10,2,4,0,1,24,3,0,2,2,246,1,1,4,5,5
HR_00418,Budinscina,1924,349,13,0,3,2,0,0,6,192,1,4,20,13,0,0,0,0,26,1,0,3,1,63,0,0,0,1,0
HR_00426,Buje / Buie,4874,963,67,0,6,15,1,7,4,130,6,1,13,32,3,11,5,3,89,5,9,5,2,518,1,7,0,15,8
HR_00434,Buzet,5198,1495,56,0,8,26,5,15,4,97,3,1,30,43,3,17,3,2,172,8,5,5,11,950,4,1,2,14,10
HR_00442,Cerna,3718,914,43,0,3,9,1,2,12,440,3,3,46,11,4,8,1,2,46,3,1,10,1,256,0,0,1,6,2
HR_00469,Cernik,3235,761,22,0,8,5,5,3,6,413,10,1,88,17,1,9,2,3,55,0,0,1,1,103,1,1,0,4,2
HR_00477,Cerovlje,1368,380,14,0,2,10,1,2,3,60,0,1,7,18,1,8,2,1,26,2,0,2,0,207,1,1,0,7,4
HR_00485,Cestica,4647,1018,43,0,8,18,6,2,9,273,11,3,30,53,3,7,2,3,81,6,3,6,25,401,3,0,0,16,6
HR_00493,Cetingrad,2241,291,17,0,3,3,2,1,6,181,1,0,5,13,1,9,1,1,3,0,2,2,2,37,0,0,0,1,0
HR_00507,Cista Provo,2378,833,15,0,8,5,7,0,3,640,2,1,109,8,0,7,0,0,8,1,5,0,1,9,1,0,0,2,1
HR_00515,Civljane,444,32,0,0,0,0,0,0,0,8,0,0,2,1,0,0,1,0,0,0,0,1,0,19,0,0,0,0,0
HR_00523,Cres,2799,718,33,0,8,16,3,2,3,144,6,2,68,12,0,16,3,3,94,0,3,5,4,274,4,0,0,12,3
HR_00531,Crikvenica,11760,2437,56,0,7,9,6,13,12,852,6,1,80,79,3,72,2,3,236,1,6,14,17,925,3,3,2,23,6
HR_00540,Crnac,1260,261,15,0,5,2,2,3,1,161,0,0,19,5,1,5,1,3,9,0,0,1,0,28,0,0,0,0,0
HR_00558,Cabar,3618,691,28,0,6,17,3,3,4,153,4,5,14,40,1,18,2,2,78,5,4,5,0,271,0,2,0,13,13
HR_00566,Cacinci,2518,694,24,0,6,4,11,3,4,390,2,0,39,7,0,7,3,1,34,1,1,11,3,134,0,0,1,5,3
HR_00574,Čađavica,1722,594,20,0,5,6,3,3,4,371,3,3,25,11,0,5,0,0,21,0,1,1,1,99,3,0,0,7,2
HR_00582,Caglin,2036,755,24,0,2,4,2,6,7,315,1,4,43,5,1,10,6,7,29,0,3,0,4,267,0,2,3,10,0
HR_00604,Cakovec,23422,5495,178,0,12,31,8,12,15,1041,19,8,237,517,142,119,6,1,633,33,7,29,9,2362,5,10,5,33,23
HR_00612,Cavle,6173,1256,45,0,3,17,5,3,7,368,3,6,25,44,3,40,0,0,149,4,5,1,2,508,5,3,1,4,5
HR_00639,Cazma,6737,1743,40,0,11,19,6,7,20,794,8,7,87,95,0,26,4,3,138,4,2,6,0,435,4,7,1,15,4
HR_00647,Ceminac,2619,566,30,0,7,4,0,1,7,284,4,1,94,11,3,5,3,5,28,4,1,6,4,56,1,1,1,3,2
HR_00655,Cepin,9867,1949,53,0,8,19,10,1,17,924,7,4,270,72,1,52,3,29,123,8,1,16,6,298,2,1,2,19,3
HR_00663,Darda,6073,1046,48,0,4,4,1,0,5,326,1,0,190,32,0,14,8,9,58,7,2,5,5,306,2,4,1,13,1
HR_00671,Daruvar,10406,2564,57,0,3,8,11,9,10,875,16,2,115,127,3,63,13,5,285,4,5,17,5,893,2,8,2,17,9
HR_00680,Davor,2425,545,17,0,8,7,0,2,9,287,0,2,91,7,1,6,1,5,25,0,0,1,1,70,0,1,0,2,2
HR_00698,Delnice,5145,1087,37,0,6,9,7,4,8,268,3,3,34,64,0,32,2,3,101,5,5,7,2,452,1,1,0,22,11
HR_00701,Desinic,2253,488,38,0,7,2,3,5,15,269,5,1,8,24,0,2,2,3,32,1,2,2,1,55,2,2,1,3,3
HR_00710,Dezanovac,2297,501,23,0,1,6,2,0,5,242,2,1,23,16,1,9,2,4,32,3,1,3,0,120,1,0,0,2,2
HR_00728,Dicmo,2140,578,26,0,1,3,6,2,2,391,0,2,66,7,0,5,0,4,13,0,1,1,0,41,2,1,0,2,2
HR_00744,Dobrinj,2239,462,22,0,1,9,3,0,3,114,2,0,9,14,1,29,1,1,75,3,1,3,0,162,1,0,0,7,1
HR_00752,Domasinec,1937,336,15,0,1,2,2,1,4,96,2,0,9,43,11,5,0,0,21,0,1,3,6,106,0,1,0,5,2
HR_00779,Brela,1639,497,26,0,3,5,1,0,1,240,0,0,25,8,0,12,0,1,38,13,0,1,2,114,0,0,0,5,2
HR_00787,Donja Dubrava,1759,382,13,0,4,1,2,1,1,143,1,1,3,43,14,2,0,0,26,1,0,1,0,120,0,0,0,3,2
HR_00795,Donja Stubica,4528,954,16,0,0,5,1,4,10,317,7,2,46,135,0,89,0,0,84,5,2,8,1,207,1,1,0,7,6
HR_00809,Donja Voca,2145,237,13,0,1,2,1,2,1,94,2,2,12,9,1,4,0,0,21,0,1,4,1,62,1,0,0,2,1
HR_00817,Donji Andrijevci,3251,850,57,0,8,9,8,3,7,419,6,5,76,11,0,26,0,5,50,2,4,6,6,126,1,4,0,6,5
HR_00825,Donji Kraljevec,3837,1180,67,0,7,8,2,5,14,387,12,2,22,122,90,16,1,1,97,4,3,4,8,289,2,2,1,6,8
HR_00833,Donji Kukuruzari,1584,394,17,0,1,1,1,1,7,212,2,0,7,3,1,7,7,0,16,1,0,4,0,102,0,1,1,0,2
HR_00841,Donji Lapac,2212,540,20,0,4,0,2,2,0,86,0,0,8,3,3,3,5,1,10,0,2,0,2,383,1,4,0,1,0
HR_00850,Martijanec,2616,487,15,0,4,4,1,0,2,227,4,2,9,24,1,5,1,0,33,2,2,5,2,138,1,0,1,3,1
HR_00868,Donji Miholjac,7907,1576,56,0,5,17,9,4,21,675,1,4,204,53,2,16,0,4,131,2,1,15,3,327,2,1,1,16,6
HR_00876,Muc,3235,564,31,0,3,6,5,1,7,263,5,1,72,12,0,23,0,1,28,1,1,1,3,84,2,1,1,11,1
HR_00884,Prolozac,3455,1331,19,0,6,0,3,0,5,780,3,1,396,3,1,34,1,2,17,0,3,1,0,53,1,1,1,0,0
HR_00892,Donji Vidovec,1247,188,6,0,2,1,0,1,0,68,1,0,2,18,7,14,1,0,21,0,1,0,0,42,1,0,0,2,0
HR_00906,Draganic,2446,514,12,0,4,4,3,0,2,284,2,0,31,27,1,8,0,0,28,1,1,7,2,90,0,0,1,1,5
HR_00914,Draz,2727,829,59,0,11,22,12,1,20,293,11,0,160,18,5,10,4,9,48,4,2,8,4,106,2,1,0,11,8
HR_00922,Drenovci,4851,397,23,0,3,6,4,1,3,247,1,1,16,7,0,5,0,1,22,2,0,1,1,49,0,1,0,3,0
HR_00949,Drenje,2166,498,18,0,3,2,3,0,10,187,3,0,93,10,0,10,3,10,23,2,0,5,1,102,3,1,0,8,1
HR_00957,Drnis,7415,2194,91,0,10,12,8,6,6,1448,5,6,89,16,2,50,1,6,68,2,2,2,5,342,3,1,3,7,3
HR_00965,Drnje,1543,233,12,0,1,1,2,0,1,76,0,0,6,16,0,5,1,0,32,2,2,1,0,72,0,1,0,2,0
HR_00973,Dubrava,3952,1008,44,0,6,14,14,5,9,373,13,2,55,39,1,29,1,1,109,6,4,10,6,245,0,3,1,10,8
HR_00981,Dubrovnik,38204,8794,238,0,17,47,37,14,38,3927,19,7,362,151,4,252,12,14,751,25,9,22,16,2750,7,8,5,35,27
HR_00990,Duga Resa,9640,2724,92,0,15,20,17,7,16,1223,14,5,123,245,3,50,4,6,249,9,6,11,5,565,2,1,2,24,10
HR_01007,Dugi Rat,6310,1283,40,0,2,14,2,4,7,598,4,1,163,24,0,30,2,2,79,4,4,8,6,272,0,1,0,11,5
HR_01015,Dugo Selo,15659,3037,73,0,8,27,6,7,10,1357,13,6,301,87,4,82,3,22,291,12,4,9,5,681,1,0,6,12,10
HR_01023,Dvor,5394,993,41,0,8,12,4,8,3,223,2,0,15,6,4,10,8,4,12,0,4,5,4,604,3,3,2,6,2
HR_01031,Đakovo,23703,5199,122,0,25,37,7,13,30,2450,23,8,678,138,7,89,6,8,373,11,13,32,3,1074,2,4,5,27,14
HR_01040,Đelekovec,1314,242,8,0,0,2,3,1,4,105,1,0,9,14,1,1,1,0,18,0,1,0,1,66,1,0,0,4,1
HR_01058,Đulovac,2795,530,27,0,6,0,5,0,1,275,2,2,22,33,0,24,2,4,16,2,1,3,0,97,2,0,1,5,0
HR_01066,Đurđenovac,5656,1416,56,0,1,3,2,0,7,683,2,3,188,38,4,11,0,5,58,1,1,4,3,333,0,3,0,8,2
HR_01074,Đurđevac,6762,1313,40,0,5,8,9,2,10,367,10,14,96,57,0,27,3,5,158,8,1,18,33,409,3,4,0,18,8
HR_01082,Đurmanec,3476,1364,120,0,17,35,6,5,19,603,16,2,31,96,2,9,6,6,93,2,4,16,3,234,5,7,4,19,4
HR_01104,Erdut,6833,1080,42,0,8,7,3,2,5,276,3,2,153,26,3,6,10,5,56,1,0,3,5,448,1,2,1,7,5
HR_01112,Ernestinovo,1953,401,7,0,1,1,0,0,2,172,0,0,81,13,0,1,0,13,32,0,1,5,1,68,0,0,0,2,1
HR_01139,Ervenik,1317,462,25,0,2,0,1,1,0,1,2,0,1,3,1,0,2,1,1,0,0,1,0,418,0,1,0,1,0
HR_01147,Farkasevac,1449,345,9,0,8,2,2,0,3,169,4,2,19,9,2,4,0,0,44,0,1,1,1,55,1,0,0,8,1
HR_01155,Ferdinandovac,1448,292,8,0,0,2,1,1,2,158,4,1,26,2,0,0,0,0,14,0,0,0,0,71,2,0,0,0,0
HR_01163,Fericanci,1829,489,22,0,4,2,3,0,5,219,5,0,39,50,1,1,1,1,31,1,0,6,0,90,0,0,0,5,3
HR_01171,Fuzine,1447,346,8,0,0,4,1,3,1,56,5,1,11,17,0,8,0,0,43,5,6,2,2,153,1,4,1,5,9
HR_01180,Garcin,4135,1008,37,0,4,7,4,5,5,620,2,2,48,12,0,20,1,3,70,1,1,4,1,145,0,2,0,8,6
HR_01198,Garesnica,8880,2036,58,0,12,10,4,4,14,813,14,4,71,71,4,33,9,9,133,6,7,18,4,687,4,6,2,30,9
HR_01201,Generalski Stol,2362,554,14,0,5,7,4,0,8,340,1,1,26,21,1,12,0,3,22,3,3,3,1,70,0,3,2,3,1
HR_01210,Glina,8554,1660,48,0,11,8,9,3,4,861,8,5,82,22,3,66,7,4,98,2,5,6,7,381,0,7,3,6,4
HR_01228,Gola,1911,362,10,0,3,2,2,0,4,200,3,2,35,28,1,2,0,0,14,0,2,0,0,52,0,0,0,2,0
HR_01236,Gorican,2417,493,17,0,2,6,3,4,3,224,2,1,41,20,7,12,1,1,21,2,3,3,3,105,1,1,1,9,0
HR_01244,Gorjani,1357,308,16,0,1,5,1,1,6,103,2,0,77,9,0,5,2,2,16,0,1,1,0,49,0,0,0,9,2
HR_01252,Gornja Stubica,4370,929,30,0,1,7,5,3,7,252,6,2,51,59,1,38,2,2,64,3,6,8,4,358,1,0,0,13,6
HR_01279,Gornji Bogicevci,1934,444,36,0,5,6,0,4,5,234,3,2,33,8,0,1,1,1,28,2,0,4,0,61,1,2,1,4,2
HR_01295,Gornji Kneginec,4653,1082,29,0,8,11,5,3,9,496,7,6,30,33,0,19,2,0,78,4,1,3,2,313,4,1,0,15,3
HR_01309,Gospic,11356,3299,97,0,30,15,21,4,22,2124,7,9,120,32,4,144,8,9,164,9,7,9,3,426,3,5,1,18,8
HR_01317,Gracac,5649,900,44,0,1,3,3,3,1,391,0,1,12,8,3,4,6,1,19,2,3,1,1,383,1,2,1,5,1
HR_01325,Gracisce,1167,203,8,0,2,7,0,2,1,16,2,0,7,7,0,2,0,1,28,1,0,5,2,106,0,0,1,4,1
HR_01333,Grad Zagreb,685647,188216,4093,0,372,1129,396,425,525,67506,455,127,13637,5871,203,5322,147,251,25742,1236,447,786,321,56578,162,290,114,1157,924
HR_01341,Gradac,3447,932,45,0,2,9,2,4,4,361,4,2,33,11,3,13,1,1,83,2,4,6,1,328,2,1,2,7,1
HR_01350,Gradec,3026,741,25,0,5,17,8,3,3,316,2,5,33,34,2,10,1,6,75,5,3,4,3,152,3,5,3,13,5
HR_01368,Gradina,3206,821,16,0,9,6,5,1,14,517,4,1,53,9,2,6,3,2,43,1,1,4,1,114,2,2,0,5,0
HR_01376,Gradiste,2440,357,12,0,0,3,5,0,8,155,3,1,37,7,0,5,1,4,35,0,2,0,1,71,0,0,0,4,3
HR_01384,Grožnjan / Grisignana,717,210,21,0,4,1,2,4,1,1,3,0,1,0,0,2,0,0,16,0,1,0,1,148,0,0,0,1,3
HR_01392,Grubisno Polje,5804,1347,41,0,10,8,3,6,6,671,4,1,51,54,3,15,2,4,79,9,2,6,4,335,2,2,0,25,4
HR_01406,Gundinci,1575,345,13,0,2,3,2,2,3,191,3,1,29,6,2,12,0,1,11,0,0,2,3,57,0,0,0,1,1
HR_01414,Gunja,3662,0,0,0,0,0,0,0,0,0,0,0,0,0,0,0,0,0,0,0,0,0,0,0,0,0,0,0,0
HR_01449,Hercegovac,2007,461,13,0,2,3,1,1,3,218,2,0,31,19,0,26,1,0,37,0,1,4,0,87,0,1,0,10,1
HR_01457,Hlebine,1067,234,7,0,0,0,1,0,2,127,2,2,3,10,1,4,0,0,18,1,1,0,0,51,1,1,1,0,1
HR_01465,Hrascina,1293,267,6,0,3,3,1,0,1,138,1,2,8,12,0,1,0,2,22,0,1,1,1,55,1,1,1,4,2
HR_01481,Hrvace,3352,1045,22,0,3,4,1,0,5,805,5,2,60,11,2,12,5,3,25,1,3,7,3,62,1,0,2,0,1
HR_01490,Hrvatska Dubica,2019,466,15,0,4,8,5,1,2,270,0,0,16,10,0,4,5,3,24,1,1,1,1,86,3,2,0,3,1
HR_01503,Hrvatska Kostajnica,2586,576,27,0,3,4,2,2,5,251,2,1,11,39,2,34,1,0,33,2,0,0,2,147,0,1,0,6,1
HR_01511,Breznicki Hum,1110,197,8,0,0,2,1,0,0,98,1,0,2,10,1,3,0,2,22,0,1,0,0,46,0,0,0,0,0
HR_01520,Hum na Sutli,4225,609,31,0,2,9,5,1,9,224,4,1,16,25,1,2,0,1,79,2,1,2,1,182,1,0,2,8,0
HR_01538,Hvar,4139,979,20,0,2,8,5,2,4,467,2,1,43,5,0,11,4,3,77,1,4,3,1,298,1,4,1,8,4
HR_01546,Ilok,6031,1642,70,0,7,16,5,3,18,924,7,9,76,29,4,40,4,23,105,2,6,9,4,254,2,4,0,16,5
HR_01554,Imotski,9005,2386,46,0,12,8,8,2,3,1385,6,3,636,3,0,12,0,4,45,1,6,0,2,189,2,2,0,8,3
HR_01562,Ivanec,11205,2281,83,0,10,26,9,6,20,660,19,2,68,122,7,28,2,6,232,4,5,14,10,907,1,4,2,18,16
HR_01589,Ivanic-Grad,12364,2820,68,0,6,27,10,5,14,891,14,5,158,194,2,69,3,5,334,14,8,18,4,921,3,3,3,32,9
HR_01597,Ivankovo,6449,1535,48,0,9,8,6,3,5,944,8,1,129,45,0,31,1,10,50,4,3,5,1,206,1,0,0,14,3
HR_01619,Ivanska,2369,591,16,0,6,2,3,7,6,179,1,0,39,6,1,21,1,4,42,3,1,0,1,242,1,0,1,5,3
HR_01635,Jakovlje,3211,525,14,0,0,17,2,4,3,208,6,1,22,27,1,1,1,0,71,3,0,6,1,123,1,3,0,6,4
HR_01643,Jaksic,3405,938,32,0,4,14,4,2,6,550,4,4,79,16,0,10,1,2,42,2,3,5,1,147,1,2,0,5,2
HR_01651,Jalzabet,2616,613,17,0,3,6,3,2,8,294,3,3,22,24,2,22,0,2,45,3,4,5,2,131,3,0,2,5,2
HR_01660,Jarmina,1967,431,8,0,2,2,1,0,7,310,3,0,15,7,0,9,1,0,12,0,2,1,1,48,0,0,0,0,2
HR_01678,Jasenice,1513,327,8,0,0,4,1,2,2,225,3,4,17,1,0,6,0,0,15,2,0,2,0,35,0,0,0,0,0
HR_01686,Jasenovac,1898,615,27,0,7,11,7,5,8,328,4,0,23,14,3,14,3,1,46,1,1,2,0,98,0,1,2,7,2
HR_01694,Jastrebarsko,13740,3878,144,0,19,57,23,12,21,1703,26,8,223,92,6,90,4,9,395,13,7,25,7,917,5,8,8,36,20
HR_01708,Jelenje,4526,852,43,0,3,20,2,6,1,188,2,6,33,38,1,31,2,4,166,1,9,5,1,266,2,3,1,8,10
HR_01716,Jelsa,3532,1567,120,0,4,17,4,5,7,745,2,2,61,33,2,15,2,5,101,3,5,6,1,390,8,3,0,13,13
HR_01724,Josipdol,3173,934,27,0,5,6,10,2,7,570,7,1,55,24,2,18,0,3,40,5,1,2,1,128,5,1,2,11,1
HR_01732,Kali,1723,430,16,0,2,6,4,0,10,153,4,0,14,13,2,11,2,0,49,0,0,3,1,131,0,0,2,7,0
HR_01759,Kanfanar,1310,360,9,0,2,6,0,0,6,54,0,2,20,11,2,30,0,1,29,0,1,1,0,175,0,4,1,3,3
HR_01767,Kapela,2548,858,42,0,8,11,2,6,9,386,8,7,25,41,2,29,0,4,105,0,1,6,6,148,4,1,3,4,0
HR_01775,Kaptol,2918,782,18,0,3,8,4,3,7,409,3,2,100,29,0,6,1,3,29,4,2,4,1,132,1,3,1,4,5
HR_01783,Karlobag,1006,448,11,0,3,2,3,1,1,303,1,4,12,4,0,7,0,2,24,2,0,0,2,61,0,0,1,3,1
HR_01791,Karlovac,49404,15189,434,0,60,80,60,36,65,6606,43,21,528,1417,11,247,24,27,1372,55,36,66,38,3727,17,31,13,111,64
HR_01805,Kastav,8876,1970,41,0,4,52,4,0,11,502,5,1,53,67,3,53,3,1,287,10,6,14,2,814,5,3,3,15,11
HR_01813,Kastela,34355,7507,224,0,33,69,26,8,26,3938,18,10,959,146,3,162,3,50,442,11,21,23,8,1260,8,9,6,24,20
HR_01830,Kijevo,390,125,3,0,0,1,2,3,1,99,0,0,9,1,0,0,1,1,0,0,1,0,1,2,0,0,0,0,0
HR_01848,Kistanje,3630,950,22,0,2,2,3,0,1,165,0,0,6,1,1,15,4,0,3,0,1,2,4,711,4,2,0,0,1
HR_01856,Klakar,1931,435,19,0,3,3,10,0,1,253,1,0,51,4,0,1,0,2,38,0,1,2,3,41,0,0,1,1,0
HR_01864,Klana,1646,383,12,0,3,6,1,2,3,119,3,0,9,16,0,9,0,3,40,0,2,2,0,148,1,0,0,2,2
HR_01872,Klanjec,2445,486,22,0,2,5,3,2,13,163,5,0,9,27,1,21,0,0,55,0,1,2,2,144,1,0,0,6,2
HR_01899,Klenovnik,1680,286,8,0,1,4,2,0,1,117,1,0,7,22,1,3,1,0,13,2,0,4,2,95,0,0,0,1,1
HR_01902,Klinca Sela,4266,930,35,0,3,16,4,5,6,430,4,2,80,27,0,19,0,2,114,5,7,3,2,149,1,1,0,10,5
HR_01929,Klis,3956,1148,60,0,7,12,5,2,5,639,2,1,73,27,1,39,3,4,59,5,11,3,1,172,1,3,0,8,5
HR_01937,Klostar Ivanic,5243,1027,32,0,3,9,2,2,7,422,4,0,66,82,0,16,2,5,94,2,3,8,3,247,1,2,3,9,3
HR_01945,Klostar Podravski,2574,575,15,0,4,6,2,0,8,267,3,5,97,6,1,3,1,2,53,2,3,4,0,85,3,1,0,3,1
HR_01953,Knezevi Vinogradi,4208,1624,208,0,23,40,8,10,24,299,13,5,147,69,8,16,17,22,110,7,15,23,11,473,14,10,2,33,17
HR_01961,Knin,14973,3818,146,0,16,18,11,4,14,1691,4,12,297,64,9,87,12,7,138,3,12,11,7,1215,9,7,1,12,11
HR_01970,Komiža,1659,358,27,0,1,3,1,2,1,119,2,3,9,9,0,5,0,0,32,2,0,1,0,126,1,1,1,10,2
HR_01988,Konavle,7368,2113,67,0,4,29,11,2,9,1134,12,5,119,25,1,56,1,7,163,12,9,9,6,402,3,3,0,12,12
HR_01996,Koncanica,1999,382,14,0,3,2,3,0,4,137,6,0,27,11,0,8,0,0,30,0,0,3,0,122,1,2,1,7,1
HR_02003,Konjscina,3056,796,19,0,1,4,0,1,5,401,5,0,14,46,4,11,1,1,65,1,3,0,5,201,1,3,0,1,3
HR_02011,Koprivnica,26267,6646,179,0,20,38,53,12,28,1924,17,20,480,292,12,133,2,5,867,27,17,41,14,2366,4,6,2,62,25
HR_02020,Koprivnicki Bregi,1896,420,18,0,5,4,4,0,2,202,3,2,16,11,1,2,0,1,42,1,3,2,0,94,0,0,1,4,2
HR_02038,Koprivnicki Ivanec,1817,412,18,0,0,2,1,1,4,260,2,0,7,13,1,4,0,1,29,1,1,0,0,60,0,1,3,2,1
HR_02046,Korčula,5176,1596,58,0,3,11,2,4,10,730,4,1,57,17,0,44,0,1,60,1,4,4,2,551,1,2,0,14,15
HR_02054,Koska,3342,732,25,0,14,5,2,1,7,314,5,0,151,31,0,14,2,2,33,1,2,3,1,104,3,1,0,6,5
HR_02062,Kotoriba,2533,561,23,0,4,6,1,1,2,143,3,1,26,56,5,8,0,5,39,7,3,3,22,191,0,0,1,8,3
HR_02089,Kraljevec na Sutli,1402,354,25,0,0,6,0,3,4,147,7,2,20,13,2,5,0,0,23,0,2,4,0,80,1,0,1,8,1
HR_02097,Kraljevica,3985,1052,33,0,4,15,3,2,4,314,7,4,36,37,1,31,3,2,120,3,1,8,0,405,4,0,2,9,4
HR_02119,Krapina,10277,2830,138,0,11,35,8,1,18,1114,13,5,74,246,6,47,4,5,243,11,3,5,7,791,3,4,6,24,8
HR_02127,Krapinske Toplice,4556,1394,85,0,18,20,4,6,23,457,21,4,33,156,3,40,0,4,171,2,10,5,2,295,1,1,1,20,12
HR_02135,Kriz,5893,1779,72,0,6,21,6,3,11,436,6,1,57,469,5,56,2,3,149,8,3,21,9,409,3,3,1,16,3
HR_02143,Krizevci,17341,4280,111,0,12,25,16,10,22,2006,18,4,212,158,4,51,10,6,438,14,4,20,14,1079,5,6,4,13,18
HR_02151,Krk,6082,1312,50,0,3,27,2,4,7,329,7,0,119,41,0,48,1,4,155,2,6,4,3,467,1,8,2,12,10
HR_02160,Krnjak,1942,357,11,0,5,5,2,0,0,79,1,0,1,8,2,5,1,1,10,1,0,2,1,219,2,0,0,1,0
HR_02178,Krsan,2694,637,25,0,1,25,0,5,13,135,3,1,11,32,0,5,1,1,60,1,1,6,3,295,2,3,1,5,2
HR_02194,Kula Norinska,1473,533,29,0,10,3,7,3,5,243,0,0,25,3,0,73,0,0,24,2,1,1,4,94,0,1,1,3,1
HR_02208,Kutina,19497,5086,138,0,16,30,18,11,21,2102,11,7,384,206,6,165,8,8,478,12,11,23,12,1370,4,10,5,25,5
HR_02216,Kutjevo,5496,1418,36,0,8,9,7,5,6,709,10,3,169,27,1,14,2,4,90,4,2,3,1,293,1,2,0,9,3
HR_02224,Labin,10684,2891,98,0,8,25,5,26,10,220,9,0,27,169,2,31,8,4,282,9,8,14,5,1871,7,8,4,26,15
HR_02232,Lanisce,337,89,3,0,1,2,0,6,2,19,0,0,3,5,1,5,0,1,6,0,0,0,1,33,0,0,0,1,0
HR_02259,Lasinja,1529,346,9,0,0,6,0,1,1,190,2,0,18,10,0,20,1,0,23,0,3,1,1,52,0,1,0,5,2
HR_02267,Lastovo,884,208,7,0,2,1,1,0,0,80,1,1,3,5,0,1,2,0,21,1,0,2,1,75,1,0,0,3,0
HR_02275,Legrad,2021,388,16,0,3,5,5,0,2,172,1,0,7,13,0,2,1,0,37,4,0,2,0,116,0,1,0,1,0
HR_02283,Lekenik,4963,1217,38,0,6,6,13,3,7,639,8,0,33,42,0,26,1,1,110,1,7,5,2,251,2,3,3,7,3
HR_02291,Lepoglava,6255,1501,57,0,11,12,6,10,10,554,6,8,36,46,3,19,5,5,128,7,6,4,18,517,6,4,4,13,6
HR_02305,Levanjska Varos,863,205,3,0,0,4,1,0,5,44,1,0,73,5,0,7,1,3,8,0,1,1,0,40,2,0,0,5,1
HR_02313,Lipik,5750,1286,72,0,7,14,2,4,5,622,2,0,56,38,3,20,3,4,62,2,7,7,1,338,1,4,2,8,2
HR_02321,Lipovljani,2881,644,16,0,2,3,4,1,3,320,4,0,36,13,0,5,1,6,66,0,1,3,2,149,1,1,0,2,5
HR_02348,Lisane Ostrovicke,848,219,4,0,3,3,2,0,2,138,0,0,13,3,0,0,0,0,5,0,0,1,0,45,0,0,0,0,0
HR_02356,Ližnjan / Lisignano,3405,749,31,0,4,13,3,7,4,92,5,0,7,43,0,20,0,2,98,3,2,6,1,386,2,2,1,11,6
HR_02364,Lobor,2340,558,16,0,2,3,4,2,7,259,1,2,13,62,2,11,1,1,25,1,0,4,1,134,2,2,1,1,1
HR_02372,Lokve,882,208,8,0,0,0,0,1,0,77,0,2,2,6,0,11,0,1,12,0,0,0,1,82,1,1,0,2,1
HR_02399,Lovas,1103,457,18,0,4,3,4,2,5,341,2,7,10,5,0,1,0,2,17,1,1,1,0,30,0,0,1,2,0
HR_02402,Lovinac,1077,221,5,0,1,1,0,0,1,159,1,1,5,1,0,7,0,2,2,0,0,0,0,34,0,1,0,0,0
HR_02429,Lovran,3769,935,24,0,1,43,1,2,6,132,5,2,12,23,0,22,2,1,108,4,6,9,1,513,0,2,0,10,6
HR_02437,Lovrec,1690,629,13,0,4,1,2,1,5,437,1,2,117,0,0,3,1,0,8,0,2,1,1,29,0,0,1,0,0
HR_02445,Ludbreg,7801,1666,54,0,6,6,5,5,6,433,7,3,101,74,3,17,2,5,184,9,7,11,6,696,3,4,0,11,8
HR_02453,Lukac,3148,875,39,0,6,6,4,0,11,502,4,1,47,18,2,4,1,1,49,0,5,3,2,163,1,2,0,3,1
HR_02461,Lupoglav,802,245,23,0,2,10,4,3,0,17,2,0,3,7,1,3,0,0,20,4,1,2,0,138,2,0,0,3,0
HR_02470,Ljubescica,1559,599,18,0,8,6,2,0,8,438,1,4,11,10,0,5,1,2,23,2,1,2,0,54,0,0,0,3,0
HR_02488,Mace,2063,323,10,0,0,2,2,0,3,170,2,0,5,20,0,2,0,0,26,1,1,1,1,68,0,0,1,6,2
HR_02496,Makarska,14883,3200,66,0,8,17,8,3,6,1203,10,1,248,33,2,51,2,1,164,11,5,11,1,1310,3,9,2,17,8
HR_02500,Mala Subotica,3779,685,26,0,5,4,2,4,3,171,4,0,9,72,23,10,0,4,60,2,1,0,7,265,1,2,0,7,3
HR_02518,Mali Bukovec,1763,532,15,0,7,5,5,2,5,220,2,1,28,9,2,3,0,3,34,1,1,2,5,174,0,2,0,3,3
HR_02526,Mali Lošinj,7885,1991,68,0,7,24,10,6,15,555,9,4,114,58,3,38,2,7,253,7,4,8,4,745,5,2,0,31,12
HR_02534,Malinska-Dubasnica,3649,691,20,0,4,7,1,0,6,241,4,1,47,20,1,18,0,4,87,2,1,4,0,210,0,2,0,7,4
HR_02542,Marcana,3764,833,27,0,6,7,2,3,3,87,4,0,17,22,1,11,4,2,81,1,4,12,4,515,0,1,0,16,3
HR_02569,Marija Bistrica,4984,707,19,0,3,3,2,3,6,301,4,0,19,58,2,9,0,2,89,2,3,5,1,160,2,4,0,7,3
HR_02577,Marijanci,1976,398,7,0,4,8,4,1,6,205,2,0,68,10,0,1,0,1,21,1,0,2,0,50,0,0,0,6,1
HR_02585,Marina,4353,1021,81,0,11,17,5,2,12,415,5,0,61,20,3,28,3,9,60,4,5,5,7,246,2,2,0,12,6
HR_02593,Martinska Ves,2815,781,36,0,6,11,7,4,9,423,3,3,44,53,4,12,1,0,48,1,2,3,0,100,3,1,1,6,0
HR_02607,Marusevec,5328,908,49,0,4,9,1,1,8,364,3,2,19,51,1,14,0,4,99,4,3,2,2,255,0,2,1,6,4
HR_02615,Matulji,10190,2130,76,0,6,67,6,5,3,458,8,2,41,75,1,73,2,4,297,10,6,16,7,922,6,5,5,17,12
HR_02631,Medulin,6499,1544,32,0,3,10,5,5,2,231,3,1,34,65,2,37,1,1,197,6,2,4,2,856,1,15,1,16,12
HR_02640,Metkovic,13787,3683,106,0,14,14,8,4,38,1829,13,9,282,33,1,603,2,4,129,4,8,21,4,531,3,0,2,14,7
HR_02658,Mihovljan,1590,308,14,0,1,2,0,1,7,138,1,3,9,12,1,6,2,1,26,1,1,1,0,76,0,0,0,4,1
HR_02666,Mikleus,1398,374,10,0,3,2,0,0,1,250,1,5,32,7,0,7,0,2,9,0,1,0,1,31,0,0,0,11,1
HR_02674,Milna,1189,327,16,0,3,7,2,1,0,95,3,0,14,3,0,7,0,1,41,3,1,2,0,120,1,1,0,4,2
HR_02682,Mljet,1073,523,7,0,1,3,1,0,4,301,0,0,11,4,2,15,0,0,35,0,0,1,0,133,0,0,0,4,1
HR_02704,Molve,1706,451,18,0,6,5,6,0,8,324,1,2,3,8,1,1,1,0,17,1,1,0,1,44,0,0,0,2,1
HR_02712,Podravska Moslavina,988,191,10,0,0,2,2,2,2,96,1,0,45,6,0,2,0,1,4,0,0,1,0,14,0,0,2,0,1
HR_02739,Mošćenička Draga,1384,352,16,0,1,12,0,2,2,36,0,1,9,10,1,12,0,1,59,2,2,4,5,169,0,2,1,4,1
HR_02747,Motovun / Montona,796,227,21,0,1,6,0,3,1,10,1,0,6,5,2,4,1,1,23,0,1,2,0,130,0,2,0,3,4
HR_02755,Mrkopalj,1081,327,26,0,1,2,4,1,1,162,2,0,7,7,1,6,0,4,30,0,1,0,0,66,0,0,0,3,3
HR_02763,Mursko Sredisce,5549,1108,29,0,8,8,1,2,8,208,5,1,23,143,46,23,3,3,116,4,6,2,89,358,1,5,1,9,6
HR_02780,Nasice,13579,3783,78,0,19,23,21,3,11,1716,6,5,639,169,3,57,3,5,208,9,12,18,5,730,7,5,1,18,12
HR_02798,Nedelisce,9470,1818,70,0,15,11,4,3,4,256,9,5,51,230,48,45,5,4,198,3,2,4,104,714,2,7,0,19,5
HR_02801,Nerezisca,853,363,27,0,0,1,3,3,2,170,2,1,12,1,0,7,1,0,19,1,0,1,1,105,1,1,1,2,1
HR_02810,Netretic,2566,733,23,0,4,4,1,3,9,393,3,2,34,77,1,16,1,2,40,2,2,1,4,87,1,3,5,13,2
HR_02828,Nin,2831,640,8,0,7,6,1,1,3,352,2,1,18,10,1,14,1,3,33,0,2,0,1,168,0,2,3,2,1
HR_02836,Nova Bukovica,1532,450,24,0,7,1,4,0,4,262,0,1,17,1,1,4,2,1,16,0,0,0,1,99,0,1,1,3,0
HR_02844,Nova Gradiska,12657,3034,93,0,7,16,6,2,14,1465,11,4,243,86,5,61,10,5,249,3,2,12,5,693,6,6,1,16,13
HR_02852,Nova Kapela,3512,1441,103,0,11,15,19,6,13,813,4,2,174,15,2,15,1,3,89,0,2,3,6,127,2,3,2,11,0
HR_02879,Nova Raca,2858,662,25,0,6,9,4,2,3,350,5,0,46,16,0,23,0,3,50,5,3,5,2,98,0,0,0,5,2
HR_02887,Novalja,3585,1277,46,0,7,9,0,1,8,696,10,3,70,36,2,56,1,5,75,4,7,6,4,216,1,2,1,8,3
HR_02895,Novi Marof,11038,2857,96,0,17,22,8,12,26,1281,9,2,122,165,5,37,6,5,234,7,8,13,5,723,4,5,2,27,16
HR_02909,Novi Vinodolski,5103,1519,42,0,12,5,2,4,9,686,2,1,22,31,2,31,2,3,145,0,4,4,0,488,5,0,4,11,4
HR_02917,Novigrad / Cittanova,6178,1423,46,0,4,10,0,4,7,518,3,3,38,28,0,18,2,2,110,4,3,6,1,581,0,5,4,22,4
HR_02925,Novigrad Podravski,2400,481,16,0,0,3,7,1,1,195,2,14,22,13,3,5,1,0,53,0,0,0,0,136,0,1,3,0,5
HR_02933,Novska,11851,2785,90,0,11,22,14,4,20,1513,4,6,165,93,2,228,5,10,132,6,10,10,2,405,8,4,0,8,13
HR_02941,Nustar,4666,1641,65,0,16,9,14,8,14,1003,3,2,105,32,0,30,2,13,93,3,4,14,2,187,3,3,1,12,3
HR_02950,Nijemci,4120,1088,54,0,15,6,6,4,13,646,10,2,72,20,3,16,6,6,43,3,5,4,1,141,0,1,0,8,3
HR_02968,Obrovac,5962,1320,68,0,9,6,2,0,6,518,2,6,59,7,2,12,3,4,33,0,7,4,0,556,2,2,1,5,6
HR_02976,Ogulin,11677,4280,189,0,36,63,39,14,25,1861,14,7,123,94,10,60,49,29,273,16,14,14,12,1241,18,23,4,32,20
HR_02984,Promina,1030,315,12,0,3,0,3,0,0,190,0,1,23,2,0,1,0,0,5,0,0,3,0,68,0,0,0,4,0
HR_02992,Okucani,3524,949,36,0,13,4,1,2,11,607,2,1,32,10,1,11,1,2,32,0,1,8,2,159,0,2,3,5,3
HR_03000,Omis,13801,3744,146,0,27,43,44,5,13,1689,20,6,430,72,1,86,4,17,224,16,6,7,10,834,8,6,3,17,10
HR_03018,Omišalj,3208,727,22,0,1,10,6,0,4,189,3,1,30,51,2,18,0,2,91,1,1,2,1,270,4,2,1,7,8
HR_03026,Opatija,10952,2579,56,0,6,52,3,3,3,528,9,1,53,70,1,78,2,5,387,8,8,13,6,1252,4,1,0,19,11
HR_03034,Oprisavci,2129,561,20,0,4,14,6,2,5,321,2,0,29,10,0,16,1,3,38,1,5,2,1,75,0,0,0,3,3
HR_03042,Oprtalj / Portole,804,192,26,0,0,5,1,0,2,21,1,1,2,2,1,1,1,0,24,0,0,0,0,98,1,0,1,2,2
HR_03069,Opuzen,2624,845,29,0,4,5,17,0,5,422,2,1,60,12,1,46,1,0,35,1,0,5,0,193,1,0,1,2,2
HR_03077,Orahovica,4547,1220,43,0,4,5,2,0,9,537,3,1,63,20,0,25,1,1,112,1,1,3,2,346,0,3,1,32,5
HR_03085,Orebić,3825,1155,26,0,5,18,6,2,9,573,1,1,41,9,2,21,0,1,93,3,1,5,1,328,1,2,1,4,1
HR_03093,Oriovac,4943,1255,50,0,11,17,4,1,8,686,11,6,103,26,1,16,1,3,61,5,3,3,0,212,1,1,1,18,6
HR_03107,Biskupija,2039,762,24,0,3,0,0,1,1,30,2,0,9,7,1,1,7,0,8,0,4,1,2,650,4,1,0,5,1
HR_03115,Oroslavje,5236,1041,30,0,5,4,3,11,3,295,11,0,63,88,1,59,6,1,155,5,1,8,0,274,1,2,0,13,2
HR_03123,Osijek,92860,23077,613,0,57,145,57,18,109,7639,45,24,3413,694,20,563,43,406,2176,104,45,165,34,6363,22,34,14,216,58
HR_03131,Otocac,8621,2262,75,0,21,21,38,5,22,1396,12,8,71,37,2,58,7,6,136,4,6,6,5,294,5,7,0,16,4
HR_03140,Otok,4523,1014,25,0,3,8,4,1,7,705,0,7,82,6,1,21,0,1,27,2,0,8,0,90,3,1,2,9,1
HR_03158,Ozalj,6193,1777,94,0,20,42,12,5,22,678,27,2,66,113,8,31,7,10,139,11,10,5,4,430,4,7,3,19,8
HR_03166,Pag,3143,903,20,0,2,4,2,1,4,404,4,0,35,16,0,29,0,3,70,1,2,4,2,291,0,2,0,4,3
HR_03174,Pakostane,3854,755,27,0,6,12,7,1,5,397,0,3,25,12,0,14,2,0,37,2,1,1,6,191,1,0,0,4,1
HR_03182,Pakrac,8175,1966,66,0,16,18,4,2,10,866,8,2,114,54,0,47,7,1,119,5,5,8,7,562,6,7,1,23,8
HR_03204,Pašman,2323,638,35,0,6,15,4,1,1,288,5,3,33,15,2,9,1,0,47,5,5,2,2,147,0,1,2,6,3
HR_03212,Pazin,7378,1899,78,0,8,28,4,13,6,282,6,3,77,64,2,35,1,4,168,9,3,12,5,1057,2,5,2,16,9
HR_03239,Perusic,2432,770,18,0,6,4,3,1,4,527,2,1,10,6,0,12,2,1,37,1,2,2,2,122,0,1,1,3,2
HR_03247,Peteranec,2109,355,8,0,9,3,1,5,1,162,2,1,26,13,1,6,0,2,41,0,2,7,0,57,2,0,1,5,0
HR_03255,Petlovac,2099,601,42,0,3,5,6,1,8,255,2,1,63,14,5,6,0,1,23,0,0,4,0,151,0,2,2,3,4
HR_03263,Petrijanec,3825,862,32,0,7,12,2,4,10,338,5,2,34,56,2,22,1,2,65,2,1,0,13,240,2,2,1,4,3
HR_03271,Petrijevci,2400,596,15,0,2,2,5,1,4,253,4,1,82,21,3,6,0,18,43,3,3,3,1,121,1,0,0,2,2
HR_03280,Petrinja,22496,5111,185,0,18,31,25,15,32,2306,20,7,352,186,4,84,13,5,414,37,15,23,9,1263,8,10,8,31,10
HR_03298,Petrovsko,2161,498,30,0,3,8,2,1,6,171,4,1,17,76,0,14,2,4,29,2,1,0,0,117,2,4,0,4,0
HR_03301,Pican,1535,323,17,0,2,8,1,6,2,31,0,0,6,26,0,2,0,1,34,0,0,0,1,179,0,0,0,6,1
HR_03310,Pisarovina,2996,720,22,0,4,15,4,2,3,364,4,2,69,38,1,20,0,1,66,3,4,1,0,85,3,2,1,2,4
HR_03328,Pitomaca,7971,1999,67,0,16,14,9,2,19,1177,6,7,118,44,0,27,1,2,114,8,2,4,0,334,1,3,0,17,7
HR_03336,Plaski,2128,410,34,0,4,4,2,1,1,115,3,0,5,8,0,0,2,2,6,0,0,1,0,217,3,1,0,1,0
HR_03344,Pleternica,9550,2857,69,0,14,20,8,6,22,1676,12,11,267,55,3,31,7,30,143,3,6,31,3,412,3,4,0,16,5
HR_03352,Ploce,8700,3837,166,0,10,23,16,4,26,1516,14,3,271,41,6,237,7,7,259,8,8,13,9,1166,5,7,0,11,4
HR_03379,Podbablje,4103,1583,38,0,3,9,33,0,6,645,2,0,696,5,0,8,0,1,20,1,1,2,0,105,0,1,1,2,4
HR_03387,Podcrkavlje,2139,619,24,0,5,5,1,1,10,365,4,2,64,6,1,9,0,0,32,0,3,3,2,73,2,1,1,4,1
HR_03395,Podgora,2574,689,31,0,3,5,2,0,1,219,4,3,43,10,0,31,2,1,58,2,0,4,6,254,0,1,0,2,7
HR_03409,Podgorac,2434,504,16,0,3,6,7,0,1,194,3,1,61,23,2,5,1,8,22,1,4,3,1,130,1,1,0,8,2
HR_03417,Podstrana,7831,1484,31,0,2,10,3,1,7,854,3,4,246,16,1,29,3,6,89,1,4,2,2,161,1,0,3,2,3
HR_03425,Podturen,3501,546,21,0,5,3,1,3,2,139,4,1,10,68,28,14,4,2,42,2,2,2,6,183,0,1,2,1,0
HR_03433,Pojezerje,866,218,3,0,2,3,3,1,5,125,0,0,7,9,0,16,0,2,7,0,0,0,3,28,0,0,0,4,0
HR_03441,Polaca,1698,228,8,0,0,1,0,0,0,147,0,0,9,3,1,2,0,1,5,1,0,0,0,47,0,0,1,1,1
HR_03450,Policnik,4199,854,35,0,7,20,7,2,6,552,2,7,25,5,0,9,1,2,38,0,7,3,3,108,0,1,9,3,2
HR_03468,Popovac,1887,472,18,0,1,6,7,0,3,119,1,2,40,1,0,11,3,4,19,2,1,3,1,223,0,0,0,7,0
HR_03476,Popovaca,10033,2319,67,0,7,27,26,3,16,919,8,4,155,144,2,226,6,9,230,9,2,38,11,382,3,3,1,13,8
HR_03484,Poreč / Parenzo,15965,3685,104,0,14,18,10,19,16,495,9,2,89,73,6,60,5,5,366,12,12,23,10,2275,5,11,4,33,9
HR_03492,Posedarje,3261,812,30,0,8,17,2,2,11,554,7,2,18,11,0,9,1,3,36,1,5,0,0,81,1,2,1,9,1
HR_03506,Postira,1496,412,16,0,1,4,2,0,1,190,1,0,21,3,2,13,0,2,32,0,2,4,0,106,1,2,0,8,1
HR_03514,Pozega,22256,7218,199,0,36,48,18,14,31,3373,30,21,383,159,7,135,9,13,575,24,19,35,21,1957,11,18,6,50,26
HR_03522,Pregrada,5360,1132,21,0,4,7,7,3,6,469,5,2,40,101,2,15,3,5,75,3,8,8,3,328,1,2,2,9,3
HR_03549,Preko,4154,1436,43,0,11,37,5,4,10,683,7,1,80,32,2,12,3,1,99,3,8,4,3,364,3,1,0,16,4
HR_03557,Prelog,6491,1437,48,0,8,9,4,1,12,514,7,1,47,143,62,21,2,3,126,5,0,5,3,391,0,4,1,13,7
HR_03565,Preseka,1091,330,9,0,2,14,0,0,0,130,0,2,4,27,0,19,0,0,30,0,1,4,0,79,1,0,0,6,2
HR_03573,Primošten,2667,567,19,0,1,6,0,1,1,226,2,2,53,9,0,6,0,2,54,2,2,4,2,160,0,2,1,8,4
HR_03581,Pucisca,1964,465,13,0,2,5,1,3,12,221,3,1,11,22,0,10,0,3,27,3,1,2,1,114,3,1,0,6,0
HR_03590,Pula / Pola,50847,13153,388,0,34,115,20,65,65,1645,39,12,210,496,10,260,26,16,1713,54,27,144,50,7468,18,92,17,104,65
HR_03603,Punat,2012,462,23,0,4,4,2,3,1,104,0,2,29,12,1,8,0,0,67,1,2,3,0,172,3,11,1,4,5
HR_03611,Punitovci,1442,411,13,0,5,2,2,0,6,128,0,2,70,5,0,12,0,1,19,1,1,0,2,135,0,0,0,4,3
HR_03620,Pusca,2165,385,6,0,1,5,2,1,1,145,2,0,17,14,2,5,0,0,47,1,1,2,1,125,0,1,0,6,0
HR_03638,Rab,7350,1827,63,0,5,15,10,1,4,737,3,2,44,34,3,33,0,1,177,5,3,9,2,637,3,6,1,18,11
HR_03646,Radoboj,2768,1353,97,0,20,17,2,6,10,475,11,4,31,66,3,19,2,0,101,3,7,3,3,449,3,8,0,11,2
HR_03654,Rakovica,2292,422,17,0,3,5,4,1,1,245,0,0,25,18,0,7,1,2,21,1,2,0,1,60,0,2,0,6,0
HR_03662,Rasinja,2711,500,17,0,3,6,5,1,7,150,5,4,14,17,1,31,1,2,41,1,0,3,0,181,3,1,0,5,1
HR_03689,Raša,2982,618,32,0,4,10,0,8,3,62,1,1,5,46,1,2,0,2,55,2,0,4,1,366,2,3,0,6,2
HR_03697,Ravna Gora,2134,645,27,0,6,6,2,5,2,241,2,2,12,27,0,19,3,7,62,1,2,5,2,191,2,1,2,12,4
HR_03719,Razanac,2893,779,22,0,3,11,2,4,4,497,2,2,41,12,1,6,1,1,27,1,3,4,0,122,4,1,1,3,4
HR_03727,Resetari,3962,743,19,0,6,6,0,0,7,371,6,2,84,15,1,63,1,0,33,0,3,1,3,111,0,0,0,9,2
HR_03735,Rijeka,113109,25862,695,0,60,320,60,42,80,6294,65,19,857,856,21,848,38,45,3467,110,52,144,188,11128,23,48,12,219,171
HR_03743,Rovinj / Rovigno,13642,3416,102,0,9,22,5,15,15,333,11,0,91,76,2,47,6,3,253,10,6,18,6,2327,3,9,1,33,13
HR_03751,Rovisce,3940,911,30,0,8,13,5,5,5,513,7,1,70,28,1,16,0,2,53,1,3,6,3,134,0,1,0,5,1
HR_03760,Rugvica,6924,1361,50,0,4,9,8,7,5,607,9,4,106,38,2,29,3,3,131,5,4,4,1,314,0,1,3,9,5
HR_03778,Ruzic,1416,337,12,0,4,0,1,0,4,256,0,1,24,1,0,2,0,0,11,0,0,0,0,17,0,1,0,3,0
HR_03786,Saborsko,698,148,6,0,0,0,1,0,3,99,0,2,0,0,0,1,0,2,2,0,1,1,0,28,1,0,0,1,0
HR_03794,Sali,2227,765,36,0,5,14,3,0,3,313,0,0,16,17,1,9,2,2,69,7,0,1,0,248,3,0,1,10,5
HR_03808,Samobor,32248,8504,275,0,26,64,32,23,60,3575,31,15,535,245,12,212,16,13,1130,71,23,34,13,1979,8,14,5,62,31
HR_03816,Satnica Đakovačka,1880,508,20,0,5,1,3,3,3,239,1,2,51,17,0,3,0,3,10,0,0,0,2,137,0,2,0,4,2
HR_03824,Seget,4490,1977,72,0,14,9,5,3,6,1311,1,4,164,15,0,11,3,1,37,1,3,11,2,288,3,0,2,3,8
HR_03832,Selca,1844,427,9,0,1,12,3,1,2,132,5,0,23,10,0,7,0,1,44,0,5,1,1,157,0,2,1,9,1
HR_03859,Selnica,2655,425,11,0,0,6,1,2,4,96,9,1,14,68,14,14,0,0,23,3,0,2,3,145,0,0,0,9,0
HR_03867,Semeljci,3549,685,27,0,8,6,2,6,7,280,3,4,141,19,0,11,1,4,46,1,5,4,1,96,1,0,2,9,1
HR_03875,Senj,6760,2117,76,0,13,9,17,5,16,1171,8,2,144,27,3,33,3,3,121,3,2,5,5,419,2,8,1,12,9
HR_03883,Sibinj,6021,1498,64,0,12,4,16,3,12,938,5,4,72,27,0,24,3,3,63,2,6,10,2,208,1,2,1,13,3
HR_03891,Sinj,20528,4720,142,0,14,31,10,6,25,2348,4,5,400,82,6,144,4,10,222,5,10,15,8,1171,10,4,8,26,10
HR_03905,Sirac,2077,413,19,0,4,2,2,1,6,179,3,0,21,10,0,23,1,3,37,0,0,1,2,87,0,1,4,5,2
HR_03913,Sisak,41208,11936,433,0,39,88,47,30,54,4602,23,16,725,558,11,331,20,34,1031,39,17,48,39,3561,32,24,10,89,35
HR_03930,Skrad,964,266,10,0,2,1,2,0,3,89,2,0,1,16,0,11,1,1,32,1,1,0,0,81,2,1,0,7,2
HR_03948,Skradin,4431,1206,39,0,6,10,3,1,8,664,1,1,39,9,1,12,3,3,38,1,2,1,5,345,2,2,2,7,1
HR_03956,Slatina,11940,2577,98,0,10,19,5,6,8,1206,11,7,197,65,9,64,3,7,163,3,5,5,0,655,3,4,2,12,10
HR_03964,Slavonski Brod,53490,13271,361,0,76,80,47,26,63,5991,50,27,897,271,13,313,15,28,1161,34,39,60,22,3469,15,27,12,137,37
HR_03972,Slavonski Samac,2022,366,18,0,2,3,1,2,4,163,2,3,29,1,0,5,1,2,8,0,0,2,0,81,0,0,2,37,0
HR_03999,Slivno,1775,659,30,0,1,5,32,0,6,315,1,0,30,13,0,47,3,2,30,3,3,1,5,127,1,0,0,2,2
HR_04006,Slunj,5055,1164,56,0,15,12,10,4,3,590,5,5,41,44,8,12,4,7,82,3,8,3,4,230,0,3,3,9,3
HR_04022,Smokvica,829,310,9,0,1,2,3,3,2,194,2,0,0,0,0,1,0,1,8,1,0,1,0,77,1,1,0,3,0
HR_04057,Sokolovac,2822,620,18,0,3,3,10,3,5,332,3,2,11,24,0,5,4,2,31,0,1,3,0,149,1,0,2,7,1
HR_04065,Solin,19619,4696,120,0,17,32,29,5,11,2622,13,4,471,92,4,93,1,14,294,15,13,23,6,760,3,11,5,26,12
HR_04073,Sopje,1980,618,19,0,3,0,2,2,4,357,2,1,86,9,0,5,0,2,27,0,0,3,2,89,0,0,0,2,3
HR_04090,Split,151653,37856,946,0,77,314,101,49,126,14685,81,34,3692,719,14,850,27,57,2959,135,88,121,30,12282,70,74,20,183,122
HR_04103,Sracinec,4035,912,31,0,4,7,3,1,3,146,3,1,43,48,0,10,2,2,72,5,1,3,4,511,0,2,0,5,5
HR_04111,Stankovci,1781,400,15,0,3,10,1,3,6,243,1,0,17,9,0,6,0,1,14,0,0,2,0,63,1,1,1,1,2
HR_04120,Stara Gradiska,1342,378,28,0,4,6,1,3,4,143,2,0,27,1,0,3,1,6,24,1,3,4,3,97,0,2,2,13,0
HR_04138,Stari Grad,2812,783,34,0,3,8,1,2,3,327,1,5,37,11,1,8,2,1,69,1,1,4,0,244,4,2,2,8,4
HR_04146,Stari Jankovci,4032,993,39,0,4,4,3,4,10,563,7,2,61,15,3,33,0,6,44,0,3,10,0,169,1,2,1,8,1
HR_04154,Stari Mikanovci,2384,638,19,0,2,5,3,0,4,254,1,3,20,20,0,6,0,1,25,0,7,5,1,257,0,1,1,2,1
HR_04162,Starigrad,2008,477,14,0,0,5,4,3,4,300,2,0,10,2,1,9,2,2,25,1,3,1,2,85,1,0,0,1,0
HR_04189,Staro Petrovo Selo,4565,1111,43,0,6,9,3,3,7,675,7,2,81,25,2,22,0,3,80,2,3,3,3,118,2,1,0,11,0
HR_04197,Ston,2227,882,30,0,0,6,8,3,0,416,1,1,19,7,0,89,0,0,53,0,7,5,2,223,1,1,1,5,4
HR_04219,Strizivojna,2090,354,17,0,2,3,0,1,1,193,3,0,60,4,1,3,0,4,13,0,0,3,0,42,0,0,0,4,0
HR_04227,Stubicke Toplice,2456,461,20,0,1,6,0,2,0,135,2,0,25,48,0,19,0,1,69,3,2,5,0,117,0,1,0,2,3
HR_04235,Sućuraj,567,215,9,0,2,1,1,0,0,79,0,0,2,1,0,3,0,0,8,0,0,0,0,104,1,1,0,2,1
HR_04243,Suhopolje,5872,1637,41,0,8,15,10,6,19,978,2,4,93,14,4,23,6,6,78,5,5,4,4,289,2,4,1,11,5
HR_04251,Sukosan,4112,975,45,0,4,16,4,2,9,567,1,3,38,11,1,15,1,4,42,4,6,1,2,188,0,0,3,2,6
HR_04260,Sunja,5744,1410,72,0,12,5,11,2,7,670,3,0,75,99,1,14,6,4,54,2,2,1,1,331,17,7,3,7,4
HR_04278,Supetar,4265,999,31,0,7,5,4,1,5,333,3,1,34,11,0,19,1,3,85,1,4,1,1,430,0,2,0,11,6
HR_04286,Sveti Filip i Jakov,4054,1121,33,0,4,10,8,4,7,740,5,3,38,16,1,12,2,2,58,1,3,2,4,152,2,1,1,9,3
HR_04294,Sveti Ivan Zelina,13538,3062,73,0,9,17,8,451,19,1134,11,1,95,110,2,93,3,4,288,4,6,13,5,670,4,5,3,22,12
HR_04308,Sveti Kriz Zacretje,5035,1020,33,0,3,5,3,4,13,480,7,2,33,70,2,22,1,1,111,3,4,9,3,188,2,4,2,10,5
HR_04316,Sveti Lovrec,881,174,13,0,1,1,2,2,0,12,2,0,6,5,0,1,1,0,17,0,0,0,2,104,0,0,0,5,0
HR_04324,Sveta Nedelja,2661,654,27,0,4,3,0,6,2,33,2,0,8,68,0,8,1,1,38,0,2,2,0,439,0,0,0,6,4
HR_04332,Sveti Petar u Sumi,867,228,9,0,3,3,1,1,3,105,1,0,14,6,0,4,0,0,13,3,0,2,0,52,1,1,0,1,5
HR_04359,Svetvincenat,1935,484,43,0,2,7,3,2,1,60,3,2,7,19,0,7,0,0,35,2,3,2,2,274,1,1,0,5,3
HR_04367,Sveta Nedelja,15373,3297,83,0,2,33,14,11,14,1385,19,3,231,146,3,80,6,7,433,25,15,13,10,704,3,7,1,28,21
HR_04375,Sveti Đurđ,3079,470,25,0,2,7,4,2,3,120,3,0,24,25,5,11,1,4,46,0,0,1,3,174,2,0,1,4,3
HR_04383,Sveti Ilija,2863,737,40,0,6,9,3,0,6,286,8,2,44,29,1,11,1,2,59,1,0,2,4,211,1,1,2,4,4
HR_04391,Sveti Ivan Zabno,4106,833,26,0,2,8,8,2,5,430,2,3,20,37,0,21,1,3,62,0,3,4,2,174,0,2,0,11,7
HR_04405,Sveti Juraj na Bregu,4416,770,31,0,6,10,6,1,5,160,3,2,19,119,32,22,1,0,64,3,2,6,1,262,4,2,1,7,1
HR_04413,Sveti Martin na Muri,2408,392,20,0,2,7,1,0,0,79,1,1,21,88,10,28,1,1,25,1,2,0,0,94,0,2,1,5,2
HR_04421,Sveti Petar Orehovec,3537,681,15,0,0,5,2,2,6,446,3,1,22,12,1,5,0,1,28,2,4,2,1,117,0,1,1,2,2
HR_04430,Sestanovac,1915,638,28,0,2,6,5,0,4,416,0,1,96,4,0,6,1,1,17,0,0,0,2,41,0,1,1,5,1
HR_04448,Šibenik,41462,11290,306,0,38,56,32,17,43,5179,30,15,668,105,9,149,8,8,749,23,22,58,10,3622,17,17,8,71,30
HR_04456,Škabrnja,1525,361,9,0,1,1,1,0,0,291,1,1,16,0,0,7,0,2,2,0,0,0,0,29,0,0,0,0,0
HR_04472,Šolta,2107,719,27,0,2,23,3,1,6,180,4,2,43,18,2,19,0,5,86,3,8,1,2,266,2,1,2,10,3
HR_04499,Spisic Bukovica,3483,806,28,0,6,9,4,3,5,465,3,0,55,16,1,5,0,2,40,0,1,2,0,156,1,0,0,3,1
HR_04502,Stefanje,1667,409,7,0,2,11,4,0,4,225,4,2,22,12,0,8,1,1,20,0,0,0,5,68,2,1,1,6,3
HR_04529,Strigova,2479,351,12,0,4,2,3,3,3,93,4,1,4,49,20,7,1,3,27,0,0,1,0,104,0,1,3,4,2
HR_04537,Tinjan,1400,301,16,0,3,8,1,1,0,52,1,0,5,10,0,7,0,2,21,0,0,2,2,164,0,2,2,1,1
HR_04545,Tisno,3065,954,23,0,6,12,15,3,6,357,5,0,46,29,1,23,2,2,62,1,3,4,2,339,3,2,0,5,3
HR_04553,Plitvicka jezera,4124,859,32,0,3,3,2,1,4,355,3,3,31,15,2,7,3,2,41,0,2,1,3,330,5,3,1,6,1
HR_04561,Tompojevci,1461,463,25,0,4,7,8,0,4,257,1,0,34,4,1,9,0,2,32,0,3,2,2,58,1,2,2,4,1
HR_04570,Topusko,3055,491,13,0,5,2,1,1,3,261,2,2,9,18,0,1,3,0,31,2,1,0,1,131,0,0,2,1,1
HR_04588,Tordinci,1752,552,22,0,10,5,2,0,5,325,1,1,24,8,0,18,5,2,11,0,2,1,0,105,1,0,0,3,1
HR_04596,Tovarnik,2537,688,16,0,1,10,2,0,1,453,4,2,43,14,0,16,1,7,30,1,2,1,0,72,1,3,0,5,3
HR_04600,Trilj,7925,2254,74,0,15,24,14,4,16,1352,15,5,261,30,3,38,1,6,70,4,5,5,2,255,0,2,21,24,8
HR_04618,Trnava,1408,339,15,0,2,5,1,1,7,155,2,1,57,13,0,4,0,1,13,1,0,0,1,45,0,1,0,6,8
HR_04626,Trnovec Bartolovecki,5803,1047,41,0,5,10,4,3,10,363,4,2,38,79,2,9,0,1,97,3,1,3,3,357,1,2,0,4,5
HR_04634,Trogir,12428,2949,102,0,9,13,9,5,9,1205,7,1,255,48,0,63,2,14,161,2,8,11,4,992,3,6,3,12,5
HR_04642,Trpinja,4920,1106,39,0,1,0,1,1,2,45,1,0,8,3,1,5,41,0,12,0,0,2,0,935,2,2,2,0,3
HR_04669,Tuhelj,1769,522,21,0,0,6,2,0,8,232,1,3,17,26,0,5,0,2,39,2,0,5,2,143,0,1,0,5,2
HR_04677,Udbina,1878,594,27,0,2,3,6,1,3,110,2,0,5,1,2,8,0,1,11,1,0,0,1,407,1,0,0,1,1
HR_04685,Umag / Umago,12853,2244,88,0,8,27,4,19,29,327,8,2,24,99,2,25,3,4,226,7,12,19,3,1246,7,12,5,27,11
HR_04693,Unesic,1416,757,12,0,5,1,4,1,3,638,2,1,30,0,0,4,0,0,11,0,0,1,0,35,1,1,1,4,2
HR_04715,Valpovo,9616,2814,91,0,12,20,7,2,12,1271,11,1,503,74,0,32,3,8,178,12,7,19,4,507,1,2,3,25,9
HR_04723,Varazdin,39615,10511,302,0,21,73,24,19,26,2248,33,14,646,515,17,273,7,12,1470,62,19,77,30,4469,16,14,6,79,39
HR_04731,Varazdinske Toplice,5413,1425,71,0,2,16,9,0,12,445,3,2,51,121,3,57,1,6,135,8,3,10,7,444,4,1,0,10,4
HR_04740,Vela Luka,3639,1082,37,0,5,13,2,1,0,435,3,0,8,16,1,49,1,3,40,0,4,3,3,445,3,5,3,0,2
HR_04758,Velika,4684,1184,38,0,9,10,4,5,12,593,1,4,81,43,4,26,2,3,93,5,4,5,4,216,2,7,1,9,3
HR_04766,Velika Kopanica,2994,652,35,0,1,8,5,2,3,334,2,0,96,8,1,8,2,7,41,1,3,3,0,82,0,1,0,9,0
HR_04774,Velika Ludina,2108,576,20,0,0,8,7,1,10,339,2,1,10,28,0,10,1,2,59,0,2,3,0,69,1,0,1,2,0
HR_04782,Velika Pisanica,1473,364,10,0,1,4,0,0,4,215,0,0,6,6,1,8,1,1,21,2,0,3,0,75,1,1,0,4,0
HR_04804,Veliki Grđevac,2494,547,18,0,3,6,8,1,6,227,1,2,44,21,0,23,2,5,44,4,1,4,0,109,1,0,0,11,6
HR_04812,Veliko Trgovisce,4016,773,28,0,0,3,1,2,4,317,2,2,31,144,1,18,0,1,51,3,3,2,2,150,0,1,2,5,0
HR_04839,Veliko Trojstvo,2323,538,15,0,0,4,1,0,6,269,4,0,14,60,0,21,0,0,40,2,1,2,2,90,0,1,1,3,2
HR_04847,Vidovec,4348,551,26,0,4,8,1,3,5,209,2,1,18,35,0,8,2,0,58,4,2,2,0,153,0,0,2,7,1
HR_04855,Viljevo,1667,347,21,0,4,7,1,2,7,161,3,3,55,8,0,2,2,1,20,1,0,4,1,39,0,2,0,2,1
HR_04863,Vinica,2827,663,31,0,2,6,3,3,9,250,3,1,22,30,5,15,0,1,56,1,5,3,2,199,1,3,0,6,6
HR_04871,Vinkovci,29706,9227,280,0,30,53,27,16,41,4522,35,9,663,211,14,184,8,25,641,40,18,31,20,2231,13,15,4,74,22
HR_04880,Vinodolska opcina,3338,683,22,0,2,5,1,2,0,226,2,1,18,18,0,26,0,0,73,1,4,2,1,269,1,1,0,4,4
HR_04898,Vir,3961,965,24,0,6,13,3,3,12,380,2,0,64,17,2,43,2,5,77,1,3,1,0,294,0,0,5,7,1
HR_04901,Virje,3636,647,28,0,4,4,14,1,3,268,3,4,26,29,0,13,2,2,63,2,2,2,1,165,1,0,1,9,0
HR_04910,Virovitica,18477,5198,149,0,20,30,17,9,28,2491,12,18,320,142,3,96,2,12,442,20,5,41,7,1287,1,4,4,32,6
HR_04928,Vis,1924,528,23,0,2,4,3,2,2,171,0,0,17,20,0,17,0,0,42,0,3,0,2,206,3,3,0,6,2
HR_04936,Visoko,1194,376,11,0,5,4,1,1,4,246,4,0,9,11,0,2,1,0,14,2,0,2,1,50,1,1,0,5,1
HR_04944,Viskovci,1530,396,5,0,4,2,2,0,7,200,1,0,59,4,1,4,0,1,9,1,2,0,0,88,1,2,1,2,0
HR_04952,Viskovo,12843,2383,63,0,4,35,5,1,5,758,6,5,101,91,1,89,5,4,284,8,2,13,0,870,3,4,2,12,12
HR_04979,Višnjan / Visignano,1978,360,22,0,0,4,5,4,3,28,5,0,2,13,1,10,2,0,43,1,1,2,0,200,1,0,2,8,3
HR_04987,Vižinada / Visinada,990,196,16,0,3,5,1,5,3,7,0,0,5,6,0,1,0,0,10,1,1,0,3,126,0,1,0,2,0
HR_04995,Vocin,2017,536,22,0,9,3,2,1,1,302,2,0,36,4,1,7,0,1,16,1,1,0,0,125,0,0,1,1,0
HR_05002,Vodice,9471,2673,84,0,11,11,5,5,13,1343,8,6,228,26,0,52,3,4,166,5,12,6,2,659,5,5,2,8,4
HR_05029,Vodnjan / Dignano,5384,1247,85,0,10,7,2,16,4,122,5,1,24,49,4,16,3,1,95,2,1,11,21,740,1,6,2,15,4
HR_05037,Vojnic,4812,990,55,0,15,5,4,4,2,365,6,3,25,17,1,22,11,5,27,1,3,4,0,399,1,4,2,6,3
HR_05045,Vratisinec,1720,381,22,0,7,5,3,1,3,62,5,0,9,51,15,4,2,1,34,0,1,3,1,139,2,0,0,8,3
HR_05053,Vrbanja,3615,432,17,0,0,2,7,1,1,310,2,0,17,10,0,7,1,1,16,0,0,2,1,33,0,0,0,3,1
HR_05061,Vrbje,2030,545,16,0,2,9,0,0,7,409,5,5,30,7,0,2,0,0,12,0,1,0,2,36,0,0,0,2,0
HR_05070,Vrbnik,1231,369,12,0,0,8,2,1,1,115,4,2,35,15,0,14,0,0,37,3,2,1,0,106,0,0,3,8,0
HR_05088,Vrbovec,12139,3035,84,0,12,33,11,14,12,1214,19,7,119,193,3,67,1,9,379,13,6,12,6,757,6,8,2,27,21
HR_05096,Vrbovsko,4634,1144,52,0,8,11,2,0,7,365,2,2,21,27,6,22,6,2,71,3,5,4,2,507,1,5,0,11,2
HR_05100,Gvozd,3362,523,17,0,6,3,0,2,0,157,1,1,28,5,2,1,6,4,8,1,2,2,2,268,2,1,0,3,1
HR_05118,Vrgorac,6092,1611,55,0,7,19,11,1,13,819,5,3,59,9,0,18,0,5,82,1,2,1,4,471,2,2,5,10,7
HR_05126,Vrhovine,1117,274,7,0,3,4,16,1,2,35,3,1,1,1,0,0,9,1,10,0,0,1,0,177,1,1,0,0,0
HR_05134,Vrlika,2100,738,14,0,11,3,0,1,5,474,3,2,41,7,0,8,1,3,16,0,4,2,0,137,1,2,0,0,3
HR_05142,Vrpolje,2992,722,35,0,6,9,6,2,0,423,2,2,59,24,0,14,2,4,42,0,0,3,2,76,0,1,3,5,2
HR_05169,Vrsar / Orsera,2054,487,10,0,2,6,0,5,1,72,1,1,9,5,0,4,2,1,34,0,1,5,0,317,0,2,0,7,2
HR_05177,Vuka,1014,213,12,0,1,3,1,1,1,113,1,0,38,5,0,0,0,2,8,0,0,0,1,21,0,0,0,3,2
HR_05185,Vukovar,27135,7881,179,0,21,24,28,11,20,3801,14,8,269,93,18,89,87,21,270,12,11,18,9,2809,12,13,5,26,13
HR_05193,Zabok,7546,1851,65,0,7,10,5,3,10,519,9,6,81,199,3,23,2,3,256,8,4,9,4,598,0,5,0,13,9
HR_05207,Zadar,65213,15003,396,0,36,212,40,19,49,6597,26,20,775,287,16,226,16,34,1293,52,35,58,24,4552,10,24,60,85,61
HR_05215,Zagorska Sela,867,194,12,0,0,5,0,0,7,66,1,1,10,14,0,9,0,1,24,0,0,1,0,42,1,0,0,0,0
HR_05223,Zagvozd,1102,277,9,0,1,1,3,0,1,178,0,0,47,1,0,1,0,0,8,1,1,0,0,21,1,0,0,2,1
HR_05231,Zazablje,675,224,21,0,2,1,1,1,0,152,2,0,7,0,0,21,0,1,4,0,1,0,0,5,1,0,0,3,1
HR_05240,Zdenci,1592,514,15,0,8,2,6,2,6,190,3,1,116,5,0,5,1,2,14,1,0,5,1,111,1,1,1,16,1
HR_05258,Zemunik Donji,2146,686,51,0,6,6,3,0,6,426,4,3,20,11,1,7,0,1,19,2,2,1,0,106,2,2,2,1,4
HR_05266,Zlatar,5021,857,38,0,1,9,2,4,9,363,4,2,48,49,0,7,0,0,72,4,1,1,1,222,1,2,0,12,5
HR_05274,Zlatar-Bistrica,2132,455,18,0,0,2,1,1,1,150,5,2,8,34,0,5,0,0,38,2,2,2,1,173,1,0,0,4,5
HR_05282,Zmijavci,1746,593,6,0,1,1,0,0,1,319,1,2,195,2,0,2,0,0,8,1,4,2,1,47,0,0,0,0,0
HR_05304,Zakanje,1759,552,23,0,5,15,5,0,5,278,6,0,12,31,2,10,2,3,54,2,2,5,0,73,3,3,2,2,9
HR_05312,Zminj,2899,445,21,0,4,3,0,1,5,59,2,0,17,16,3,12,0,0,43,0,2,3,1,239,2,2,0,9,1
HR_05339,Krasic,2226,634,19,0,7,3,3,2,9,455,4,1,15,17,0,10,0,0,31,3,1,2,2,40,0,0,2,4,4
HR_05347,Zupanja,11476,2590,88,0,9,17,7,8,12,1355,11,7,144,118,0,50,0,8,150,5,9,11,2,547,2,4,4,16,6
HR_05355,Otok,5500,1238,55,0,10,12,4,3,6,722,9,4,81,21,1,16,1,1,45,2,1,10,0,213,4,0,2,15,0
HR_05363,Rakovec,967,617,11,0,1,3,1,2,0,446,3,1,3,7,0,3,0,4,45,2,0,2,0,78,0,0,0,5,0
HR_05380,Kostrena,3722,918,24,0,3,8,1,0,1,273,2,1,7,25,1,23,1,5,132,2,3,3,0,388,0,0,1,9,5
HR_05398,Marija Gorica,1871,455,14,0,1,6,1,2,3,199,1,0,39,20,1,8,0,1,57,2,1,1,1,88,1,0,2,3,3
HR_05401,Zumberak,890,265,17,0,4,7,0,4,6,126,4,6,10,10,0,7,1,1,10,1,0,1,2,44,0,1,1,0,2
HR_05410,Velika Gorica,54772,13800,392,0,29,112,38,29,49,5711,47,17,925,498,23,311,14,29,1428,74,33,67,23,3753,16,23,14,104,41
HR_05428,Orle,1676,349,12,0,4,5,2,0,4,131,4,1,15,9,0,1,1,0,42,2,0,3,1,100,0,3,2,6,1
HR_05436,Zapresic,21724,5237,101,0,10,37,12,10,10,1942,10,6,536,198,7,102,5,11,697,41,6,27,7,1395,7,10,4,27,19
HR_05444,Pokupsko,1845,477,20,0,4,10,2,3,7,248,17,0,25,13,0,3,0,0,38,0,1,0,2,71,0,1,1,9,2
HR_05452,Kravarsko,1618,418,17,0,4,10,2,0,3,202,4,0,22,11,0,10,0,0,39,0,0,0,1,85,0,0,0,5,3
HR_05479,Bistra,5563,1005,39,0,5,9,2,4,6,412,6,1,74,131,0,13,0,1,94,6,3,3,4,181,0,0,0,9,2
HR_05487,Luka,1146,193,8,0,0,0,0,0,1,113,0,0,11,3,0,2,1,1,19,1,0,1,0,29,0,1,0,2,0
HR_05495,Dubravica,1199,340,7,0,4,7,0,0,1,220,1,0,11,7,0,1,0,0,29,0,0,0,0,45,0,1,1,3,2
HR_05509,Bedenica,1124,254,9,0,1,5,3,27,2,95,1,1,10,12,1,3,0,1,31,0,0,2,0,41,0,1,0,6,2
HR_05517,Stupnik,3144,599,20,0,2,3,3,12,4,225,5,1,61,20,0,16,0,1,88,3,2,5,1,119,1,0,1,5,1
HR_05525,Jesenje,1261,421,19,0,4,2,2,2,3,177,2,0,10,14,1,3,1,1,20,0,2,0,1,151,0,0,0,5,1
HR_05533,Kumrovec,1378,343,18,0,2,3,2,1,5,109,1,1,9,25,1,9,0,0,33,0,3,3,0,116,0,0,1,1,0
HR_05541,Novi Golubovec,811,233,9,0,2,1,0,0,0,166,0,1,2,6,0,0,0,0,7,1,0,1,0,34,1,0,1,1,0
HR_05550,Majur,1173,428,14,0,3,1,0,1,7,255,1,1,15,11,0,1,2,3,11,1,1,0,0,92,2,2,2,1,1
HR_05568,Ribnik,461,139,7,0,0,3,0,0,3,73,0,0,3,7,0,4,0,1,13,1,1,1,1,18,0,1,0,1,1
HR_05576,Tounj,970,263,8,0,6,2,4,2,3,179,1,1,11,6,0,2,0,2,13,0,0,0,0,20,0,0,0,0,3
HR_05584,Veliki Bukovec,1164,280,13,0,0,4,1,0,8,134,1,0,10,10,1,6,0,1,22,1,0,0,1,60,1,0,0,4,2
HR_05592,Kalinovac,1291,351,11,0,2,2,3,0,4,212,1,2,7,14,0,5,0,1,25,0,0,0,0,55,1,2,1,2,1
HR_05606,Kalnik,1116,405,7,0,1,4,1,2,3,254,0,1,5,7,0,2,1,0,8,1,0,1,0,105,0,0,0,2,0
HR_05614,Novo Virje,965,154,10,0,1,0,1,0,3,91,0,5,4,4,0,3,1,0,4,1,2,0,0,23,0,0,0,1,0
HR_05622,Severin,756,158,10,0,0,0,0,0,3,79,2,0,9,6,1,2,0,1,6,0,0,1,1,33,0,0,1,3,0
HR_05649,Sandrovac,1415,294,10,0,6,5,0,0,1,162,0,0,12,10,0,7,1,1,14,0,1,1,0,62,0,0,0,1,0
HR_05657,Velika Trnovitica,1167,303,12,0,1,1,2,0,3,156,3,1,26,12,1,7,1,0,17,1,1,3,1,47,1,0,0,3,3
HR_05665,Zrinski Topolovac,664,150,3,0,0,1,1,0,1,85,1,1,13,2,0,30,0,0,3,0,0,0,0,7,0,0,0,2,0
HR_05673,Bukovlje,2842,687,24,0,2,4,7,3,3,357,1,0,36,4,1,11,0,0,44,0,2,2,1,176,1,2,0,5,1
HR_05681,Dragalic,1292,390,18,0,3,3,0,1,7,221,1,1,21,7,0,2,0,1,11,0,0,2,0,90,1,0,0,0,0
HR_05690,Gornja Vrba,2198,533,17,0,3,2,3,1,2,327,0,1,28,10,0,21,1,0,43,0,0,3,0,65,1,0,0,2,3
HR_05703,Sikirevci,2090,516,26,0,1,2,4,2,1,280,1,2,73,5,0,5,1,2,10,1,0,0,4,59,0,1,2,32,2
HR_05711,Galovac,1050,158,7,0,1,3,0,0,2,92,0,0,13,1,0,1,0,2,5,2,0,1,0,28,0,0,0,0,0
HR_05720,Kukljica,955,242,12,0,2,6,2,1,1,78,1,2,4,8,1,5,0,0,14,0,0,1,0,99,0,0,0,4,1
HR_05738,Povljana,671,152,6,0,4,5,1,1,0,78,0,1,2,3,0,4,0,0,9,0,0,2,0,33,1,0,1,1,0
HR_05746,Privlaka,2384,361,7,0,0,7,0,0,1,196,0,0,20,3,0,3,0,1,22,1,0,2,1,91,0,1,2,2,1
HR_05754,Tkon,675,186,10,0,1,4,2,0,1,77,1,1,5,2,0,1,0,0,15,0,1,2,0,58,0,3,1,0,1
HR_05762,Donja Moticina,1377,382,21,0,3,3,0,2,3,142,1,0,128,7,0,4,1,1,13,0,1,1,0,48,1,0,0,1,1
HR_05789,Magadenovac,1552,443,23,0,0,4,0,0,6,168,2,0,51,7,0,3,1,1,30,0,3,4,4,127,3,0,0,5,1
HR_05797,Vladislavci,1681,352,22,0,4,1,2,2,9,133,2,1,75,3,2,6,1,0,23,0,1,4,0,55,0,0,0,5,1
HR_05819,Pirovac,1894,563,36,0,1,4,5,1,7,256,0,2,19,11,1,12,2,3,33,2,5,0,0,155,2,1,1,3,1
HR_05827,Rogoznica,2645,819,21,0,3,7,6,0,3,473,0,1,33,14,0,11,4,0,59,2,4,1,0,169,1,0,0,4,3
HR_05835,Privlaka,2498,608,19,0,4,3,1,0,4,399,3,0,37,6,0,7,0,2,23,1,0,2,1,90,1,1,0,1,3
HR_05843,Vođinci,1554,397,8,0,0,6,0,2,7,274,0,0,18,4,0,17,0,1,12,0,0,0,1,44,1,0,0,0,2
HR_05851,Dugopolje,2959,834,41,0,8,16,3,1,3,558,1,2,41,14,0,20,2,4,20,3,1,1,3,86,0,0,0,4,2
HR_05860,Lecevica,584,306,1,0,1,6,0,0,0,284,0,0,4,0,0,4,0,0,4,0,0,0,0,2,0,0,0,0,0
HR_05878,Lokvicici,862,241,4,0,2,1,0,0,0,169,1,0,35,0,0,12,0,2,1,0,0,1,1,10,0,0,0,1,1
HR_05886,Okrug,4057,846,10,0,1,7,2,0,7,356,1,0,47,11,0,7,1,3,46,0,1,2,1,335,2,0,1,2,3
HR_05894,Prgomet,581,153,7,0,0,2,4,0,3,105,0,0,10,3,0,4,0,0,2,0,2,0,1,9,0,0,0,1,0
HR_05908,Primorski Dolac,637,131,3,0,0,1,0,0,0,107,1,0,7,0,0,3,0,0,1,0,0,0,0,6,1,0,0,1,0
HR_05916,Runovici,2162,733,13,0,3,5,3,0,1,412,3,0,168,3,0,6,0,3,4,1,8,0,1,91,0,0,1,5,2
HR_05924,Sutivan,988,281,5,0,1,3,0,0,2,120,1,1,8,8,0,3,0,0,18,0,0,1,0,108,0,1,0,0,1
HR_05932,Tucepi,1692,455,6,0,1,6,0,1,1,206,1,1,22,8,0,5,0,1,29,2,0,3,1,157,0,2,0,1,1
HR_05959,Zadvarje,255,114,2,0,2,1,0,0,2,37,0,0,8,0,0,2,0,0,5,0,1,0,0,53,0,0,0,0,1
HR_05967,Karojba,1196,249,12,0,0,3,0,7,3,74,0,0,14,7,0,4,0,1,20,2,2,3,0,93,0,0,0,4,0
HR_05975,Kaštelir-Labinci / Castelliere-S. Domenica,1306,222,13,0,0,4,1,3,2,40,1,0,6,6,0,2,0,0,22,1,2,1,0,112,0,0,0,6,0
HR_05983,Dubrovacko primorje,2000,779,34,0,2,3,7,3,2,544,3,1,12,3,0,14,0,2,41,0,0,0,2,99,2,2,0,3,0
HR_05991,Janjina,586,191,4,0,0,0,1,1,2,87,2,2,5,10,0,6,0,0,7,0,0,1,0,58,0,1,3,0,1
HR_06009,Lumbarda,1094,359,6,0,0,3,0,0,0,210,0,0,17,4,0,9,0,3,34,1,0,1,0,68,1,0,0,1,1
HR_06017,Trpanj,799,242,9,0,6,1,1,0,0,102,0,1,13,5,0,3,1,0,13,0,0,0,0,80,2,0,0,4,1
HR_06025,Župa dubrovačka,7356,1276,39,0,7,7,7,1,4,729,5,2,56,29,2,31,3,4,90,3,7,6,2,227,1,1,1,7,5
HR_06033,Dekanovec,665,153,8,0,0,2,0,3,2,74,0,1,10,10,2,8,0,0,4,0,0,0,0,29,0,0,0,0,0
HR_06041,Gornji Mihaljevec,1658,275,4,0,1,4,2,1,3,90,1,0,11,37,10,11,0,1,21,1,0,4,0,69,0,1,0,2,1
HR_06050,Orehovica,2120,540,17,0,2,6,0,3,6,104,2,0,6,46,15,8,1,1,29,5,1,0,109,167,0,0,0,9,3
HR_06068,Strahoninec,2305,512,14,0,3,1,1,0,4,105,3,1,17,42,9,23,1,1,68,5,3,1,1,205,0,0,1,3,0
HR_06076,Sveta Marija,1966,352,11,0,3,4,0,1,2,100,4,1,7,27,63,3,0,0,39,1,1,0,0,75,1,1,0,4,4
HR_06084,Senkovec,2472,533,14,0,0,2,0,0,3,105,0,2,32,38,11,8,0,0,61,4,1,1,1,238,0,0,0,8,4
HR_06092,Jagodnjak,1769,239,16,0,0,0,0,0,1,43,1,0,4,1,2,1,6,0,7,0,1,1,3,150,1,0,1,0,0
HR_06106,Markusica,2266,256,17,0,2,2,0,0,0,3,0,1,2,9,1,2,12,0,9,0,1,0,0,194,0,1,0,0,0
HR_06122,Negoslavci,1173,237,8,0,0,0,0,0,0,0,0,0,0,1,2,1,5,0,3,0,0,1,0,213,1,0,0,2,0
HR_06149,Sodolovci,1561,260,16,0,2,1,1,0,1,18,0,0,12,1,0,0,23,1,3,0,0,0,0,179,0,0,1,1,0
HR_06165,Podravske Sesvete,1359,245,7,0,1,1,0,1,4,107,2,2,10,9,0,3,0,0,29,1,0,0,1,59,1,1,0,5,1
HR_06173,Murter - Kornati,1924,521,9,0,1,3,3,1,3,230,0,0,35,8,0,8,0,0,42,1,3,1,1,163,1,1,0,5,2
HR_06181,Gornja Rijeka,1344,444,9,0,2,2,0,0,6,314,1,1,16,9,0,4,1,1,13,0,0,2,1,59,0,0,0,3,0
HR_06190,Fažana / Fasana,3449,1070,45,0,2,8,1,9,10,133,3,1,15,23,1,14,2,1,99,4,2,6,8,662,1,2,1,12,5
HR_06203,Pribislavec,2403,455,16,0,3,1,3,2,1,39,1,1,7,50,11,12,1,0,26,1,0,1,111,162,0,2,0,2,2
HR_06211,Bilice,2132,422,13,0,6,2,0,0,4,246,1,0,24,4,0,13,0,0,26,0,0,3,0,73,0,1,2,2,2
HR_06220,Kolan,744,272,3,0,0,0,1,0,1,198,0,0,9,2,0,4,0,0,9,0,0,1,0,44,0,0,0,0,0
HR_06238,Kamanje,818,223,10,0,2,3,0,1,1,69,0,1,5,11,0,8,0,0,26,4,1,2,0,73,0,0,0,3,3
HR_06246,Lopar,1117,436,26,0,7,1,2,0,5,213,1,1,30,13,0,4,0,0,20,2,0,0,2,103,0,0,0,3,3
HR_06254,Vrsi,2038,458,10,0,2,5,2,0,3,279,1,0,12,5,0,9,0,0,18,1,0,1,2,103,0,0,0,4,1
HR_06262,Tribunj,1569,495,18,0,3,5,13,1,7,220,1,5,21,9,0,5,0,1,31,1,2,3,2,132,0,1,0,12,2
HR_06289,Štitar,1978,272,9,0,0,3,3,0,2,173,0,0,15,5,0,4,1,0,9,1,2,0,0,38,0,0,1,6,0
HR_06297,Funtana / Fontane,840,303,14,0,1,6,0,3,1,57,0,1,9,9,2,6,1,0,17,2,2,1,1,167,0,1,0,0,2
HR_06319,Tar-Vabriga / Torre-Abrega,1864,434,26,0,2,4,2,3,5,43,8,0,11,16,1,5,1,0,35,2,2,4,0,245,0,1,0,10,8
HR_HRZZAF,Citizens of Croatia living in Afghanistan,0,63,4,0,0,2,0,0,0,26,0,0,8,4,1,2,0,0,8,0,0,0,5,2,0,0,0,1,0
HR_HRZZAL,Citizens of Croatia living in Albania,0,6,0,0,0,0,0,0,0,1,0,0,2,0,0,0,0,0,1,0,0,0,0,2,0,0,0,0,0
HR_HRZZAR,Citizens of Croatia living in Argentina,0,92,0,0,0,0,0,4,1,77,1,0,3,1,0,0,0,0,1,1,0,0,0,3,0,0,0,0,0
HR_HRZZAT,Citizens of Croatia living in Austria,0,170,1,0,0,0,3,0,2,122,0,1,9,1,0,1,0,1,7,0,0,0,0,18,0,1,0,0,3
HR_HRZZAU,Citizens of Croatia living in Australia,0,255,1,0,0,2,3,2,1,221,1,1,14,1,0,4,0,0,2,0,0,0,0,2,0,0,0,0,0
HR_HRZZBA,Citizens of Croatia living in Bosnia and Herzegovina,0,2792,23,0,12,17,7,2,5,2361,3,6,112,12,2,19,0,3,39,4,3,2,1,141,4,1,0,8,5
HR_HRZZBE,Citizens of Croatia living in Belgium,0,251,1,0,0,0,0,1,0,82,0,0,10,15,1,6,0,0,52,3,0,0,0,77,0,0,0,0,3
HR_HRZZBG,Citizens of Croatia living in Bulgaria,0,15,0,0,0,0,0,0,0,6,0,0,1,0,0,0,0,0,3,0,0,0,0,5,0,0,0,0,0
HR_HRZZBR,Citizens of Croatia living in Brazil,0,8,0,0,0,0,0,0,0,4,0,0,0,0,0,0,0,0,1,0,0,0,0,3,0,0,0,0,0
HR_HRZZCA,Citizens of Croatia living in Canada,0,171,3,0,0,0,0,0,0,142,2,0,17,0,0,0,0,0,1,0,0,0,0,5,0,0,0,1,0
HR_HRZZCH,Citizens of Croatia living in Switzerland,0,272,1,0,0,0,0,0,1,199,0,1,22,3,2,1,0,5,15,2,1,0,0,17,0,0,0,0,2
HR_HRZZCL,Citizens of Croatia living in Chile,0,18,0,0,0,0,1,2,0,7,0,0,0,1,0,0,0,0,1,1,1,0,0,4,0,0,0,0,0
HR_HRZZCN,Citizens of Croatia living in China,0,10,1,0,0,0,0,0,0,3,0,0,1,0,0,0,0,0,1,0,0,0,0,4,0,0,0,0,0
HR_HRZZCZ,Citizens of Croatia living in Czechia,0,15,1,0,0,0,0,0,0,3,0,0,0,0,0,2,0,0,1,0,1,0,0,7,0,0,0,0,0
HR_HRZZDE,Citizens of Croatia living in Germany,0,1243,21,0,0,12,5,3,3,954,1,0,105,13,3,11,1,4,28,4,1,3,0,59,0,2,0,1,9
HR_HRZZDK,Citizens of Croatia living in Denmark,0,19,0,0,0,0,0,0,0,6,0,0,5,0,0,1,0,0,1,1,0,0,1,4,0,0,0,0,0
HR_HRZZDZ,Citizens of Croatia living in Algeria,0,19,0,0,0,1,0,1,0,5,0,0,1,0,0,0,0,0,2,1,0,0,0,6,1,0,0,0,1
HR_HRZZEG,Citizens of Croatia living in Egypt,0,12,0,0,0,0,0,1,1,1,0,0,0,0,0,0,0,0,3,1,0,0,0,4,0,0,0,1,0
HR_HRZZES,Citizens of Croatia living in Spain,0,16,0,0,0,0,0,0,0,9,0,0,1,0,0,0,0,0,1,0,0,0,0,5,0,0,0,0,0
HR_HRZZFI,Citizens of Croatia living in Finland,0,9,0,0,0,0,0,0,0,0,0,0,0,0,0,0,0,0,5,1,0,0,0,2,0,0,0,0,1
HR_HRZZFR,Citizens of Croatia living in France,0,61,0,0,0,1,0,0,0,30,0,0,2,3,0,2,0,0,7,0,0,0,0,16,0,0,0,0,0
HR_HRZZGB,Citizens of Croatia living in United Kingdom,0,26,0,0,0,0,0,0,0,13,0,0,0,1,0,0,0,0,6,0,0,0,0,6,0,0,0,0,0
HR_HRZZGR,Greece,0,16,0,0,0,0,0,0,0,4,0,0,1,1,0,0,0,0,4,0,0,0,0,6,0,0,0,0,0
HR_HRZZHU,Citizens of Croatia living in Hungary,0,25,1,0,0,1,0,0,0,12,0,0,1,0,0,0,0,0,6,1,0,0,0,3,0,0,0,0,0
HR_HRZZID,Citizens of Croatia living in Indonesia,0,10,0,0,1,0,0,0,0,4,0,0,0,0,0,0,0,0,1,0,0,0,0,4,0,0,0,0,0
HR_HRZZIE,Citizens of Croatia living in Ireland,0,10,0,0,0,0,0,0,0,3,0,0,1,0,0,1,0,0,2,1,0,1,0,1,0,0,0,0,0
HR_HRZZIL,Citizens of Croatia living in Israel,0,13,0,0,0,0,0,0,0,6,0,0,0,0,0,1,0,0,2,0,0,0,0,3,1,0,0,0,0
HR_HRZZIN,Citizens of Croatia living in India,0,4,0,0,0,1,0,0,1,0,0,0,0,0,0,0,0,0,1,0,0,0,0,1,0,0,0,0,0
HR_HRZZIT,Citizens of Croatia living in Italy,0,222,5,0,1,4,1,1,0,115,1,1,36,7,1,7,0,0,19,0,2,0,1,19,0,1,0,0,0
HR_HRZZJP,Citizens of Croatia living in Japan,0,6,0,0,0,0,0,0,0,1,0,0,0,0,0,0,0,0,3,0,0,0,0,2,0,0,0,0,0
HR_HRZZMK,Citizens of Croatia living in North Macedonia,0,65,1,0,0,1,0,0,1,38,0,0,4,3,0,0,0,0,0,0,2,0,0,13,1,0,0,1,0
HR_HRZZME,Citizens of Croatia living in Montenegro,0,60,1,0,1,1,0,0,0,23,0,0,0,4,0,5,0,0,8,0,1,0,0,15,0,0,0,0,1
HR_HRZZNL,Citizens of Croatia living in Netherlands,0,30,0,0,0,0,0,0,0,8,1,0,3,0,0,1,0,0,7,0,0,0,0,10,0,0,0,0,0
HR_HRZZNO,Citizens of Croatia living in Norway,0,13,0,0,0,0,0,1,0,6,1,0,0,0,0,0,0,0,3,1,0,0,0,1,0,0,0,0,0
HR_HRZZPL,Citizens of Croatia living in Poland,0,24,0,0,0,0,0,0,0,5,0,0,5,3,0,1,0,0,3,0,0,0,0,6,0,0,0,0,1
HR_HRZZPT,Citizens of Croatia living in Portugal,0,15,0,0,0,0,0,0,0,2,0,0,0,2,0,0,0,0,6,1,0,0,0,4,0,0,0,0,0
HR_HRZZQA,Citizens of Croatia living in Qatar,0,12,1,0,0,0,0,0,0,5,0,0,0,0,0,0,0,0,5,0,0,0,0,1,0,0,0,0,0
HR_HRZZRO,Citizens of Croatia living in Romania,0,19,1,0,0,0,0,0,0,6,0,0,3,0,0,0,0,0,3,0,0,0,0,6,0,0,0,0,0
HR_HRZZRS,Citizens of Croatia living in Serbia,0,184,5,0,1,2,1,3,1,46,0,0,7,3,1,4,1,1,7,0,1,0,0,94,0,3,0,0,3
HR_HRZZRU,Citizens of Croatia living in Russian Federation,0,26,1,0,0,0,0,0,0,11,0,0,2,0,0,0,0,0,5,0,1,0,0,5,1,0,0,0,0
HR_HRZZSE,Citizens of Croatia living in Sweden,0,13,1,0,0,0,0,0,0,5,0,0,0,1,0,0,0,0,1,2,0,0,0,2,0,0,0,0,1
HR_HRZZSI,Citizens of Croatia living in Slovenia,0,21,0,0,0,1,0,0,0,14,0,0,0,0,0,1,0,0,1,1,0,0,0,3,0,0,0,0,0
HR_HRZZSK,Citizens of Croatia living in Slovakia,0,45,1,0,0,0,1,0,0,25,0,0,1,2,0,2,0,0,2,0,0,0,0,9,0,1,0,1,0
HR_HRZZTR,Citizens of Croatia living in Türkiye,0,27,1,0,0,1,0,0,1,5,1,0,0,1,1,0,0,0,7,1,1,0,0,7,0,0,0,0,0
HR_HRZZUA,Citizens of Croatia living in Ukraine,0,5,0,0,0,0,0,0,0,2,0,0,0,0,0,0,0,0,1,1,0,0,0,1,0,0,0,0,0
HR_HRZZUS,Citizens of Croatia living in United States,0,89,4,0,0,0,0,0,0,43,0,0,3,2,0,1,0,0,8,0,0,0,0,27,1,0,0,0,0
HR_HRZZXK,Citizens of Croatia living in Kosovo,0,44,1,0,0,5,2,0,1,11,0,0,1,1,0,8,0,0,8,0,0,0,0,5,0,0,0,0,1
HR_HRZZZA,Citizens of Croatia living in South Africa,0,19,0,0,1,0,0,0,0,12,1,0,0,0,0,0,0,0,2,0,0,0,0,2,0,0,0,0,1
