gisco_id,name,registered,turnout,invalid,blank,AS,A-HSP,DA,DP,HDZ,HSGO,HSU,Ilčić,L9,JD,MOST-HS-HSP,Možemo!,OIP,HB,PZŽ,PHR,PIP,RF,Republika,Ričard,Skočak,SDP,SIP,UZ-SU-BUZ-DSU,ORaH
HR_00019,Andrijasevci,3103,449,6,0,1,1,3,63,230,0,4,8,0,0,25,5,8,0,1,0,15,0,0,3,14,57,3,2,0
HR_00027,Antunovac,3034,642,11,0,0,0,1,57,352,1,3,4,1,0,18,9,5,1,0,0,22,2,1,8,23,115,2,5,1
HR_HRYY11,Hrvatska (XI. izborna jedinica),12050,12049,110,0,21,16,14,1158,8120,13,10,71,104,7,331,780,109,14,16,6,211,45,13,49,242,545,21,4,19
HR_00035,Babina Greda,2831,405,7,0,2,1,1,57,135,1,37,15,1,0,6,3,2,0,4,0,8,0,1,2,16,102,0,2,2
HR_00043,Bakar,6824,1391,21,0,7,7,1,67,479,2,8,9,54,2,41,55,20,6,13,0,40,13,0,23,58,442,2,15,6
HR_00051,Bale - Valle,1089,208,5,0,1,0,0,1,30,2,0,0,100,0,4,17,2,0,1,0,3,2,8,1,9,22,0,0,0
HR_00060,Barban,2141,611,6,0,2,1,1,2,53,0,3,3,382,1,7,16,2,0,1,0,12,5,2,9,13,84,0,3,3
HR_00078,Barilovic,2445,575,9,0,6,2,0,40,248,1,2,3,98,6,20,7,13,1,3,0,18,1,1,9,23,59,1,1,3
HR_00086,Baška,1798,456,8,0,0,3,0,15,171,1,5,3,17,1,16,25,7,0,3,1,8,1,0,7,24,133,2,3,2
HR_00094,Baska Voda,2850,719,24,0,1,0,3,90,278,1,2,8,12,1,40,18,13,2,4,0,10,1,2,29,18,156,2,3,1
HR_00108,Bebrina,2439,394,16,0,5,0,1,28,207,1,4,6,3,0,9,1,3,2,3,0,9,3,0,2,15,69,6,1,0
HR_00116,Bedekovcina,6265,962,17,0,0,1,1,57,272,3,34,10,23,0,16,41,10,1,5,1,14,0,0,4,40,395,4,12,1
HR_05509,Bedenica,1057,257,8,0,2,1,0,18,73,2,2,1,1,0,9,7,3,1,2,0,20,4,0,11,28,57,3,2,2
HR_00124,Bednja,3301,714,13,0,2,0,2,27,421,3,4,2,18,0,9,11,7,0,0,0,25,1,0,2,33,126,3,3,2
HR_00132,Beli Manastir,7500,1324,36,0,8,2,0,100,533,1,8,2,112,3,28,32,14,0,4,1,32,4,2,8,39,338,3,12,2
HR_00159,Belica,2531,397,2,0,0,2,1,9,107,0,1,1,75,0,4,7,3,0,0,1,12,1,0,3,18,145,2,3,0
HR_00167,Belisce,8135,1388,20,0,4,5,3,165,480,1,10,13,17,0,31,38,20,0,6,2,60,8,0,4,39,440,6,13,3
HR_00175,Benkovac,12316,1555,39,0,9,5,1,195,783,2,11,7,83,2,82,11,26,0,5,0,38,4,0,34,47,163,4,3,1
HR_00183,Berek,973,365,6,0,9,0,0,17,208,1,2,1,2,1,13,8,5,0,1,0,15,1,1,6,3,55,2,7,1
HR_00191,Beretinec,1832,333,11,0,3,1,0,6,120,1,2,12,32,0,6,5,7,0,1,2,8,1,0,3,28,80,2,1,1
HR_00205,Bibinje,3423,535,6,0,3,1,1,64,294,2,0,13,5,0,34,6,18,0,2,0,10,1,2,16,13,40,1,2,1
HR_06211,Bilice,2243,326,5,0,2,0,0,35,153,0,2,3,5,0,24,5,4,1,1,0,11,1,0,13,12,48,0,1,0
HR_00213,Bilje,4314,739,12,0,11,1,1,72,239,2,3,3,17,2,31,20,7,1,2,0,26,3,3,6,24,242,3,7,1
HR_00221,Biograd na Moru,5290,1046,12,0,3,3,4,103,430,1,7,10,2,1,41,31,15,1,6,0,29,3,1,33,37,261,1,8,3
HR_03107,Biskupija,1087,359,17,0,2,1,1,4,12,0,1,0,284,0,3,4,0,0,1,0,4,0,0,3,3,18,0,1,0
HR_05479,Bistra,5587,873,15,0,3,4,0,100,269,1,5,5,5,1,36,46,14,1,6,0,31,3,5,5,62,246,4,3,3
HR_00230,Bizovac,3454,626,10,0,4,0,2,89,224,4,3,3,3,0,30,12,10,1,1,1,25,2,0,6,32,153,2,9,0
HR_00248,Bjelovar,31598,5912,73,0,25,5,3,633,1798,6,46,69,313,7,186,207,92,8,30,5,196,27,7,51,256,1793,18,47,11
HR_00256,Blato,3087,1085,24,0,8,1,4,32,638,1,6,19,3,1,24,23,9,1,2,1,14,4,2,16,22,223,0,7,0
HR_00264,Bogdanovci,1399,272,5,0,1,1,0,79,111,0,1,3,1,0,17,3,2,0,0,0,10,1,0,3,6,28,0,0,0
HR_00272,Bol,1540,334,2,0,1,1,2,17,85,0,4,3,3,1,10,17,7,1,2,0,12,4,1,7,17,130,3,3,1
HR_00299,Borovo,3378,772,24,0,4,1,1,4,9,0,3,2,666,1,4,13,2,1,1,1,2,2,0,0,3,23,1,1,3
HR_00302,Bosiljevo,974,242,9,0,2,1,0,11,147,2,0,2,9,2,6,1,3,1,1,0,1,0,0,3,4,36,0,1,0
HR_00329,Bosnjaci,2935,420,10,0,1,1,1,77,174,1,4,2,0,0,29,5,12,0,1,0,13,2,0,4,20,58,0,4,1
HR_00337,Brckovljani,5860,857,11,0,1,5,0,99,284,1,5,12,6,2,38,38,17,4,5,1,26,7,1,7,42,231,5,5,4
HR_00345,Brdovec,9882,1793,17,0,8,4,0,161,505,2,9,24,14,2,65,116,23,6,6,1,71,11,5,14,97,607,3,17,5
HR_00779,Brela,1536,291,8,0,2,0,0,54,100,0,1,3,6,0,20,6,3,0,0,0,3,2,0,4,7,68,2,1,1
HR_00353,Brestovac,3022,781,10,0,4,7,1,45,446,1,7,8,15,0,35,7,6,3,5,2,20,1,0,3,38,103,7,6,1
HR_00361,Breznica,1686,287,3,0,2,0,1,33,90,1,15,4,2,0,13,8,3,1,1,0,12,1,0,4,27,62,3,1,0
HR_01511,Breznicki Hum,1043,176,1,0,0,1,1,18,53,0,1,4,4,1,5,3,0,0,1,0,7,0,0,1,18,54,3,0,0
HR_00370,Brinje,2305,408,4,0,0,2,0,35,269,0,2,0,6,0,11,6,2,0,2,6,14,0,1,5,13,28,2,0,0
HR_00388,Brod Moravice,597,150,5,0,2,2,0,7,57,0,0,0,2,0,3,5,3,0,1,0,2,1,0,2,8,49,0,1,0
HR_00396,Brodski Stupnik,2259,423,4,0,1,1,2,46,206,0,3,3,0,0,27,2,9,1,4,0,15,4,0,2,21,63,0,8,1
HR_00400,Brtonigla - Verteneglio,1443,283,10,0,3,1,0,4,37,0,1,1,174,0,7,5,0,0,2,0,3,0,0,1,3,29,1,0,1
HR_00418,Budinscina,1830,228,3,0,1,0,0,9,94,0,2,0,7,1,6,5,3,0,1,0,6,0,0,1,16,70,3,0,0
HR_00426,Buje - Buie,4130,770,13,0,3,3,0,16,91,0,0,1,415,1,15,19,8,1,5,0,25,5,0,1,12,122,3,8,3
HR_05673,Bukovlje,2718,497,6,0,5,3,0,39,238,1,1,9,3,2,16,12,10,0,6,0,8,1,0,4,19,102,3,5,4
HR_00434,Buzet,4923,1550,30,0,1,1,0,10,81,0,6,2,1027,0,37,37,4,2,4,0,17,9,0,13,37,217,0,9,6
HR_00442,Cerna,3434,508,10,0,2,1,0,94,204,0,5,5,16,0,23,1,10,0,1,0,13,1,0,7,13,98,1,2,1
HR_00469,Cernik,2928,615,13,0,5,1,0,33,326,0,1,8,4,0,21,11,6,1,6,1,25,1,0,2,22,119,0,7,2
HR_00477,Cerovlje,1262,410,10,0,4,1,0,2,35,0,0,6,270,1,16,6,6,1,1,0,6,2,1,3,11,25,1,2,0
HR_00485,Cestica,4413,808,20,0,8,1,2,23,155,0,9,4,197,7,21,26,5,2,3,1,26,4,2,3,65,201,12,10,1
HR_00493,Cetingrad,1664,242,1,0,1,1,0,20,168,1,1,0,0,0,8,5,4,0,1,0,3,0,0,3,9,13,3,0,0
HR_00507,Cista Provo,2003,613,14,0,0,0,0,89,417,1,0,6,1,0,37,2,5,1,2,0,5,0,0,13,8,11,1,0,0
HR_00515,Civljane,196,14,0,0,1,0,0,1,2,0,0,0,1,0,0,2,0,0,0,0,0,0,0,1,1,5,0,0,0
HR_00523,Cres,2628,668,5,0,4,0,0,30,140,0,4,50,102,1,26,31,5,1,5,0,19,5,3,10,21,194,3,7,2
HR_00531,Crikvenica,11205,1959,22,0,2,2,0,97,678,1,15,9,69,2,49,77,21,3,3,0,57,17,2,22,69,723,7,9,3
HR_00540,Crnac,1001,194,2,0,2,3,0,21,109,1,2,1,1,0,2,0,3,0,0,0,8,1,0,1,4,30,2,1,0
HR_00663,Darda,5090,720,13,0,4,2,1,58,186,3,3,9,142,5,16,20,5,2,1,1,27,4,1,8,13,182,3,10,1
HR_00671,Daruvar,9165,1711,32,0,10,0,0,110,614,1,14,20,62,2,42,85,30,0,7,1,57,13,2,9,60,521,3,14,2
HR_00680,Davor,2268,322,3,0,2,1,0,15,195,0,3,0,2,0,22,5,6,1,3,0,15,0,0,1,8,36,2,2,0
HR_06033,Dekanovec,638,137,0,0,3,0,0,10,67,1,1,0,17,0,0,0,0,0,0,0,0,1,0,0,9,28,0,0,0
HR_00698,Delnice,4551,873,10,0,2,3,2,25,278,0,12,3,19,0,29,30,8,0,11,0,37,5,1,7,25,353,1,9,3
HR_00701,Desinic,2062,487,19,0,2,5,2,36,191,2,0,1,4,1,13,7,5,3,3,0,7,1,2,0,21,159,2,0,1
HR_00710,Dezanovac,1918,331,6,0,4,2,1,43,116,3,3,6,0,2,10,7,2,0,1,0,7,2,0,0,16,91,2,4,3
HR_00728,Dicmo,2379,492,4,0,0,1,2,78,261,1,0,10,1,0,43,4,6,0,2,0,12,0,0,18,16,30,1,2,0
HR_00744,Dobrinj,2350,444,9,0,1,1,0,22,88,0,4,0,25,1,11,20,5,1,4,0,21,3,0,25,25,171,2,5,0
HR_00752,Domasinec,1808,257,3,0,1,1,0,4,74,2,1,1,56,0,5,4,2,1,0,0,11,1,0,2,18,67,0,3,0
HR_00787,Donja Dubrava,1557,255,4,0,1,0,0,8,69,2,1,2,39,1,7,8,2,0,0,0,12,4,0,2,18,73,0,2,0
HR_05762,Donja Moticina,1205,216,0,0,1,1,0,17,110,1,1,5,1,0,9,4,3,0,0,0,3,1,3,0,21,33,1,1,0
HR_00795,Donja Stubica,4500,782,7,0,2,1,0,75,227,1,12,9,15,0,20,37,9,1,1,0,30,4,0,3,39,276,5,6,2
HR_00809,Donja Voca,1906,201,5,0,1,2,0,11,65,1,1,0,20,0,8,6,4,1,1,0,12,1,0,0,11,48,2,1,0
HR_00817,Donji Andrijevci,2837,456,10,0,1,2,0,62,209,1,3,2,2,1,18,4,6,0,0,0,27,1,1,6,18,78,2,2,0
HR_00825,Donji Kraljevec,3549,651,12,0,3,0,0,33,190,1,5,6,76,1,11,20,6,1,6,0,8,3,0,3,40,214,1,11,0
HR_00833,Donji Kukuruzari,1169,301,9,0,2,0,0,13,187,3,4,0,30,0,9,1,1,0,1,0,1,2,0,1,12,23,0,1,1
HR_00841,Donji Lapac,1323,279,15,0,0,0,2,13,42,0,1,0,127,0,5,5,2,1,0,0,4,2,0,4,3,53,0,0,0
HR_00868,Donji Miholjac,6986,1216,8,0,3,2,0,168,461,2,11,11,5,1,36,24,18,1,6,1,41,7,1,9,50,336,5,8,1
HR_00892,Donji Vidovec,1074,143,3,0,2,0,0,3,39,0,1,1,21,0,4,3,1,0,0,0,7,0,0,2,11,42,2,1,0
HR_05681,Dragalic,1120,233,5,0,1,0,0,24,92,0,3,3,12,1,2,8,3,1,0,0,11,5,0,1,9,50,2,0,0
HR_00906,Draganic,2236,416,7,0,3,4,1,61,180,0,5,2,19,2,12,9,6,0,3,0,13,2,0,4,20,53,2,3,5
HR_00914,Draz,1946,416,8,0,2,0,0,37,218,0,3,0,2,0,9,6,1,1,3,1,12,2,0,2,9,96,1,3,0
HR_00949,Drenje,1885,351,4,0,1,0,1,28,188,0,9,0,1,1,19,4,6,1,1,0,16,1,0,2,12,53,1,2,0
HR_00922,Drenovci,3956,469,15,0,3,0,0,63,214,1,3,3,1,0,26,1,14,2,1,0,13,0,1,0,13,90,2,3,0
HR_00957,Drnis,5948,1387,31,0,2,0,3,190,804,0,5,4,42,3,51,10,19,1,2,0,28,0,0,36,23,124,3,6,0
HR_00965,Drnje,1347,159,1,0,0,4,0,5,46,0,2,0,0,0,2,4,3,0,0,0,8,2,1,1,6,71,1,2,0
HR_00973,Dubrava,3587,848,19,0,13,1,3,62,381,1,8,4,4,0,23,19,14,2,6,5,21,4,1,6,37,197,8,8,1
HR_05495,Dubravica,1095,267,3,0,0,0,0,27,148,0,0,3,0,0,1,8,0,0,2,0,8,1,0,2,21,39,0,3,1
HR_05983,Dubrovacko primorje,1544,489,7,0,2,1,0,37,279,1,5,1,2,0,17,9,10,0,0,0,18,1,1,19,14,62,2,1,0
HR_00981,Dubrovnik,36652,7070,110,0,15,9,70,567,2763,12,95,65,209,5,361,345,132,8,25,3,230,34,5,98,184,1671,16,25,13
HR_00990,Duga Resa,8836,1957,34,0,8,4,1,191,764,14,29,11,58,1,101,67,34,2,10,0,48,5,4,19,68,446,9,24,5
HR_01007,Dugi Rat,6264,1040,11,0,6,0,1,171,364,1,0,19,4,1,88,20,19,1,4,0,32,9,2,16,44,220,2,3,2
HR_01015,Dugo Selo,17058,2609,34,0,9,6,1,332,834,1,11,42,27,0,136,151,54,3,9,1,105,11,6,26,161,609,9,13,18
HR_05851,Dugopolje,3250,783,16,0,0,3,1,63,467,5,6,2,4,2,46,6,8,0,1,0,12,0,0,23,21,93,0,4,0
HR_01023,Dvor,3477,873,20,0,2,1,0,31,141,0,3,0,538,0,9,7,6,0,0,0,17,2,0,1,6,82,2,4,1
HR_01104,Erdut,5427,730,13,0,3,0,0,52,181,2,0,2,273,0,8,9,8,0,1,0,20,9,0,7,23,106,2,6,5
HR_01112,Ernestinovo,1746,312,0,0,0,0,0,30,175,0,1,0,3,0,8,6,1,0,2,0,5,4,1,0,12,60,1,3,0
HR_01139,Ervenik,577,232,10,0,0,0,0,0,4,0,0,0,194,0,2,8,0,0,0,0,2,0,0,0,2,10,0,0,0
HR_01147,Farkasevac,1295,312,10,0,1,0,0,20,150,3,3,2,1,0,7,3,1,0,1,1,13,1,1,1,19,69,0,5,0
HR_06190,Fažana - Fasana,3381,732,10,0,4,1,0,27,124,0,3,2,261,0,9,28,7,0,4,0,20,16,0,5,30,173,4,2,2
HR_01155,Ferdinandovac,1231,268,4,0,1,0,0,24,130,0,7,13,0,0,2,3,0,0,0,0,12,0,1,2,4,64,0,1,0
HR_01163,Fericanci,1583,277,11,0,2,1,1,25,104,0,4,0,7,0,12,4,2,0,0,0,9,2,1,5,16,69,0,2,0
HR_06297,Funtana - Fontane,827,203,2,0,1,0,0,5,68,0,0,0,80,0,4,5,0,0,0,1,0,0,0,3,9,24,0,1,0
HR_01171,Fuzine,1393,259,9,0,1,0,0,15,67,0,3,1,9,0,3,14,3,0,2,0,10,2,0,4,14,98,1,2,1
HR_05711,Galovac,1046,134,1,0,0,0,0,13,87,0,1,0,0,0,2,0,3,0,0,0,2,0,0,6,2,17,0,0,0
HR_01198,Garesnica,7882,1551,24,0,8,3,1,88,701,2,9,12,88,2,44,34,22,2,3,2,51,6,0,6,66,351,7,15,4
HR_01180,Garcin,3692,687,22,0,8,0,1,75,324,1,3,8,5,2,21,9,15,0,1,1,27,4,0,8,30,114,3,2,3
HR_01201,Generalski Stol,1985,376,9,0,2,5,0,67,159,1,3,0,28,1,15,5,2,0,0,0,2,2,0,1,14,56,0,2,2
HR_01210,Glina,6834,1093,20,0,3,4,1,106,575,2,3,11,37,0,27,15,13,2,6,0,30,4,1,1,36,178,6,8,4
HR_01228,Gola,1684,268,5,0,3,3,0,34,128,0,2,4,4,0,6,7,3,1,0,1,6,1,1,3,10,41,1,4,0
HR_01236,Gorican,2219,430,8,0,0,0,0,16,183,1,5,13,58,3,7,5,2,0,2,0,9,2,0,1,21,88,1,2,3
HR_01244,Gorjani,1184,286,4,0,1,1,0,26,148,0,7,6,1,0,5,4,2,0,0,0,5,3,0,4,4,61,1,2,1
HR_06181,Gornja Rijeka,1301,296,7,0,2,5,0,18,136,0,2,2,1,0,12,2,1,0,2,0,12,0,0,7,13,72,0,2,0
HR_01252,Gornja Stubica,4125,642,7,0,2,0,0,71,156,0,8,6,50,2,30,9,5,1,5,0,31,2,3,6,38,203,1,4,2
HR_05690,Gornja Vrba,2144,358,12,0,2,0,0,41,171,0,6,6,4,0,17,5,3,1,4,0,10,1,0,4,16,51,3,1,0
HR_01279,Gornji Bogicevci,1528,247,9,0,1,0,0,26,103,0,2,1,9,0,13,1,3,2,2,0,14,0,0,0,15,41,1,3,1
HR_01295,Gornji Kneginec,4542,847,17,0,2,5,2,23,376,1,6,10,40,1,17,25,7,2,7,1,24,2,0,4,48,216,5,5,1
HR_06041,Gornji Mihaljevec,1541,276,7,0,2,1,0,4,68,0,5,2,67,2,8,4,3,0,0,0,16,0,0,1,17,63,3,2,1
HR_01309,Gospic,10529,5549,273,0,48,35,15,368,2673,7,40,26,112,9,233,57,106,18,51,382,122,17,10,208,164,495,19,49,12
HR_01333,Grad Zagreb,667747,163959,1585,0,467,205,115,16909,39820,172,786,2414,2585,114,7479,22777,2565,228,699,187,4988,1423,402,1439,7727,47280,419,748,426
HR_01341,Gradac,2844,662,15,0,1,3,3,49,215,1,2,1,44,0,26,12,9,3,5,0,16,6,1,19,10,217,3,1,0
HR_01350,Gradec,2818,503,11,0,6,8,0,60,143,0,8,6,8,0,27,8,4,1,1,0,12,4,2,6,35,143,3,5,2
HR_01368,Gradina,2694,463,9,0,6,1,0,41,258,1,1,4,4,0,13,2,4,1,3,1,22,0,1,6,15,66,2,1,1
HR_01376,Gradiste,2171,263,9,0,1,1,1,45,84,0,3,12,1,2,4,5,5,0,3,1,5,0,0,4,15,57,0,3,2
HR_01317,Gracac,3598,484,13,0,6,3,0,35,182,0,0,5,130,1,11,8,7,0,1,5,5,3,1,4,20,42,0,2,0
HR_01325,Gracisce,1158,336,6,0,2,0,1,3,15,0,0,6,194,1,11,9,2,0,4,0,14,8,0,10,9,34,4,2,1
HR_01384,Grožnjan - Grisignana,614,150,4,0,1,0,0,2,4,0,0,0,105,1,1,8,4,0,0,0,4,1,0,0,1,11,2,1,0
HR_01392,Grubisno Polje,4713,932,9,0,17,1,1,54,490,0,9,9,23,2,25,22,5,1,1,1,28,3,0,3,44,173,3,8,0
HR_01406,Gundinci,1453,247,3,0,3,2,0,41,103,1,2,2,1,1,14,1,2,1,1,0,11,0,1,1,16,38,0,2,0
HR_01414,Gunja,2892,266,9,0,1,0,0,32,101,1,5,9,5,1,14,3,8,0,0,0,11,0,0,0,8,55,1,1,1
HR_05100,Gvozd,2262,328,14,0,3,2,1,14,120,0,4,0,95,1,5,5,2,0,3,0,5,3,1,0,10,37,2,1,0
HR_01449,Hercegovac,1810,296,5,0,6,0,0,17,101,1,2,3,4,0,17,10,4,1,4,0,21,1,0,1,18,78,0,2,0
HR_01457,Hlebine,930,180,2,0,4,1,0,14,93,1,2,0,3,0,3,1,3,1,2,0,4,0,0,2,8,35,1,0,0
HR_01465,Hrascina,1161,211,6,0,3,2,0,12,64,1,2,0,6,0,3,5,1,1,0,0,3,1,0,1,19,79,0,2,0
HR_01481,Hrvace,3045,866,8,0,4,3,0,79,589,1,5,14,6,2,43,7,12,0,5,2,9,1,0,9,21,41,2,3,0
HR_01490,Hrvatska Dubica,1461,310,7,0,1,0,2,24,145,0,2,4,11,0,17,1,3,0,0,0,7,1,1,9,23,52,0,0,0
HR_01503,Hrvatska Kostajnica,1942,437,9,0,2,1,0,24,237,0,7,4,15,2,10,7,7,0,0,0,12,1,0,4,14,74,2,5,0
HR_01520,Hum na Sutli,3823,600,13,0,0,1,0,20,129,0,3,1,0,0,12,9,8,0,1,0,21,0,0,1,37,336,3,5,0
HR_01538,Hvar,4014,835,5,0,6,0,5,63,299,2,3,10,8,0,28,45,4,0,2,0,30,7,0,10,46,251,1,7,3
HR_01546,Ilok,4938,1070,15,0,6,0,2,140,567,2,18,7,37,1,57,7,8,1,1,1,26,1,1,5,13,143,5,6,0
HR_01554,Imotski,8906,1501,17,0,0,1,2,386,747,0,4,17,29,1,81,9,22,1,1,0,45,4,1,12,28,89,1,3,0
HR_01562,Ivanec,11057,1839,37,0,4,2,1,50,563,1,19,39,74,2,38,78,21,5,8,1,57,7,2,21,106,674,8,17,4
HR_01589,Ivanic-Grad,11834,2114,27,0,14,4,2,210,585,2,5,19,51,1,68,118,28,5,6,2,74,9,3,18,131,704,7,17,4
HR_01597,Ivankovo,6101,931,13,0,1,1,2,204,355,0,17,8,2,0,44,12,16,1,2,2,39,2,5,7,48,134,10,6,0
HR_01619,Ivanska,2038,428,13,0,7,0,0,54,131,0,3,2,12,0,17,5,4,2,2,0,23,1,0,4,42,94,6,5,1
HR_06092,Jagodnjak,1353,149,6,0,4,1,0,4,17,0,0,0,69,0,3,4,0,0,1,0,4,1,0,0,6,25,0,3,1
HR_01635,Jakovlje,3145,470,9,0,8,2,0,34,157,2,4,7,4,0,16,27,9,3,1,1,18,1,0,4,25,136,0,1,1
HR_01643,Jaksic,3142,692,15,0,2,1,1,53,324,1,2,8,9,0,38,11,12,0,1,0,36,0,2,5,41,118,5,7,0
HR_01651,Jalzabet,2681,585,11,0,4,2,1,16,287,1,6,5,17,1,18,19,5,2,5,1,16,1,0,8,24,126,3,4,2
HR_05991,Janjina,543,183,7,0,3,0,4,10,85,0,1,2,3,1,3,4,1,0,3,0,6,0,0,4,3,43,0,0,0
HR_01660,Jarmina,1901,321,6,0,1,1,0,55,131,0,4,3,12,0,10,3,3,3,0,0,15,0,0,1,24,47,0,2,0
HR_01678,Jasenice,1456,217,4,0,2,2,0,27,115,0,2,2,2,0,12,2,4,0,0,0,2,0,0,6,2,33,0,0,0
HR_01686,Jasenovac,1490,529,8,0,8,7,1,53,307,1,4,3,9,0,14,10,4,1,1,0,15,3,0,4,12,55,1,8,0
HR_01694,Jastrebarsko,13235,3198,50,0,16,7,2,309,1116,2,19,29,9,3,140,126,65,5,14,6,95,16,3,41,227,858,9,13,18
HR_01708,Jelenje,4473,712,8,0,3,3,0,32,196,0,10,11,43,1,22,32,15,2,1,1,17,8,1,8,30,250,1,11,6
HR_01716,Jelsa,3385,924,11,0,1,2,9,62,395,1,3,8,5,2,49,24,14,2,2,3,28,5,1,25,21,241,4,3,3
HR_05525,Jesenje,1176,324,11,0,0,1,0,7,150,0,0,1,2,0,6,2,2,2,2,0,9,0,1,1,11,114,0,1,1
HR_01724,Josipdol,2828,650,15,0,3,3,0,62,341,3,5,5,11,1,17,10,4,2,0,1,15,2,1,8,40,92,2,5,2
HR_01732,Kali,1629,341,5,0,0,1,1,29,122,0,7,11,1,0,14,5,4,2,2,0,8,2,0,9,5,109,0,4,0
HR_05592,Kalinovac,1164,319,10,0,1,0,0,17,165,0,2,4,1,1,4,9,1,1,1,2,19,1,0,1,11,65,1,1,1
HR_05606,Kalnik,1000,231,16,0,2,0,0,8,97,0,1,1,3,0,5,1,0,0,0,1,8,0,0,1,7,79,0,1,0
HR_06238,Kamanje,703,153,3,0,0,0,0,10,46,0,2,0,2,0,2,3,1,0,1,0,6,0,0,4,8,63,1,1,0
HR_01759,Kanfanar,1382,364,7,0,2,0,2,6,54,0,2,0,201,1,10,8,0,0,2,0,10,1,2,1,10,41,2,2,0
HR_01767,Kapela,2155,461,15,0,2,2,0,62,158,2,3,6,4,0,12,4,5,0,1,1,16,0,0,6,28,125,2,7,0
HR_01775,Kaptol,2709,560,12,0,7,0,1,31,290,0,19,7,0,0,18,6,12,2,5,0,14,2,2,5,24,94,4,4,1
HR_01783,Karlobag,893,304,7,0,0,0,0,36,176,0,2,2,1,1,11,3,8,0,0,9,3,0,0,3,4,35,0,3,0
HR_01791,Karlovac,43988,10861,146,0,42,22,8,893,4303,24,121,65,217,7,370,597,135,17,43,4,312,65,25,103,435,2742,40,70,55
HR_05967,Karojba,1193,339,6,0,1,0,0,9,87,0,0,7,175,0,10,6,0,0,0,0,3,0,1,2,15,12,1,3,1
HR_01805,Kastav,9215,1709,23,0,6,2,2,87,375,0,11,15,108,1,61,121,18,1,4,0,50,15,1,24,96,667,4,16,1
HR_01813,Kastela,34872,5895,80,0,10,5,10,890,2473,4,21,140,22,9,382,127,117,7,17,0,178,22,6,111,134,1082,14,28,6
HR_05975,Kaštelir-Labinci - Castelliere-S. Domenica,1312,243,5,0,0,0,0,4,37,0,1,4,139,1,0,9,2,0,1,0,6,4,0,3,8,17,0,2,0
HR_01830,Kijevo,291,84,1,0,0,0,0,11,60,0,0,0,0,0,4,0,1,0,0,0,1,0,0,0,0,6,0,0,0
HR_01848,Kistanje,2299,472,13,0,0,1,1,15,42,0,1,2,321,0,14,7,1,0,1,0,7,2,0,3,1,35,0,2,3
HR_01856,Klakar,1783,377,10,0,4,1,0,21,224,0,2,10,2,0,13,3,5,0,3,0,12,1,0,2,20,43,1,0,0
HR_01864,Klana,1594,333,2,0,1,1,1,26,81,2,4,2,16,0,6,13,4,1,0,0,4,3,0,3,12,148,0,3,0
HR_01872,Klanjec,2265,448,11,0,4,0,0,27,93,1,0,0,6,0,12,11,5,0,2,1,9,2,1,4,38,211,4,5,1
HR_01899,Klenovnik,1557,329,2,0,1,1,0,10,149,0,4,1,43,0,14,10,3,0,5,2,8,2,1,2,17,48,2,4,0
HR_01902,Klinca Sela,4492,881,20,0,8,1,2,99,283,1,8,15,7,0,32,44,14,4,4,1,26,3,1,16,45,238,3,6,0
HR_01929,Klis,4431,1087,24,0,4,4,2,130,546,2,7,7,10,2,50,21,24,1,5,1,25,3,2,27,36,146,3,4,1
HR_01937,Klostar Ivanic,5237,814,5,0,6,1,1,86,281,2,8,14,13,1,21,43,11,2,2,1,29,3,1,8,47,220,3,4,1
HR_01945,Klostar Podravski,2316,502,17,0,6,0,0,26,283,1,6,8,0,0,11,7,6,1,1,0,9,3,0,0,8,104,1,3,1
HR_01953,Knezevi Vinogradi,3163,459,14,0,7,3,2,33,139,2,5,1,84,0,11,8,5,1,1,0,23,2,0,0,13,98,2,4,1
HR_01961,Knin,11114,1934,36,0,6,4,6,177,793,5,6,20,356,1,78,44,22,4,4,3,59,15,1,19,33,226,5,8,3
HR_06220,Kolan,788,153,1,0,0,0,0,18,66,0,0,0,0,0,15,5,3,1,1,0,5,0,0,6,4,26,1,1,0
HR_01970,Komiža,1526,353,7,0,3,0,1,11,97,1,6,5,13,1,11,19,1,0,1,0,7,5,0,6,18,134,3,2,1
HR_01988,Konavle,7121,1835,41,0,8,2,8,130,842,0,15,11,9,0,107,57,37,2,8,0,73,5,3,40,66,338,17,12,4
HR_02003,Konjscina,2874,706,18,0,0,2,0,31,217,0,4,13,3,0,11,32,7,1,2,1,14,5,0,6,41,290,1,6,1
HR_01996,Koncanica,1673,258,6,0,6,0,0,18,87,0,1,2,0,1,11,7,2,0,1,0,9,2,1,1,21,72,4,4,2
HR_02011,Koprivnica,25387,5168,60,0,13,29,3,285,1396,5,32,89,83,0,129,267,50,1,16,4,147,34,4,19,237,2207,14,33,11
HR_02020,Koprivnicki Bregi,1775,298,4,0,1,3,0,28,93,1,2,4,4,0,12,6,5,1,0,0,8,3,0,0,21,100,1,0,1
HR_02038,Koprivnicki Ivanec,1656,344,6,0,2,3,0,21,144,1,2,2,5,1,5,10,6,0,1,0,12,0,0,0,24,96,0,3,0
HR_02046,Korčula,4931,1456,35,0,7,3,4,77,602,2,14,10,8,2,55,80,18,1,3,0,24,10,1,17,25,448,0,6,4
HR_05380,Kostrena,3991,750,14,0,1,0,0,47,210,0,5,3,54,0,25,45,6,1,2,0,26,8,0,5,41,252,2,3,0
HR_02062,Kotoriba,2409,383,5,0,2,1,0,15,110,0,4,10,35,1,10,6,3,0,1,0,8,2,1,1,13,154,1,0,0
HR_02054,Koska,2919,552,4,0,4,3,0,89,289,0,3,1,1,0,20,8,6,3,3,0,14,7,0,13,17,60,2,5,0
HR_02089,Kraljevec na Sutli,1332,253,7,0,3,2,0,15,81,0,2,4,3,0,9,2,6,0,0,0,16,1,0,1,13,86,1,1,0
HR_02097,Kraljevica,3800,756,9,0,2,1,0,40,259,1,3,4,24,0,23,38,4,1,5,0,25,10,0,7,36,255,1,6,2
HR_02119,Krapina,9960,2062,29,0,5,4,1,98,832,3,11,4,41,1,30,74,16,2,12,1,50,14,3,6,137,668,7,8,5
HR_02127,Krapinske Toplice,4370,724,11,0,5,1,0,25,198,1,13,2,7,1,21,25,12,1,5,0,28,1,2,2,30,327,1,5,0
HR_05452,Kravarsko,1643,395,13,0,6,0,0,25,175,1,2,19,0,0,17,16,7,1,5,0,7,2,0,3,26,66,1,3,0
HR_05339,Krasic,1954,487,13,0,3,3,1,62,264,1,4,9,2,1,12,5,5,1,1,1,12,2,0,4,33,42,4,2,0
HR_02135,Kriz,5507,1163,27,0,5,3,0,85,369,1,7,4,17,2,42,55,16,1,11,3,47,7,3,7,55,383,4,5,4
HR_02143,Krizevci,16524,2917,48,0,23,2,0,261,933,11,19,46,34,3,84,123,27,1,13,3,86,14,1,31,164,943,19,22,6
HR_02151,Krk,6354,1193,22,0,5,0,5,87,269,2,12,33,100,0,46,58,14,1,2,0,35,10,1,12,63,401,4,9,2
HR_02160,Krnjak,1286,312,15,0,1,1,0,9,72,0,3,0,148,4,6,4,2,1,0,0,6,2,0,0,4,29,1,2,2
HR_02178,Krsan,2523,571,15,0,1,1,0,5,72,0,2,4,304,0,10,17,5,1,2,0,18,2,0,7,36,64,2,2,1
HR_05720,Kukljica,857,227,3,0,0,0,6,13,52,2,2,12,3,0,8,4,1,1,4,0,4,1,0,4,17,85,0,4,1
HR_02194,Kula Norinska,1304,436,18,0,0,0,1,16,212,0,1,1,12,0,74,2,4,0,1,1,8,1,0,4,13,66,0,1,0
HR_05533,Kumrovec,1207,249,6,0,1,1,0,12,42,1,0,0,23,1,5,9,4,0,1,3,1,1,0,0,7,127,3,1,0
HR_02208,Kutina,17663,3421,50,0,13,2,2,285,1314,4,18,30,82,2,120,133,56,4,10,0,138,26,5,30,148,896,12,32,9
HR_02216,Kutjevo,4800,922,18,0,6,3,0,81,385,4,79,5,8,5,37,10,9,1,6,1,35,4,3,14,39,164,1,2,2
HR_02224,Labin,9485,2393,54,0,5,5,1,25,189,6,16,9,1212,2,36,112,9,4,12,1,49,33,1,22,63,507,4,12,4
HR_02232,Lanisce,271,69,2,0,0,0,0,1,25,0,0,1,23,0,3,0,3,0,0,0,1,0,0,1,3,6,0,0,0
HR_02259,Lasinja,1282,238,6,0,1,0,0,19,119,1,0,0,4,1,5,3,3,0,1,0,9,0,0,4,14,44,2,0,2
HR_02267,Lastovo,816,193,6,0,1,1,0,14,61,0,0,0,1,0,8,12,2,0,1,0,4,3,0,4,4,66,0,3,2
HR_02275,Legrad,1699,349,7,0,4,2,0,9,129,0,3,2,9,2,7,11,2,0,1,0,8,5,0,4,7,130,0,5,2
HR_02283,Lekenik,4827,917,13,0,4,4,0,67,426,0,10,5,7,1,34,23,8,1,6,0,26,6,0,10,49,202,6,7,2
HR_02291,Lepoglava,6265,1092,24,0,3,3,1,42,367,3,10,9,135,7,29,26,11,1,4,0,37,3,4,6,74,274,4,11,4
HR_02305,Levanjska Varos,694,187,1,0,1,0,0,19,92,1,2,3,0,0,6,1,3,0,0,0,8,0,1,1,2,42,1,3,0
HR_05860,Lecevica,479,121,2,0,0,0,0,9,88,0,0,1,2,0,4,3,1,0,0,0,1,0,0,0,3,5,1,0,1
HR_02313,Lipik,4590,905,25,0,7,3,0,51,391,4,5,10,40,1,37,18,8,0,8,0,34,4,2,7,33,207,2,6,2
HR_02321,Lipovljani,2497,404,8,0,1,0,0,37,142,1,9,4,2,1,16,12,8,1,3,0,15,3,0,4,15,115,5,2,0
HR_02348,Lisane Ostrovicke,687,155,3,0,2,0,1,16,102,0,0,0,4,0,8,0,3,0,0,0,1,0,0,6,2,7,0,0,0
HR_02356,Ližnjan - Lisignano,3772,801,9,0,3,0,1,14,110,0,2,2,394,0,10,45,5,1,2,1,24,8,0,11,15,139,2,2,1
HR_02470,Ljubescica,1522,594,18,0,2,3,0,19,425,1,1,2,4,0,12,7,4,1,1,0,7,0,1,1,9,72,1,3,0
HR_02364,Lobor,2276,555,13,0,0,1,1,26,297,1,1,3,4,1,7,5,7,1,4,1,15,4,1,2,39,115,3,3,0
HR_02372,Lokve,756,185,5,0,0,0,0,8,87,0,1,0,0,0,4,4,0,0,0,0,4,0,0,1,5,66,0,0,0
HR_05878,Lokvicici,708,171,2,0,0,1,0,23,127,1,0,1,0,0,6,1,0,0,0,0,0,0,0,3,3,3,0,0,0
HR_06246,Lopar,1065,344,8,0,0,0,0,24,168,2,2,0,6,0,12,5,4,0,0,1,5,1,1,19,15,69,0,2,0
HR_02399,Lovas,838,261,7,0,1,3,0,36,153,0,3,1,7,0,13,1,1,2,0,0,2,0,0,1,2,27,1,0,0
HR_02402,Lovinac,924,270,7,0,5,1,0,23,183,0,3,0,11,0,2,1,3,0,1,1,2,0,0,2,5,17,3,0,0
HR_02429,Lovran,3212,644,2,0,6,2,0,16,94,1,43,0,95,0,15,41,9,0,5,2,20,6,0,3,17,257,1,5,4
HR_02437,Lovrec,1474,434,6,0,2,0,0,100,262,0,1,13,0,0,19,1,2,1,0,0,7,0,0,5,2,12,1,0,0
HR_02445,Ludbreg,7465,1287,28,0,2,2,0,48,326,4,8,50,64,3,35,52,19,2,4,0,25,7,1,7,74,511,2,9,4
HR_05487,Luka,1133,176,2,0,5,0,0,22,73,0,2,0,2,0,5,10,1,0,1,0,6,1,1,2,4,35,1,0,3
HR_02453,Lukac,2740,581,14,0,0,0,0,25,324,1,4,8,0,0,11,5,4,1,0,0,23,1,2,1,11,138,4,4,0
HR_06009,Lumbarda,1068,248,7,0,0,0,1,26,92,1,2,0,5,0,10,16,2,0,0,0,5,0,0,16,7,56,1,0,1
HR_02461,Lupoglav,717,205,5,0,1,0,1,4,17,0,0,1,136,0,3,4,0,0,0,0,5,1,0,2,11,9,0,1,4
HR_05789,Magadenovac,1371,346,10,0,3,0,0,35,143,0,5,0,26,0,7,2,3,0,0,0,6,2,1,6,10,83,1,3,0
HR_05550,Majur,834,229,5,0,2,0,0,23,130,1,0,0,3,0,2,2,5,1,2,0,4,0,1,0,7,40,0,1,0
HR_02496,Makarska,14670,2570,28,0,2,3,7,207,993,2,23,12,80,6,72,82,25,1,5,0,57,12,1,28,64,846,6,7,1
HR_02500,Mala Subotica,3552,554,5,0,1,1,0,21,167,1,5,4,72,0,9,18,7,0,0,0,13,3,0,1,31,187,3,5,0
HR_02518,Mali Bukovec,1579,318,3,0,4,1,1,16,120,1,6,13,19,0,7,6,6,3,2,0,9,1,1,3,19,67,6,3,1
HR_02526,Mali Lošinj,7242,1551,27,0,7,3,3,114,355,4,8,30,90,56,67,60,22,6,7,2,68,8,0,31,22,539,6,12,4
HR_02534,Malinska-Dubasnica,3797,624,11,0,3,1,0,56,233,1,2,13,29,0,16,25,9,0,0,1,15,5,0,17,19,163,1,2,2
HR_02569,Marija Bistrica,4857,745,15,0,3,1,4,49,222,1,6,11,15,0,23,34,17,1,3,1,21,2,0,4,43,263,2,4,0
HR_05398,Marija Gorica,1878,398,7,0,3,0,0,25,138,0,1,1,0,0,23,26,10,0,4,0,17,1,1,3,21,114,1,1,1
HR_02577,Marijanci,1749,365,10,0,2,1,0,60,153,2,1,5,3,0,19,1,7,1,1,0,12,3,0,2,9,66,3,4,0
HR_02585,Marina,4115,785,27,0,6,2,10,62,262,0,20,7,2,0,43,14,18,2,8,2,21,3,2,35,29,192,3,14,1
HR_06106,Markusica,1694,163,3,0,0,0,0,2,4,0,0,0,121,1,1,8,0,0,0,0,1,0,1,2,2,16,1,0,0
HR_00850,Martijanec,2313,358,12,0,1,2,0,20,108,0,2,7,18,0,2,6,6,0,1,1,6,3,0,2,50,105,5,1,0
HR_02593,Martinska Ves,2468,551,10,0,4,2,0,62,299,0,2,5,0,1,21,12,9,0,1,0,18,2,1,7,17,70,5,1,2
HR_02607,Marusevec,4917,873,29,0,4,1,0,22,282,1,7,6,83,0,14,26,7,1,3,0,48,5,0,8,51,265,4,6,0
HR_02542,Marcana,3929,793,16,0,1,0,2,20,99,1,4,4,411,0,20,26,9,1,1,0,18,8,3,12,25,108,0,4,0
HR_02615,Matulji,9697,1799,21,0,6,1,0,68,345,1,12,3,250,4,62,111,16,2,13,3,68,24,1,24,73,656,3,20,12
HR_02488,Mace,1925,340,10,0,3,1,0,14,94,4,6,3,0,0,6,6,5,0,1,0,12,1,0,3,14,150,2,3,2
HR_02631,Medulin,6558,1432,8,0,3,1,2,47,225,0,14,15,524,1,23,96,21,2,4,2,43,13,2,9,49,315,0,8,5
HR_02640,Metkovic,13671,3152,54,0,5,1,2,225,1522,3,48,19,78,4,709,27,14,4,2,1,51,4,0,46,44,273,1,13,2
HR_02658,Mihovljan,1446,258,8,0,2,0,0,18,119,0,9,4,1,0,6,3,1,0,0,0,6,0,0,1,19,58,2,0,1
HR_02666,Mikleus,1185,241,3,0,1,1,0,24,164,1,1,1,0,0,3,2,1,0,0,0,3,0,0,1,7,27,0,1,0
HR_02674,Milna,1156,295,9,0,5,1,2,11,75,0,3,1,2,2,13,13,7,0,2,0,13,1,0,6,6,121,1,1,0
HR_02682,Mljet,1013,390,7,0,2,0,0,32,200,0,3,5,4,0,14,11,1,0,1,0,4,2,0,11,5,83,3,2,0
HR_02704,Molve,1522,226,7,0,1,2,0,16,92,0,2,7,2,0,6,8,0,0,0,3,9,0,1,1,13,48,3,5,0
HR_02747,Motovun - Montona,732,168,4,0,0,0,0,1,25,0,1,4,79,1,7,1,3,0,1,0,4,1,0,1,3,32,0,0,0
HR_02739,Mošćenička Draga,1213,341,5,0,1,0,0,7,45,0,2,1,105,0,9,20,5,1,1,0,6,2,0,5,16,109,0,1,0
HR_02755,Mrkopalj,926,220,2,0,2,0,1,28,84,0,1,3,5,0,6,8,2,0,1,0,5,1,0,0,14,53,1,2,1
HR_02763,Mursko Sredisce,5118,835,11,0,1,0,0,18,227,4,4,20,111,1,21,33,13,3,6,1,16,2,0,2,33,287,4,15,2
HR_06173,Murter - Kornati,1821,346,6,0,0,0,0,40,98,1,3,4,3,0,14,15,6,0,2,0,15,3,0,10,19,103,2,2,0
HR_00876,Muc,2979,380,8,0,5,0,2,57,150,2,2,6,1,0,27,2,6,1,2,0,15,2,0,12,12,61,1,5,1
HR_02780,Nasice,12680,2830,26,0,9,5,2,235,1397,6,11,28,18,1,79,45,21,3,11,1,68,10,0,29,85,700,13,23,4
HR_02798,Nedelisce,9215,1528,17,0,3,3,1,44,263,1,20,24,251,1,26,60,22,0,3,2,59,6,0,6,103,596,1,13,3
HR_06122,Negoslavci,868,336,7,0,1,0,0,1,0,0,0,0,320,0,0,4,0,0,0,0,1,0,0,0,1,0,0,1,0
HR_02801,Nerezisca,829,233,10,0,3,1,2,16,81,2,2,0,1,1,17,6,2,0,0,0,9,0,0,7,6,67,0,0,0
HR_02810,Netretic,2201,603,15,0,3,2,0,47,303,2,5,1,2,2,34,14,9,0,7,0,25,4,2,7,27,76,4,12,0
HR_02950,Nijemci,3296,556,7,0,4,2,0,76,211,1,8,12,46,1,29,7,7,1,1,0,31,4,0,3,34,63,3,4,1
HR_02828,Nin,2762,463,3,0,1,0,0,45,213,0,2,3,4,0,27,8,8,0,2,0,16,0,0,25,10,92,1,3,0
HR_02836,Nova Bukovica,1235,323,12,0,2,1,2,23,160,0,4,1,3,0,8,1,0,0,3,2,5,0,0,8,16,70,1,1,0
HR_02844,Nova Gradiska,11382,2142,33,0,6,1,0,149,900,2,12,20,134,0,48,57,25,4,5,1,56,15,2,11,84,556,7,11,3
HR_02852,Nova Kapela,3082,688,14,0,4,1,0,85,330,2,5,8,1,0,20,10,12,0,3,0,18,3,0,13,30,116,9,3,1
HR_02879,Nova Raca,2385,467,10,0,9,1,1,58,197,3,3,2,4,0,14,6,2,1,3,1,9,0,0,4,19,114,1,5,0
HR_02887,Novalja,3583,1066,22,0,4,1,1,65,532,1,5,1,6,0,25,33,27,0,3,0,37,1,2,56,38,196,4,3,3
HR_05541,Novi Golubovec,748,148,2,0,2,0,1,6,71,0,3,0,1,0,1,6,4,0,0,0,6,0,0,3,9,32,0,1,0
HR_02895,Novi Marof,10599,2053,50,0,5,5,2,135,837,6,16,48,72,1,53,70,24,9,13,5,66,8,5,9,88,505,5,10,6
HR_02909,Novi Vinodolski,4805,1245,13,0,2,0,1,51,665,3,11,4,23,0,21,33,11,0,3,0,24,11,0,25,43,287,2,9,3
HR_05371,Novigrad,2085,358,4,0,0,0,0,45,220,0,0,0,1,0,17,3,1,0,0,0,5,0,1,12,10,38,1,0,0
HR_02917,Novigrad - Cittanova,3786,747,7,0,0,0,0,23,101,1,5,2,371,0,19,32,13,1,1,0,27,6,0,6,19,109,3,1,0
HR_02925,Novigrad Podravski,2081,345,10,0,1,0,0,19,127,2,3,5,4,0,11,10,3,0,0,2,12,2,3,1,25,103,1,1,0
HR_05614,Novo Virje,824,123,4,0,3,1,0,11,51,0,0,0,1,0,7,0,1,2,0,1,7,0,0,1,3,30,0,0,0
HR_02933,Novska,10268,1998,33,0,10,6,2,194,1117,3,18,11,18,0,77,29,21,4,5,0,64,7,1,6,62,284,13,12,1
HR_02941,Nustar,4455,913,18,0,2,5,1,144,332,0,10,16,80,1,43,13,21,2,2,1,23,1,2,9,35,143,2,5,2
HR_02968,Obrovac,4951,883,19,0,3,1,0,68,393,0,1,3,198,5,39,22,5,0,0,0,6,0,0,7,11,92,8,2,0
HR_02976,Ogulin,10417,2202,31,0,4,5,5,156,1014,4,12,22,147,3,54,31,14,3,3,1,37,13,2,18,88,526,1,7,1
HR_05886,Okrug,3780,554,3,0,1,0,1,108,209,0,0,10,4,0,27,15,15,0,2,0,13,0,0,4,10,130,1,0,1
HR_02992,Okucani,2577,530,19,0,5,1,1,37,320,3,3,4,33,0,21,4,4,0,0,0,8,1,1,0,11,50,0,3,1
HR_03000,Omis,13170,2781,70,0,16,7,9,334,1079,8,18,59,16,2,241,58,48,3,6,0,87,5,2,84,76,525,9,17,2
HR_03018,Omišalj,2992,601,2,0,5,0,0,42,172,1,3,4,17,0,23,21,7,1,3,0,18,8,0,10,22,237,2,1,2
HR_03026,Opatija,9913,2070,23,0,5,2,1,85,381,2,19,7,254,4,53,129,30,2,19,1,79,36,1,21,83,801,6,13,13
HR_03034,Oprisavci,1859,380,10,0,4,0,0,41,169,1,4,8,2,0,14,4,7,4,1,0,14,0,2,4,23,64,1,2,1
HR_03042,Oprtalj - Portole,697,175,3,0,1,1,0,3,16,1,0,0,117,0,2,3,0,1,0,0,3,1,0,0,5,17,1,0,0
HR_03069,Opuzen,2497,721,14,0,3,0,0,70,384,1,1,3,23,0,65,9,11,1,0,0,20,3,1,20,10,76,0,4,2
HR_03077,Orahovica,4016,936,19,0,7,0,2,39,373,2,6,4,16,2,22,22,10,1,5,0,34,7,0,8,33,318,2,3,1
HR_03085,Orebić,3644,1086,19,0,5,0,1,45,577,2,5,11,5,0,57,32,12,1,1,0,27,4,0,17,23,236,0,5,1
HR_06050,Orehovica,2051,276,11,0,3,1,2,17,64,1,0,3,39,2,4,7,4,1,0,0,16,1,0,2,13,84,0,1,0
HR_03093,Oriovac,4464,759,16,0,6,0,1,53,358,3,2,5,1,0,25,5,6,3,3,2,37,5,0,9,27,181,3,8,0
HR_05428,Orle,1596,343,5,0,2,0,1,20,183,1,0,1,0,0,3,4,1,0,2,0,8,3,0,1,16,90,2,0,0
HR_03115,Oroslavje,5240,1025,15,0,8,0,1,88,276,2,18,6,22,1,32,45,11,1,10,1,22,6,1,8,59,372,9,10,1
HR_03123,Osijek,85711,18691,184,0,43,28,12,2005,6498,23,106,160,301,9,610,748,241,14,66,6,613,104,21,112,778,5812,42,125,30
HR_03140,Otok,4579,1711,60,0,8,11,4,233,887,5,14,10,3,3,141,7,28,1,3,7,40,2,2,75,42,113,2,8,2
HR_05355,Otok,4691,846,25,0,9,1,0,144,403,2,10,12,3,1,33,5,21,0,1,0,31,2,0,3,41,89,2,7,1
HR_03131,Otocac,7501,1367,17,0,6,6,2,77,799,4,16,4,15,3,83,10,20,5,5,12,36,1,3,22,47,157,2,12,3
HR_03158,Ozalj,5124,1255,29,0,7,4,1,109,472,3,6,5,38,0,45,47,19,2,12,0,29,4,0,17,80,313,2,10,1
HR_03166,Pag,2987,636,7,0,0,0,0,34,272,0,4,7,8,1,21,15,17,1,0,0,25,3,0,11,27,177,1,2,3
HR_03174,Pakostane,3891,713,9,0,2,4,2,84,272,2,7,7,21,0,57,10,9,2,2,1,20,2,1,22,31,141,0,3,2
HR_03182,Pakrac,6700,1345,33,0,9,3,2,70,680,1,9,2,105,1,35,32,2,2,8,0,26,6,2,8,36,257,1,12,3
HR_03212,Pazin,7004,1802,29,0,5,6,1,48,200,3,7,43,888,2,47,104,16,1,7,1,37,18,0,14,56,257,3,6,3
HR_03204,Pašman,2348,631,13,0,5,2,8,63,222,0,10,24,1,0,25,8,4,0,5,0,12,3,1,37,36,146,2,4,0
HR_03239,Perusic,1817,509,14,0,2,1,0,35,297,2,2,2,1,1,39,6,1,0,2,8,14,1,2,2,8,65,1,3,0
HR_03247,Peteranec,1947,284,5,0,2,4,0,17,109,0,4,4,7,0,3,10,2,0,1,0,9,2,0,0,24,78,2,1,0
HR_03255,Petlovac,1688,351,8,0,3,1,1,31,181,0,2,4,10,0,7,5,4,0,1,0,7,0,2,4,14,58,4,4,0
HR_03263,Petrijanec,3707,643,20,0,10,0,2,18,208,1,5,17,54,1,20,17,5,0,1,1,13,6,0,1,49,187,3,2,2
HR_03271,Petrijevci,2176,439,5,0,0,0,0,55,184,0,4,6,0,0,17,5,1,0,2,0,22,0,1,4,22,106,0,5,0
HR_03280,Petrinja,19628,3243,52,0,10,4,1,339,1522,14,55,11,71,2,111,80,46,4,15,0,91,22,5,34,126,603,7,12,6
HR_03298,Petrovsko,1913,405,6,0,3,0,1,17,139,1,8,0,2,0,6,10,4,1,4,0,8,1,0,3,20,167,0,4,0
HR_05819,Pirovac,1802,434,9,0,3,10,2,46,150,0,0,5,3,1,15,23,5,0,2,0,12,2,0,14,4,123,2,3,0
HR_03310,Pisarovina,3057,688,11,0,4,2,1,75,288,2,3,10,4,0,32,26,14,0,7,0,26,6,1,12,29,128,2,2,3
HR_03328,Pitomaca,7539,1477,25,0,8,9,0,57,787,3,8,32,6,0,48,34,15,6,17,1,45,4,2,6,42,306,6,6,4
HR_03301,Pican,1448,314,6,0,1,0,0,5,21,0,1,5,204,0,8,11,3,1,3,0,8,0,0,3,12,19,2,0,1
HR_03336,Plaski,1571,313,10,0,1,0,0,12,74,0,1,0,61,8,1,2,4,2,0,0,12,1,0,2,10,109,1,2,0
HR_03344,Pleternica,8644,2164,59,0,17,7,1,136,1227,4,24,16,6,3,93,27,35,0,4,0,104,7,18,28,70,252,11,10,5
HR_04553,Plitvicka jezera,3332,593,6,0,3,0,0,35,274,3,0,3,83,2,24,11,8,2,2,7,19,2,2,16,15,71,2,3,0
HR_03352,Ploce,7587,2522,36,0,4,0,1,106,842,1,10,13,680,3,59,18,19,1,0,0,36,6,2,40,32,606,3,3,1
HR_03379,Podbablje,3771,874,15,0,1,1,3,178,469,1,1,7,0,5,75,4,16,0,2,1,21,1,0,7,19,36,5,6,0
HR_03387,Podcrkavlje,2001,433,9,0,3,2,1,33,248,0,1,8,1,1,10,5,2,2,4,1,8,0,1,3,16,62,10,2,0
HR_03395,Podgora,2294,562,9,0,2,1,0,45,173,3,1,9,25,0,17,13,3,3,3,0,21,8,0,15,10,199,0,1,1
HR_03409,Podgorac,2051,318,7,0,0,1,0,35,125,0,4,0,9,1,15,2,5,0,4,0,11,0,0,3,19,73,3,1,0
HR_02712,Podravska Moslavina,810,132,0,0,0,0,0,18,97,0,0,0,0,0,0,0,0,0,0,0,2,0,0,0,4,11,0,0,0
HR_06165,Podravske Sesvete,1237,207,10,0,0,0,1,16,79,0,3,0,9,0,9,4,0,0,0,0,13,1,0,1,10,46,2,2,1
HR_03417,Podstrana,9637,1551,18,0,3,3,4,249,751,2,2,22,3,3,144,27,21,1,0,0,36,5,1,27,48,176,3,2,0
HR_03425,Podturen,3192,478,5,0,2,3,0,17,163,1,4,0,77,1,7,6,5,1,0,0,12,4,1,8,23,127,1,10,0
HR_03433,Pojezerje,806,225,7,0,0,0,0,19,142,0,1,4,10,0,20,0,2,0,0,0,1,0,0,6,2,10,0,1,0
HR_05444,Pokupsko,1721,376,6,0,4,1,1,59,220,0,2,0,4,1,6,6,3,0,2,0,12,1,0,4,15,26,1,1,1
HR_03441,Polaca,1551,165,2,0,1,0,1,19,91,1,2,0,9,1,4,1,5,0,0,0,1,0,0,4,3,17,0,3,0
HR_03450,Policnik,4295,655,15,0,6,2,0,78,333,2,5,3,2,1,35,6,15,0,2,1,8,2,0,23,40,72,1,2,1
HR_03468,Popovac,1387,265,6,0,1,0,0,20,103,0,1,0,90,1,2,3,2,0,0,0,6,0,0,0,7,23,0,0,0
HR_03476,Popovaca,9525,1889,50,0,21,5,4,185,833,2,7,13,14,2,80,39,36,1,7,1,56,8,0,9,74,418,8,12,4
HR_03484,Poreč - Parenzo,15690,3226,36,0,16,2,2,115,430,5,14,28,1517,1,65,150,20,1,12,2,84,41,1,14,96,555,10,7,2
HR_03492,Posedarje,3138,579,4,0,6,1,3,48,323,0,2,7,16,3,35,4,4,0,1,0,12,0,1,17,15,73,0,3,1
HR_03506,Postira,1432,407,3,0,3,0,2,39,191,0,1,9,1,3,23,5,1,0,1,0,5,1,0,8,19,87,0,4,1
HR_05738,Povljana,662,126,0,0,0,0,0,19,70,0,0,0,1,2,2,2,0,1,0,0,1,1,0,6,3,17,0,1,0
HR_03514,Pozega,20990,4919,77,0,14,12,3,447,2068,8,61,52,55,1,238,128,66,5,18,4,176,13,28,62,152,1186,15,21,9
HR_03522,Pregrada,5047,1252,17,0,4,4,1,67,226,2,8,6,4,0,13,14,5,1,7,0,14,2,1,7,24,810,12,2,1
HR_03549,Preko,3852,997,13,0,2,2,8,80,375,1,8,10,2,0,51,36,12,0,5,0,10,6,1,26,18,315,2,8,6
HR_03557,Prelog,6310,1276,26,0,3,2,0,52,452,2,5,20,151,1,26,52,10,2,5,0,53,4,0,3,51,339,8,6,3
HR_03565,Preseka,941,240,5,0,7,0,0,17,57,1,4,2,1,1,10,6,5,0,0,1,14,1,0,4,26,75,2,1,0
HR_05894,Prgomet,465,151,2,0,0,2,0,10,102,1,3,1,0,0,5,0,2,0,1,0,1,1,0,9,3,7,0,1,0
HR_06203,Pribislavec,2383,286,8,0,0,1,0,19,36,0,1,2,36,0,5,11,4,1,2,1,12,0,1,7,19,119,0,1,0
HR_05908,Primorski Dolac,620,92,0,0,1,0,0,10,49,0,0,4,6,0,3,0,0,0,0,0,3,1,0,4,3,7,0,1,0
HR_03573,Primošten,2532,560,10,0,4,2,3,63,183,0,1,3,0,3,25,16,11,0,1,0,14,5,0,21,15,174,2,2,2
HR_05835,Privlaka,2172,333,4,0,2,0,1,73,119,0,1,9,1,1,16,2,7,1,0,0,20,0,0,5,17,52,0,2,0
HR_05746,Privlaka,2183,334,10,0,1,0,0,41,179,0,2,2,0,0,11,7,4,0,2,0,8,1,0,7,10,45,1,3,0
HR_00884,Prolozac,3178,722,15,0,1,1,1,74,487,6,1,6,9,0,32,2,9,0,1,0,11,0,0,6,21,35,1,3,0
HR_02984,Promina,915,269,6,0,3,1,0,29,153,1,9,0,0,0,12,2,2,0,0,1,10,1,1,1,2,30,0,5,0
HR_03590,Pula - Pola,47399,9945,125,0,21,14,7,263,1186,4,45,96,3600,7,204,848,80,10,37,1,267,164,21,79,399,2354,24,47,42
HR_03603,Punat,1954,342,3,0,3,1,1,18,91,0,8,3,17,0,12,22,6,1,2,0,16,4,0,6,12,113,0,1,2
HR_03611,Punitovci,1395,252,4,0,3,1,1,27,100,0,4,2,6,1,8,5,4,1,0,0,5,1,0,7,13,51,2,5,1
HR_03581,Pucisca,1771,489,14,0,2,0,2,29,220,0,6,3,1,0,29,6,5,0,1,0,12,7,0,12,10,125,1,3,1
HR_03620,Pusca,2205,368,5,0,2,0,0,22,102,0,7,0,1,2,8,30,3,0,2,0,13,3,0,4,32,125,2,4,1
HR_03638,Rab,6985,3068,85,0,17,15,4,266,1100,4,24,21,70,7,127,87,21,13,26,4,78,33,0,90,73,854,16,15,18
HR_03646,Radoboj,2570,532,8,0,1,0,0,29,200,1,7,1,17,0,7,9,6,0,2,0,15,2,0,1,26,197,0,2,1
HR_05363,Rakovec,949,527,6,0,3,2,0,41,297,0,8,2,6,0,8,7,1,0,1,0,19,0,0,6,33,82,3,2,0
HR_03654,Rakovica,2046,455,7,0,0,1,1,60,245,0,3,1,30,1,8,7,5,0,1,0,9,1,0,8,29,36,1,1,0
HR_03662,Rasinja,2364,452,8,0,2,2,1,23,119,0,0,5,46,0,12,12,4,0,7,0,10,2,1,3,26,165,1,3,0
HR_03697,Ravna Gora,1833,478,10,0,2,1,0,9,226,1,8,2,9,0,12,5,2,1,4,1,14,1,1,3,15,143,0,7,1
HR_03689,Raša,2610,927,34,0,8,2,3,14,59,1,6,4,449,0,23,25,9,3,14,1,16,9,1,10,25,187,5,18,1
HR_03719,Razanac,2678,620,15,0,2,1,2,61,343,1,1,1,4,0,39,2,13,0,0,0,7,1,0,25,11,86,0,4,1
HR_03727,Resetari,3629,576,12,0,3,3,0,66,251,1,5,2,40,0,16,4,6,1,2,1,27,1,0,2,25,101,4,1,2
HR_05568,Ribnik,334,91,3,0,0,2,0,1,26,0,0,1,0,0,2,6,0,0,0,0,7,0,0,2,9,28,1,2,1
HR_03735,Rijeka,98404,18297,195,0,54,28,14,870,4344,12,178,119,1343,11,573,1596,233,19,94,6,577,265,12,198,752,6598,47,113,46
HR_05827,Rogoznica,2434,666,15,0,6,4,2,60,330,1,2,3,1,1,17,12,11,0,0,0,14,2,0,26,9,148,1,1,0
HR_03743,Rovinj - Rovigno,12588,2358,24,0,8,4,1,53,285,1,11,15,1048,2,56,109,13,3,13,0,62,21,27,7,62,506,3,20,4
HR_03751,Rovisce,3700,732,11,0,3,1,1,105,396,0,1,10,7,0,32,8,6,1,4,0,13,0,0,11,16,101,0,4,1
HR_03760,Rugvica,7028,1467,15,0,5,3,3,111,737,3,8,14,9,4,47,37,37,2,7,0,50,1,1,10,58,296,3,4,2
HR_05916,Runovici,1870,592,9,0,2,0,0,88,393,0,2,5,1,1,30,1,6,0,2,0,10,0,2,5,8,24,0,3,0
HR_03778,Ruzic,1129,231,4,0,1,0,1,40,119,2,2,1,0,1,19,1,4,2,0,0,6,0,4,10,3,9,2,0,0
HR_03786,Saborsko,475,110,0,0,0,1,1,4,64,0,4,0,20,0,2,0,2,0,0,0,0,0,0,0,1,11,0,0,0
HR_03794,Sali,2175,638,6,0,2,0,4,46,240,1,3,4,4,2,18,24,7,0,6,0,15,0,2,15,9,215,2,11,2
HR_03808,Samobor,32921,7307,105,0,34,9,6,561,1883,6,44,104,71,4,230,640,101,15,39,8,273,45,14,70,448,2499,17,54,27
HR_03816,Satnica Đakovačka,1684,270,4,0,0,0,0,43,104,0,6,3,3,0,10,3,5,2,0,0,5,0,0,2,13,63,0,4,0
HR_03824,Seget,4228,1134,12,0,4,1,3,74,730,0,2,5,4,0,35,9,13,0,0,0,21,5,0,23,21,161,2,9,0
HR_03832,Selca,1727,403,6,0,2,1,2,27,103,0,1,4,1,0,32,24,2,0,4,0,20,3,0,5,17,143,1,3,2
HR_03859,Selnica,2476,323,6,0,2,0,0,10,82,0,2,10,54,0,9,17,2,1,0,0,12,2,0,1,26,80,2,4,1
HR_03867,Semeljci,3235,461,3,0,4,1,0,60,222,2,4,9,0,0,12,3,6,0,0,0,10,3,0,1,26,91,0,3,1
HR_03875,Senj,5821,1801,31,0,6,4,1,77,1235,8,7,3,12,0,62,22,20,2,6,2,29,2,1,20,29,208,3,11,0
HR_05622,Severin,654,101,1,0,1,0,0,8,60,0,0,0,1,0,8,1,2,0,0,0,3,0,1,0,5,9,0,1,0
HR_03883,Sibinj,5462,809,22,0,5,4,0,90,375,0,11,12,5,0,31,14,13,3,3,0,27,0,0,6,30,151,1,5,1
HR_05703,Sikirevci,1913,316,5,0,1,0,1,41,163,0,2,0,8,1,3,4,3,0,1,1,9,0,0,3,32,37,0,0,1
HR_03891,Sinj,20704,3345,49,0,6,4,1,337,1482,4,12,41,36,2,277,99,64,2,7,6,62,14,3,58,100,662,2,11,4
HR_03905,Sirac,1707,235,2,0,1,2,0,18,109,0,2,3,14,0,13,2,1,1,1,0,4,0,0,3,12,44,2,1,0
HR_03913,Sisak,36596,7513,126,0,23,11,5,608,3173,6,43,50,161,3,191,279,72,12,24,1,226,41,7,65,309,1990,23,55,9
HR_03930,Skrad,785,209,2,0,1,0,0,10,98,0,3,1,6,0,1,3,2,1,1,0,6,0,0,2,6,63,1,1,1
HR_03948,Skradin,3894,767,38,0,7,1,3,71,402,2,3,1,95,0,13,7,13,1,0,0,9,0,0,18,9,69,1,3,1
HR_03956,Slatina,10719,1992,26,0,8,1,1,156,1003,1,9,14,54,0,53,52,10,0,7,2,50,7,0,18,62,437,3,17,1
HR_03964,Slavonski Brod,48405,9006,145,0,19,14,5,724,3687,8,55,240,112,7,387,223,124,13,32,4,290,33,5,56,281,2456,25,49,12
HR_03972,Slavonski Samac,1665,311,7,0,0,2,0,22,146,1,2,2,2,0,8,1,10,0,0,0,10,0,0,2,17,73,1,2,3
HR_03999,Slivno,1650,498,10,0,1,0,1,39,283,1,3,5,20,0,39,2,1,0,2,0,7,1,1,13,3,65,0,1,0
HR_04006,Slunj,4048,901,5,0,4,2,0,73,463,1,9,2,57,1,22,15,23,1,2,0,25,2,2,17,32,139,1,3,0
HR_04022,Smokvica,769,236,3,0,0,0,0,22,114,0,2,1,0,0,12,0,0,0,0,0,5,1,0,3,3,66,1,2,1
HR_04057,Sokolovac,2422,543,10,0,4,4,0,26,294,1,0,1,16,1,11,4,1,0,1,0,7,0,0,1,30,126,4,1,0
HR_04065,Solin,21576,3512,50,0,13,7,5,449,1422,1,19,92,17,3,238,110,66,3,14,1,118,25,5,96,121,602,8,19,8
HR_04073,Sopje,1682,458,9,0,3,0,1,38,264,1,2,3,4,1,5,0,2,1,3,0,15,0,0,5,16,82,1,1,1
HR_04090,Split,140592,27523,376,0,49,32,95,2960,8519,19,119,531,302,45,1568,1246,415,19,97,16,812,225,23,515,834,8472,45,148,41
HR_04103,Sracinec,4060,888,19,0,3,1,0,30,123,1,6,26,355,5,20,15,8,1,4,0,23,7,2,2,27,197,3,8,2
HR_04111,Stankovci,1700,289,11,0,3,1,2,34,135,0,2,1,0,0,24,7,3,0,1,0,5,2,0,18,9,30,1,0,0
HR_04120,Stara Gradiska,993,227,4,0,2,2,0,13,107,0,2,0,10,1,8,4,8,0,0,0,13,1,0,0,6,43,0,3,0
HR_04138,Stari Grad,2646,634,18,0,4,3,6,40,240,2,3,5,2,1,34,31,9,1,1,0,7,1,0,15,16,189,0,4,2
HR_04146,Stari Jankovci,3317,507,11,0,2,2,0,100,244,1,3,8,25,0,9,7,8,0,0,0,19,1,0,1,21,38,3,2,2
HR_04154,Stari Mikanovci,2182,422,6,0,0,1,2,52,127,0,0,3,0,0,16,3,7,6,2,0,11,2,0,4,21,152,2,5,0
HR_04162,Starigrad,1830,403,11,0,1,0,0,40,220,1,3,1,4,0,11,13,6,1,0,0,12,0,0,6,10,59,0,2,2
HR_04189,Staro Petrovo Selo,4002,670,7,0,5,2,1,86,340,2,9,7,27,0,20,11,11,2,2,0,16,0,0,5,32,78,5,1,1
HR_04197,Ston,2059,474,9,0,0,1,4,55,204,0,1,6,7,0,40,7,9,0,0,0,15,4,0,11,9,87,1,2,2
HR_06068,Strahoninec,2347,445,5,0,1,1,1,15,74,2,3,3,66,0,15,25,3,1,1,0,15,2,0,3,23,181,1,2,2
HR_04219,Strizivojna,1918,264,2,0,1,0,0,28,159,0,1,9,0,0,7,1,3,0,0,0,3,0,0,2,15,29,2,2,0
HR_04227,Stubicke Toplice,2536,509,6,0,4,0,0,31,116,1,14,4,5,0,19,24,7,0,5,0,11,4,0,6,37,201,6,7,1
HR_05517,Stupnik,3298,594,7,0,2,0,1,85,163,2,4,15,2,0,31,28,5,0,0,0,32,7,3,2,39,157,2,1,6
HR_04243,Suhopolje,5132,1270,19,0,6,3,1,83,767,2,12,3,33,0,30,10,14,3,3,0,36,3,0,8,38,179,6,11,0
HR_04251,Sukosan,4184,867,14,0,4,0,2,84,445,1,4,4,5,2,45,14,12,2,0,0,25,3,0,32,28,137,2,2,0
HR_04260,Sunja,4194,814,23,0,6,1,4,69,399,2,2,4,25,1,23,15,3,1,1,1,18,2,0,8,35,158,5,7,1
HR_04278,Supetar,4083,931,11,0,1,2,1,44,312,0,2,4,2,15,28,22,3,1,3,0,28,9,1,23,27,383,3,3,3
HR_05924,Sutivan,1004,278,1,0,0,1,0,22,97,0,0,0,1,0,8,9,2,0,0,0,10,4,0,2,4,112,3,1,1
HR_04235,Sućuraj,450,183,2,0,2,0,1,8,65,0,3,2,1,0,4,3,1,1,1,0,3,1,0,6,1,76,0,2,0
HR_06076,Sveta Marija,1817,266,5,0,0,1,0,10,58,0,0,2,36,0,8,11,4,2,2,1,6,1,0,0,24,88,1,3,3
HR_04324,Sveta Nedelja,2527,585,7,0,2,1,0,2,37,1,3,9,348,0,5,18,3,0,6,0,9,8,1,3,25,93,2,2,0
HR_04367,Sveta Nedelja,16284,2919,27,0,13,3,2,306,842,5,13,38,25,2,133,224,58,4,11,4,107,17,5,27,188,821,15,22,7
HR_04286,Sveti Filip i Jakov,4108,880,12,0,5,7,1,82,499,2,3,5,5,0,46,17,14,2,1,2,19,3,1,26,17,105,1,3,2
HR_04383,Sveti Ilija,2840,593,6,0,4,1,0,16,234,1,1,13,12,0,21,25,6,0,4,0,30,3,0,4,30,167,2,10,3
HR_04294,Sveti Ivan Zelina,13377,2664,45,0,20,4,1,234,799,7,18,25,40,2,96,120,53,8,15,1,145,9,0,25,186,782,13,9,7
HR_04391,Sveti Ivan Zabno,3721,689,11,0,9,2,1,58,231,0,3,7,2,3,23,14,17,6,2,0,28,0,1,11,42,207,7,2,2
HR_04405,Sveti Juraj na Bregu,4419,636,12,0,1,2,0,21,113,1,4,4,105,0,12,30,5,1,3,0,22,4,0,5,38,237,4,9,3
HR_04308,Sveti Kriz Zacretje,4781,840,15,0,4,1,3,44,270,2,22,12,19,1,12,15,12,4,5,1,36,6,2,7,37,294,10,3,3
HR_04316,Sveti Lovrec,865,173,3,0,0,0,0,4,9,0,2,4,112,0,1,2,0,0,2,0,1,1,1,1,6,22,1,1,0
HR_04413,Sveti Martin na Muri,2242,311,6,0,1,0,0,2,81,0,6,17,38,0,8,8,4,0,1,0,4,4,0,2,13,104,2,10,0
HR_04421,Sveti Petar Orehovec,3321,547,9,0,6,0,0,38,257,12,3,8,1,0,18,14,4,2,4,0,18,5,1,4,28,107,5,2,1
HR_04332,Sveti Petar u Sumi,870,200,6,0,1,1,0,4,52,1,2,1,94,0,8,10,3,0,0,0,1,1,0,1,6,8,0,0,0
HR_04375,Sveti Đurđ,2830,425,11,0,5,0,0,16,91,2,2,18,19,3,17,14,2,1,4,0,17,2,0,8,39,151,1,2,0
HR_04359,Svetvincenat,1879,462,4,0,1,0,0,5,44,0,1,4,284,0,6,12,6,0,0,1,14,1,0,7,16,52,2,2,0
HR_06319,Tar-Vabriga - Torre-Abrega,2024,318,4,0,3,0,0,4,35,1,4,1,164,0,3,10,5,1,1,0,10,3,1,0,12,55,0,1,0
HR_04537,Tinjan,1373,296,4,0,2,1,2,3,29,0,0,5,151,0,8,12,3,0,3,0,3,4,1,3,10,48,3,0,1
HR_04545,Tisno,2838,704,15,0,4,3,0,46,194,0,7,15,4,1,24,35,22,1,3,0,18,3,1,31,13,255,3,3,3
HR_05754,Tkon,681,134,1,0,2,0,0,9,31,2,1,2,0,0,3,7,0,0,1,0,5,0,0,7,7,55,1,0,0
HR_04561,Tompojevci,1073,350,7,0,3,0,0,57,179,0,2,4,5,0,12,3,3,1,2,0,5,0,0,2,11,44,8,1,1
HR_04570,Topusko,2334,439,5,0,0,1,0,36,258,2,1,3,27,0,8,2,2,0,0,1,8,3,0,3,19,54,1,3,2
HR_04588,Tordinci,1594,392,7,0,0,0,0,32,218,2,2,7,24,0,11,2,3,1,1,1,8,0,0,6,16,50,0,1,0
HR_05576,Tounj,872,211,4,0,0,0,0,20,87,1,1,0,43,2,8,0,3,2,1,0,8,3,0,4,6,13,1,3,1
HR_04596,Tovarnik,1954,467,7,0,4,0,2,105,239,0,2,5,3,0,11,3,4,1,1,1,21,1,1,0,10,45,1,0,0
HR_06262,Tribunj,1513,332,1,0,1,0,6,28,109,0,1,16,1,1,14,17,1,0,2,0,13,1,0,7,8,104,0,0,1
HR_04600,Trilj,7746,1836,34,0,3,4,2,230,1140,1,14,10,5,2,91,13,25,0,2,0,24,3,0,30,24,166,8,2,3
HR_04618,Trnava,1216,201,5,0,4,1,0,37,79,0,1,2,4,0,5,3,0,2,0,1,5,0,0,3,10,37,0,2,0
HR_04626,Trnovec Bartolovecki,5629,825,15,0,3,1,1,36,227,2,8,20,32,0,18,27,9,0,4,1,28,4,0,6,67,300,3,13,0
HR_04634,Trogir,11944,2091,36,0,7,2,5,193,757,3,14,25,16,1,90,41,27,1,10,0,44,17,2,43,49,684,0,22,2
HR_06017,Trpanj,634,237,5,0,0,2,2,15,101,0,7,3,3,1,11,2,1,0,1,0,20,1,0,2,3,57,0,0,0
HR_04642,Trpinja,3714,385,11,0,2,1,1,9,29,1,1,1,240,0,2,9,1,1,0,0,12,2,0,1,13,39,6,3,0
HR_04669,Tuhelj,1750,413,2,0,1,1,0,24,150,1,1,3,1,0,4,18,3,1,4,0,11,3,0,0,15,168,0,2,0
HR_05932,Tucepi,1671,412,4,0,2,0,2,31,144,0,1,6,10,0,18,9,9,2,2,0,5,1,2,16,9,136,1,2,0
HR_04677,Udbina,1275,576,6,0,2,2,1,12,161,1,2,0,336,0,3,2,0,1,0,0,1,1,1,2,3,37,1,1,0
HR_04685,Umag - Umago,12324,1917,16,0,8,1,1,55,260,2,12,13,768,1,41,103,16,1,9,2,83,17,3,6,52,417,13,14,3
HR_04693,Unesic,1148,518,3,0,2,0,2,37,426,2,5,0,0,0,14,0,2,0,2,0,5,0,0,3,7,7,0,1,0
HR_04715,Valpovo,8710,1856,34,0,4,3,3,195,737,0,7,15,9,0,64,46,31,3,9,0,70,12,2,11,49,519,9,21,3
HR_04723,Varazdin,38149,8861,110,0,16,9,1,311,1804,8,91,405,343,3,275,621,129,9,58,2,235,73,12,53,461,3721,19,62,30
HR_04731,Varazdinske Toplice,5146,1064,11,0,1,5,1,71,372,2,9,12,72,3,16,21,9,5,6,2,38,3,0,11,63,315,5,6,5
HR_04740,Vela Luka,3429,904,18,0,2,0,3,40,348,0,3,3,8,0,10,18,5,0,1,0,20,7,0,14,17,375,0,9,3
HR_04758,Velika,4390,930,18,0,8,3,1,74,458,3,13,8,5,0,35,10,13,0,4,0,38,1,0,9,27,192,3,5,2
HR_05410,Velika Gorica,54782,11765,138,0,43,15,11,1326,3802,14,65,173,145,8,621,667,223,14,55,12,366,70,14,105,628,3122,35,68,25
HR_04766,Velika Kopanica,2510,439,9,0,4,0,3,73,182,0,6,1,2,0,18,1,7,1,4,0,9,0,0,5,40,68,2,4,0
HR_04774,Velika Ludina,1987,432,10,0,4,3,2,28,199,0,0,3,0,1,27,12,6,1,3,0,19,0,0,4,20,81,4,4,1
HR_04782,Velika Pisanica,1189,237,7,0,3,1,0,36,65,0,1,0,8,0,5,7,2,0,1,0,15,0,0,13,15,53,3,2,0
HR_05657,Velika Trnovitica,977,230,9,0,1,1,1,21,124,0,2,0,0,1,8,1,2,1,0,0,10,1,0,2,7,36,1,1,0
HR_05584,Veliki Bukovec,1083,220,8,0,3,2,0,10,80,0,3,7,8,1,6,3,2,0,1,0,8,0,0,0,10,62,2,3,1
HR_04804,Veliki Grđevac,2019,397,9,0,5,0,1,43,180,1,2,5,11,0,17,2,4,2,2,0,11,2,0,4,11,79,2,3,1
HR_04812,Veliko Trgovisce,3891,621,16,0,4,2,2,39,234,1,13,2,4,1,15,20,5,1,4,0,21,2,2,4,36,189,2,2,0
HR_04839,Veliko Trojstvo,2101,417,9,0,1,0,0,39,132,1,3,3,35,0,9,10,7,1,5,1,16,1,0,5,23,108,1,6,1
HR_04847,Vidovec,4221,647,23,0,2,0,1,17,247,1,12,17,27,2,20,18,4,1,7,0,27,3,1,4,42,161,2,6,2
HR_04855,Viljevo,1475,271,8,0,2,1,0,35,139,1,1,2,9,0,9,1,5,0,0,1,5,0,0,0,12,37,0,3,0
HR_04863,Vinica,2677,520,5,0,6,0,0,16,182,1,7,13,61,2,7,11,6,3,2,0,25,5,0,3,46,115,1,1,2
HR_04871,Vinkovci,27997,6068,122,0,9,12,4,754,2387,3,99,104,137,3,255,162,96,5,23,3,204,20,13,51,234,1308,15,35,10
HR_04880,Vinodolska opcina,3181,540,2,0,1,3,0,22,186,1,1,2,12,0,13,22,10,0,4,0,19,6,2,13,30,185,1,3,2
HR_04898,Vir,3858,793,15,0,2,6,0,76,282,0,6,9,27,0,43,14,16,0,2,0,27,1,3,22,15,215,4,6,2
HR_04901,Virje,3327,513,8,0,6,11,0,32,172,1,3,12,3,2,13,19,9,0,4,0,22,2,1,8,41,135,5,4,0
HR_04910,Virovitica,17507,4041,53,0,13,6,2,212,1860,9,14,29,35,4,153,119,50,3,15,1,115,15,5,18,139,1134,8,21,8
HR_04928,Vis,1970,444,9,0,3,3,2,33,97,2,1,5,3,1,12,22,10,4,2,0,15,3,0,13,14,177,5,5,3
HR_04936,Visoko,1101,336,3,0,0,1,0,13,212,0,3,3,5,0,9,3,3,1,3,0,5,1,1,3,24,41,2,0,0
HR_04944,Viskovci,1422,240,0,0,1,0,0,33,110,0,1,0,1,0,1,3,4,0,0,0,8,1,0,2,12,61,0,2,0
HR_04952,Viskovo,14168,2042,25,0,3,0,2,123,589,2,6,21,121,2,87,115,29,2,10,2,69,14,4,34,117,649,2,7,7
HR_04979,Višnjan - Visignano,1872,356,10,0,3,1,0,9,24,0,2,3,198,0,10,12,3,0,2,0,14,1,0,6,9,49,0,0,0
HR_04987,Vižinada - Visinada,998,222,3,0,1,0,0,2,14,0,2,0,135,0,8,3,2,0,1,0,9,0,0,2,6,31,1,1,1
HR_05797,Vladislavci,1437,277,6,0,3,0,0,32,140,1,1,5,0,0,6,6,1,1,0,0,6,1,0,3,18,42,1,3,1
HR_05002,Vodice,9506,2017,32,0,4,5,3,256,858,0,2,15,24,0,110,42,38,2,4,1,85,5,1,55,40,415,8,5,7
HR_05029,Vodnjan - Dignano,5248,929,19,0,3,2,0,35,123,0,7,16,449,0,9,36,7,2,3,1,24,9,3,12,19,145,2,2,1
HR_05037,Vojnic,3290,517,12,0,6,0,0,23,206,3,4,0,103,0,12,13,3,2,1,1,12,1,1,2,10,91,6,4,1
HR_04995,Vocin,1732,313,4,0,2,0,1,14,203,1,2,2,22,0,8,3,1,0,1,0,2,0,1,0,12,33,0,1,0
HR_05843,Vođinci,1465,243,8,0,1,1,0,59,61,0,1,10,1,0,29,1,2,0,0,0,16,0,0,3,26,21,1,1,1
HR_05045,Vratisinec,1560,244,3,0,0,0,0,6,43,1,0,9,40,0,3,15,6,1,2,0,6,1,2,0,16,86,3,1,0
HR_05053,Vrbanja,3014,441,10,0,6,0,3,64,211,0,4,3,2,0,41,4,7,0,2,1,11,0,0,3,20,45,0,3,1
HR_05061,Vrbje,1770,298,6,0,4,0,0,33,172,0,3,3,1,2,7,1,6,0,0,0,11,0,0,6,13,27,3,0,0
HR_05070,Vrbnik,1122,287,3,0,3,0,0,24,81,1,1,15,14,1,11,9,4,0,2,1,11,3,0,4,12,84,1,0,2
HR_05088,Vrbovec,11670,2304,45,0,18,10,0,168,622,3,52,18,17,2,89,109,28,4,7,1,88,11,3,27,130,823,10,16,3
HR_05096,Vrbovsko,3859,735,23,0,4,1,1,49,265,4,10,10,93,4,20,12,9,0,2,0,23,1,1,5,28,164,1,5,0
HR_05118,Vrgorac,5340,1329,36,0,4,2,3,72,712,1,7,4,63,3,60,3,11,1,5,0,15,4,0,24,18,264,2,13,2
HR_05126,Vrhovine,681,286,3,0,2,0,1,5,10,0,0,2,224,0,2,2,0,0,1,0,5,0,0,1,4,23,0,1,0
HR_05134,Vrlika,1707,496,9,0,2,0,0,63,303,1,1,1,16,0,26,4,4,0,1,0,13,1,0,10,4,34,0,3,0
HR_05142,Vrpolje,2741,636,7,0,0,0,3,64,395,2,2,3,0,1,10,6,14,0,0,1,16,0,0,2,16,87,1,2,4
HR_05169,Vrsar - Orsera,1868,360,2,0,3,2,1,15,54,0,1,5,165,0,4,16,1,0,1,1,8,7,0,1,8,60,2,2,1
HR_06254,Vrsi,1893,379,3,0,0,0,1,55,148,0,2,2,2,0,13,4,11,0,0,0,10,0,2,15,4,102,0,4,1
HR_05177,Vuka,905,148,1,0,0,0,0,19,84,1,0,0,1,0,2,4,1,0,0,0,3,0,0,1,7,22,0,2,0
HR_05185,Vukovar,21543,4447,92,0,14,9,3,945,1430,2,26,11,632,2,298,83,40,5,13,0,94,25,6,20,101,560,8,25,3
HR_05193,Zabok,7513,2165,52,0,8,2,2,78,482,4,78,9,12,2,30,102,30,6,18,2,53,13,1,18,111,1022,8,15,7
HR_05207,Zadar,61801,11779,163,0,29,23,37,1053,4048,11,56,190,98,21,534,510,213,13,71,7,354,63,13,404,394,3367,27,63,17
HR_05959,Zadvarje,214,78,0,0,0,0,0,15,27,0,0,0,1,2,6,2,0,0,1,1,3,0,0,3,2,15,0,0,0
HR_05215,Zagorska Sela,745,188,4,0,2,1,0,17,36,2,3,0,5,0,2,6,1,0,0,0,8,0,0,0,8,88,2,2,1
HR_05223,Zagvozd,975,222,2,0,0,1,0,44,136,0,0,5,4,0,12,0,1,0,0,0,3,0,0,6,2,6,0,0,0
HR_05436,Zapresic,21624,4755,56,0,8,3,4,492,1460,4,40,84,36,1,207,398,91,5,17,11,145,27,9,45,194,1360,18,31,9
HR_05231,Zazablje,550,179,7,0,1,0,0,7,99,0,1,2,0,0,40,1,0,0,0,0,2,0,0,3,3,11,0,2,0
HR_05240,Zdenci,1365,303,6,0,5,1,0,32,125,0,12,1,9,1,2,7,2,0,3,0,15,0,0,3,11,63,5,0,0
HR_05258,Zemunik Donji,1983,494,11,0,4,2,4,26,297,2,1,2,22,0,18,8,8,1,0,1,9,2,0,6,11,56,0,3,0
HR_05266,Zlatar,4791,734,10,0,6,2,1,50,220,0,7,19,6,1,8,26,21,0,1,1,22,5,0,1,27,292,5,2,1
HR_05274,Zlatar-Bistrica,2007,364,6,0,1,1,0,12,100,0,8,2,9,0,5,16,3,0,6,2,5,2,0,3,29,149,2,3,0
HR_05282,Zmijavci,1628,410,5,0,0,0,0,70,275,0,1,2,0,0,23,2,1,1,0,0,4,0,0,3,9,13,1,0,0
HR_05665,Zrinski Topolovac,576,120,1,0,1,1,0,10,71,0,3,1,12,0,1,1,2,0,0,0,2,1,0,0,5,7,1,0,0
HR_00558,Cabar,3058,507,5,0,2,0,0,12,192,0,8,1,8,0,11,11,9,2,1,0,17,4,1,3,17,197,2,4,0
HR_00582,Caglin,1675,538,9,0,4,3,1,51,270,0,9,1,20,1,20,4,3,0,1,0,10,0,1,9,16,99,3,3,0
HR_00604,Cakovec,23257,4984,79,0,10,5,3,128,976,4,36,106,617,3,118,309,54,8,28,6,132,34,3,31,252,1960,22,41,19
HR_00612,Cavle,6136,947,10,0,2,3,1,39,275,0,11,5,38,0,24,48,13,2,5,2,23,15,0,10,42,360,3,13,3
HR_00639,Cazma,6094,1279,27,0,11,5,2,122,433,2,16,18,10,0,36,47,17,4,9,2,66,11,2,17,57,346,7,9,3
HR_00566,Cacinci,2052,493,13,0,1,1,0,22,278,0,4,3,2,0,10,2,5,0,2,0,19,1,1,4,30,88,3,3,1
HR_00574,Čađavica,1449,400,10,0,2,0,3,29,239,1,4,1,4,0,6,3,3,0,0,0,16,2,0,2,14,57,1,3,0
HR_00647,Ceminac,2246,391,5,0,0,1,0,45,210,2,2,3,1,0,11,6,4,1,1,0,8,1,0,1,11,73,3,2,0
HR_00655,Cepin,9009,1541,16,0,6,4,0,247,547,1,14,18,33,2,63,29,21,1,4,0,41,9,4,19,59,373,6,20,4
HR_01031,Đakovo,22206,4987,111,0,31,14,9,675,1884,4,66,73,71,4,196,97,80,7,18,2,227,20,5,54,187,1082,18,47,5
HR_01040,Đelekovec,1188,210,6,0,2,5,0,19,59,0,1,1,3,0,5,10,4,1,1,0,3,0,0,1,10,76,0,3,0
HR_01058,Đulovac,2415,403,6,0,1,1,0,35,190,3,2,3,43,1,35,8,2,0,0,0,14,0,0,2,9,47,0,0,1
HR_01082,Đurmanec,3237,650,14,0,0,0,2,17,269,3,4,0,6,2,13,11,17,1,2,0,18,1,0,4,52,208,0,6,0
HR_01066,Đurđenovac,4900,942,12,0,6,1,0,73,437,1,13,9,2,1,19,15,13,2,6,0,33,3,4,10,19,254,4,4,1
HR_01074,Đurđevac,6275,1153,25,0,5,4,1,105,310,1,10,11,8,0,22,44,15,1,6,6,59,4,2,10,61,433,5,5,0
HR_05649,Sandrovac,1162,239,5,0,4,1,1,12,123,1,1,2,10,0,6,2,3,0,1,1,10,0,0,1,14,40,1,0,0
HR_06084,Senkovec,2380,496,6,0,0,1,0,15,101,0,19,11,67,1,11,18,6,1,3,0,19,9,0,1,19,174,1,3,10
HR_04430,Sestanovac,1693,443,8,0,3,6,0,75,249,0,1,14,2,1,21,3,6,0,0,0,9,0,0,16,11,16,0,1,1
HR_04448,Šibenik,38623,7577,107,0,19,17,15,796,2840,4,59,64,80,5,332,284,141,6,33,4,233,41,3,147,167,2109,24,29,18
HR_04456,Škabrnja,1488,345,5,0,2,0,0,29,263,0,0,2,0,0,6,0,3,0,2,0,5,0,0,5,6,14,1,1,1
HR_06149,Sodolovci,1203,157,10,0,2,0,0,3,25,0,1,0,56,0,3,1,2,0,0,0,3,0,2,1,8,36,3,1,0
HR_04472,Šolta,2234,706,15,0,3,5,4,45,157,2,5,8,8,2,38,30,7,0,1,0,24,2,0,16,23,300,5,6,0
HR_04499,Spisic Bukovica,3103,582,8,0,4,3,0,32,325,4,3,4,0,2,16,13,6,1,0,1,17,0,0,4,25,109,3,2,0
HR_04502,Stefanje,1434,345,6,0,4,2,0,23,177,1,3,1,7,1,6,5,6,0,3,0,12,1,1,0,21,56,3,6,0
HR_06289,Štitar,1726,204,10,0,1,0,0,43,57,1,3,2,0,1,9,1,3,2,2,0,5,0,0,4,16,41,2,1,0
HR_04529,Strigova,2255,326,4,0,2,0,0,11,77,1,4,6,57,0,9,9,5,2,4,1,25,2,0,1,10,88,4,1,3
HR_05304,Zakanje,1472,463,10,0,4,4,0,17,243,0,5,1,3,0,25,8,4,2,2,1,12,2,0,13,15,78,2,8,4
HR_05312,Zminj,2838,507,7,0,2,1,0,7,52,1,3,7,287,0,18,13,7,0,1,1,4,3,1,8,20,61,2,1,0
HR_05401,Zumberak,662,151,0,0,2,2,1,17,68,0,1,0,0,0,5,3,3,0,1,0,6,2,0,1,7,29,1,1,1
HR_06025,Župa dubrovačka,7405,1049,12,0,2,0,2,93,506,0,12,11,13,2,60,39,27,0,3,0,34,1,2,23,26,174,3,4,0
HR_05347,Zupanja,9913,1580,24,0,3,5,1,217,588,1,8,25,10,1,49,29,18,3,5,2,64,5,5,13,61,430,2,10,1
