gisco_id,name,registered,turnout,invalid,blank,ΔΗ.ΣΥ.,Ε.Δ.Ε.Κ.-Σ.Κ.,ΔΗ.ΚΟ.,Α.Κ.Ε.Λ.,Κ.Ο.Σ.Π.,ΕΥΡΩ.ΚΟ.,Ματσάκης,Κ.Ε.Κ.,Ε.ΛΑ.Μ.,Κυριακού,Ευστρατίου,Μιχαήλ,Κωνσταντίνου [Κωνσταντίνου Μάριος]
CY_1001,Λευκωσία,36755,20754,258,101,7754,1504,2668,6379,466,1243,222,106,37,11,3,2,0
CY_1010,Agios Dometios,10519,5695,50,27,2100,558,903,1527,97,339,69,6,16,0,2,1,0
CY_1011,Έγκωμη (Λευκωσίας),9266,5176,45,25,2253,408,860,997,132,365,54,25,9,2,0,1,0
CY_1012,Στρόβολος,40716,23437,275,146,8906,2054,3371,6472,519,1354,264,23,31,11,1,8,2
CY_1013,Αγλαντζιά (Αγλαγγιά),14374,8569,72,44,2994,815,1176,2691,208,471,69,9,14,5,0,0,1
CY_1021,Lakatameia,20059,11129,130,51,3618,1038,1390,4088,178,479,123,4,16,10,2,2,0
CY_1022,Συνοικισμός Ανθούπολης,2525,1443,32,8,349,131,185,656,15,49,15,0,1,1,1,0,0
CY_1023,Λατσιά (Λακκιά),9507,5507,63,31,1994,366,610,2006,111,245,52,5,22,1,1,0,0
CY_1024,Geri,4654,2645,19,10,974,170,170,1161,32,85,23,0,0,0,0,1,0
CY_1100,Sia,417,278,1,1,89,15,39,115,9,6,2,0,0,0,0,1,0
CY_1101,Μαθιάτης,425,294,3,0,99,40,26,117,2,5,0,1,1,0,0,0,0
CY_1102,Alampra,904,663,4,8,181,37,27,368,10,18,4,4,2,0,0,0,0
CY_1103,Αγία Βαρβάρα (Λευκωσίας),1230,808,15,5,365,86,33,237,8,48,4,0,5,2,0,0,0
CY_1104,Κοτσιάτης,194,141,2,0,44,18,45,29,2,0,1,0,0,0,0,0,0
CY_1105,Νήσου,907,595,4,4,151,26,21,356,8,19,3,0,2,1,0,0,0
CY_1106,Πέρα Χωριό,1771,1188,10,9,249,94,50,731,13,21,7,2,2,0,0,0,0
CY_1107,Dali,4979,3300,50,15,1016,247,174,1596,42,121,26,2,5,4,0,2,0
CY_1108,Λύμπια,1747,1348,7,13,426,81,91,664,10,45,4,0,2,1,2,1,1
CY_1109,Λυθροδόντας,1990,1283,15,2,360,86,208,555,11,37,6,1,2,0,0,0,0
CY_1120,Potamia,363,254,2,0,48,12,23,123,6,38,2,0,0,0,0,0,0
CY_1200,Kampi,107,81,0,1,8,16,3,45,0,1,0,5,2,0,0,0,0
CY_1201,Φαρμακάς,447,308,3,1,57,11,32,192,1,3,6,0,2,0,0,0,0
CY_1202,Απλίκι (Ορεινής),95,76,0,0,12,7,8,49,0,0,0,0,0,0,0,0,0
CY_1204,Γούρρη,287,177,3,0,49,3,24,79,4,10,0,0,0,0,4,0,1
CY_1206,Άγιος Επιφάνιος (Ορεινής),339,233,1,4,49,11,57,101,2,7,1,0,0,0,0,0,0
CY_1207,Καλό Χωριό (Ορεινής),495,355,2,2,83,24,27,206,1,6,4,0,0,0,0,0,0
CY_1208,Malounta,286,202,0,1,72,24,23,66,3,8,2,0,2,0,0,1,0
CY_1209,Κλήρου,1193,796,8,3,228,100,70,364,5,10,2,0,6,0,0,0,0
CY_1210,Arediou,842,597,10,4,200,49,48,268,7,7,4,0,0,0,0,0,0
CY_1211,Άγιος Ιωάννης (Μαλούντας),292,198,2,0,92,21,31,34,10,3,3,1,0,1,0,0,0
CY_1212,Αγροκηπιά,405,248,0,0,86,18,38,89,6,8,3,0,0,0,0,0,0
CY_1213,Mitsero,619,442,7,7,96,38,44,229,4,8,6,1,2,0,0,0,0
CY_1220,Kapedes,423,300,1,4,174,52,25,39,0,0,5,0,0,0,0,0,0
CY_1222,Analiontas,247,168,3,0,54,35,4,67,0,4,1,0,0,0,0,0,0
CY_1223,Kampia,347,237,1,0,100,12,17,101,3,2,1,0,0,0,0,0,0
CY_1225,Tseri,3841,2167,17,16,553,144,235,1110,21,54,15,0,2,0,0,0,0
CY_1226,Politiko,309,179,0,1,89,12,27,35,1,3,0,1,10,0,0,0,0
CY_1227,Pera,869,573,7,2,200,59,69,169,13,45,7,1,1,0,0,0,0
CY_1228,Episkopeio,387,248,5,2,130,13,23,53,7,14,1,0,0,0,0,0,0
CY_1229,Ψιμολόφου,1018,654,5,1,214,40,64,282,18,23,4,0,1,2,0,0,0
CY_1230,Ergates,1263,703,7,6,323,39,75,223,3,17,5,0,4,1,0,0,0
CY_1231,Anageia,880,572,7,5,177,13,55,295,4,7,4,0,4,1,0,0,0
CY_1232,Πάνω Δευτερά,1573,1063,15,11,407,35,113,431,11,29,6,0,4,0,1,0,0
CY_1233,Κάτω Δευτερά,1131,684,5,4,182,49,119,283,13,16,11,0,1,0,0,1,0
CY_1240,Agioi Trimithias,1052,607,5,2,335,34,102,72,17,21,12,2,5,0,0,0,0
CY_1241,Παλαιομέτοχο,3041,1830,27,15,861,196,244,395,21,62,8,0,1,0,0,0,0
CY_1242,Deneia,271,155,1,0,80,24,15,31,2,0,2,0,0,0,0,0,0
CY_1243,Kokkinotrimithia,2220,1327,10,5,552,98,122,445,9,66,18,0,1,0,1,0,0
CY_1244,Μάμμαρη,1075,680,7,4,489,22,41,66,15,26,5,1,4,0,0,0,0
CY_1300,Παλαιχώρι Μόρφου,699,470,6,5,217,35,18,168,5,14,2,0,0,0,0,0,0
CY_1301,Askas,219,139,0,3,69,31,16,15,0,2,1,0,2,0,0,0,0
CY_1302,Alona,199,135,4,0,94,2,19,6,0,8,1,1,0,0,0,0,0
CY_1303,Φτερικούδι,174,112,3,0,44,17,9,32,3,1,1,1,1,0,0,0,0
CY_1304,Πολύστυπος,296,201,4,3,99,29,27,31,2,3,2,1,0,0,0,0,0
CY_1305,Lagoudera,124,82,2,0,53,3,11,10,1,1,0,0,1,0,0,0,0
CY_1306,Saranti,78,47,1,0,26,8,6,4,2,0,0,0,0,0,0,0,0
CY_1307,Λιβάδια (Λευκωσίας),62,47,0,0,21,3,9,13,1,0,0,0,0,0,0,0,0
CY_1309,Platanistasa,165,123,3,1,65,2,19,28,1,2,2,0,0,0,0,0,0
CY_1310,Παλαιχώρι (Ορεινής),418,266,5,0,99,20,27,88,0,19,1,1,0,5,1,0,0
CY_1320,Ξυλιάτος,128,108,0,0,49,24,3,26,0,5,0,1,0,0,0,0,0
CY_1322,Νικητάρι,445,278,13,1,143,18,35,58,3,5,0,1,1,0,0,0,0
CY_1323,Βυζακιά,378,213,1,1,83,11,37,74,1,3,2,0,0,0,0,0,0
CY_1324,Αγία Μαρίνα (Ξυλιάτου),599,376,6,3,136,34,35,149,3,6,4,0,0,0,0,0,0
CY_1326,Κάτω Μονή,274,156,2,1,40,15,10,64,8,12,3,1,0,0,0,0,0
CY_1327,Orounta,536,335,6,5,109,49,59,84,3,15,0,4,0,1,0,0,0
CY_1330,Potami,495,352,1,3,134,43,56,110,1,4,0,0,0,0,0,0,0
CY_1360,Akaki,2169,1278,10,7,336,75,352,413,14,55,11,2,2,1,0,0,0
CY_1361,Περιστερώνα (Λευκωσίας),1943,1095,9,2,407,135,172,326,13,18,10,1,1,1,0,0,0
CY_1362,Αστρομερίτης,2012,1157,23,18,346,130,158,434,18,20,8,1,1,0,0,0,0
CY_1368,Meniko,792,408,2,5,135,27,61,135,16,14,8,1,3,1,0,0,0
CY_1400,Σπήλια,201,148,2,0,69,21,26,27,1,1,0,0,1,0,0,0,0
CY_1403,Καννάβια,277,205,0,0,90,14,46,42,0,12,0,0,1,0,0,0,0
CY_1404,Kakopetria,1103,718,6,2,300,113,74,176,12,27,5,0,0,1,2,0,0
CY_1405,Άγιος Θεόδωρος (Σολέας),87,71,0,1,17,24,13,12,0,4,0,0,0,0,0,0,0
CY_1406,Galata,703,420,8,0,99,39,175,84,2,11,2,0,0,0,0,0,0
CY_1407,Sinaoros,198,145,1,1,17,49,42,31,1,2,0,0,0,1,0,0,0
CY_1408,Kaliana,250,164,0,1,33,42,40,36,0,12,0,0,0,0,0,0,0
CY_1409,Τεμβριά,573,375,1,1,46,54,44,219,1,7,2,0,0,0,0,0,0
CY_1410,Korakou,563,347,2,1,75,81,49,129,6,2,1,1,0,0,0,0,0
CY_1411,Ευρύχου,714,473,10,3,144,94,105,105,3,5,4,0,0,0,0,0,0
CY_1412,Φλάσου,272,194,1,1,42,32,39,64,0,11,0,3,1,0,0,0,0
CY_1415,Ληνού,212,146,5,0,42,18,26,50,0,4,0,1,0,0,0,0,0
CY_1416,Κατύδατα,213,152,3,2,48,37,11,39,2,6,3,0,1,0,0,0,0
CY_1420,Pedoulas,236,120,2,0,60,19,23,11,1,2,2,0,0,0,0,0,0
CY_1421,Μυλικούρι,48,33,1,0,9,1,2,20,0,0,0,0,0,0,0,0,0
CY_1422,Moutoullas,332,206,7,4,46,41,45,56,2,1,2,1,0,0,1,0,0
CY_1423,Oikos,206,125,0,2,29,48,21,14,9,2,0,0,0,0,0,0,0
CY_1424,Καλοπαναγιώτης,297,174,3,2,44,14,29,71,5,2,0,0,4,0,0,0,0
CY_1425,Gerakies,222,140,1,0,29,79,12,14,1,4,0,0,0,0,0,0,0
CY_1426,Tsakistra,94,73,1,0,39,2,8,17,1,1,0,2,2,0,0,0,0
CY_1427,Kampos,403,251,5,0,45,54,31,112,0,1,0,0,3,0,0,0,0
CY_1457,Κάτω Πύργος,1085,840,16,14,254,200,124,145,65,10,1,6,3,1,1,0,0
CY_1460,Πηγένια,141,100,1,1,26,38,7,17,9,1,0,0,0,0,0,0,0
CY_1461,Παχύαμμος,101,85,1,5,10,26,13,27,3,0,0,0,0,0,0,0,0
CY_3100,Agia Napa,2356,1341,18,10,381,141,100,611,14,58,4,1,1,0,2,0,0
CY_3101,Paralimni,7304,4391,48,22,2759,170,446,669,59,157,40,10,8,2,1,0,0
CY_3102,Δερύνεια,3662,2472,51,25,646,110,79,1504,24,22,5,2,0,2,1,1,0
CY_3103,Σωτήρα (Αμμοχώστου),3076,1711,30,15,1043,110,232,181,9,69,13,2,5,1,1,0,0
CY_3104,Liopetri,3009,1713,36,13,906,105,47,497,6,97,3,1,0,0,1,1,0
CY_3105,Φρέναρος,2683,1639,36,14,492,126,71,869,8,14,7,0,2,0,0,0,0
CY_3110,Αυγόρου,3072,2029,40,20,862,102,180,747,7,54,8,2,6,1,0,0,0
CY_3111,Αχνα,1700,1138,12,6,613,49,54,335,2,53,6,0,8,0,0,0,0
CY_3114,Αχερίτου,1754,1014,11,6,349,96,89,431,3,16,11,1,1,0,0,0,0
CY_4001,Larnaka,34246,19945,299,134,7237,1467,2085,7455,220,820,164,17,22,7,9,3,6
CY_4010,Aradippou,7942,4823,46,28,1823,450,340,1972,24,99,23,3,7,3,2,1,2
CY_4011,Λιβάδια (Λάρνακας),3589,2339,25,20,667,143,110,1288,20,52,6,3,5,0,0,0,0
CY_4012,Dromolaxia,4059,2501,30,15,723,127,196,1337,5,54,8,2,2,1,1,0,0
CY_4013,Meneou,951,562,4,4,170,47,24,269,10,20,10,1,2,1,0,0,0
CY_4100,Kellia,296,189,2,3,68,5,16,74,3,18,0,0,0,0,0,0,0
CY_4101,Troulloi,796,548,7,5,359,17,86,59,1,12,1,0,1,0,0,0,0
CY_4102,Bορόκληνη(Ορόκληνη),1925,1343,11,7,584,52,65,549,28,31,12,1,2,0,1,0,0
CY_4103,Αβδελλερό,92,51,2,2,18,0,9,18,0,1,1,0,0,0,0,0,0
CY_4104,Πύλα,938,585,15,3,213,23,43,261,5,15,3,1,1,1,0,1,0
CY_4105,Ξυλοτύμβου,2638,1597,17,9,680,122,155,512,10,77,6,3,5,0,0,1,0
CY_4106,Ormideia,3166,2175,37,11,875,50,165,980,14,32,8,0,2,0,1,0,0
CY_4107,Ξυλοφάγου,3748,2011,39,22,851,125,102,779,30,54,8,0,0,0,0,1,0
CY_4110,Kiti,2343,1602,25,9,337,97,74,1025,8,20,4,0,2,1,0,0,0
CY_4111,Περιβόλια (Λάρνακας),1429,972,11,12,185,36,27,678,10,9,0,0,0,0,4,0,0
CY_4112,Τερσεφάνου,758,546,4,3,141,14,15,346,1,17,4,0,0,0,0,0,1
CY_4120,Mazotos,587,418,6,1,215,31,26,116,6,11,4,0,1,0,0,0,1
CY_4121,Alaminos,221,149,3,2,84,16,21,21,1,1,0,0,0,0,0,0,0
CY_4122,Αναφωτίδα,503,354,2,2,225,18,26,72,0,4,1,1,3,0,0,0,0
CY_4124,Κιβισίλι,186,148,1,2,94,9,12,22,0,8,0,0,0,0,0,0,0
CY_4125,Alethriko,638,399,5,6,151,16,33,169,4,13,0,1,0,0,1,0,0
CY_4126,Κλαυδιά,465,315,9,1,150,27,43,62,1,12,7,2,1,0,0,0,0
CY_4127,Αγγλισίδες,822,467,9,4,219,32,40,112,1,37,0,13,0,0,0,0,0
CY_4202,Athienou,3513,2503,18,14,990,297,341,740,15,71,13,0,1,2,1,0,0
CY_4210,Καλό Χωριό (Λάρνακας),1226,769,9,5,264,110,46,304,3,15,6,2,3,1,0,1,0
CY_4211,Agia Anna,181,129,8,1,43,23,8,43,0,2,0,0,0,1,0,0,0
CY_4212,Μοσφιλωτή,919,627,13,1,257,39,44,245,6,10,8,1,2,0,0,1,0
CY_4213,Ψευδάς,736,523,2,1,151,84,17,256,2,8,2,0,0,0,0,0,0
CY_4214,Πυργά (Λάρνακας),482,326,4,4,60,14,17,142,3,32,47,2,1,0,0,0,0
CY_4215,Kornos,1356,906,12,5,262,198,29,364,1,16,9,0,5,0,0,5,0
CY_4300,Ζύγι,431,260,1,1,96,16,21,90,2,28,2,0,0,0,0,3,0
CY_4301,Mari,209,152,0,0,82,8,17,18,5,21,1,0,0,0,0,0,0
CY_4302,Καλαβασός,592,408,1,0,103,55,49,183,6,9,2,0,0,0,0,0,0
CY_4303,Τόχνη,267,162,1,0,45,22,25,28,4,35,2,0,0,0,0,0,0
CY_4304,Χοιροκoιτία,371,224,4,0,101,28,47,28,3,6,2,2,3,0,0,0,0
CY_4305,Psematismenos,142,107,3,0,63,14,7,9,1,10,0,0,0,0,0,0,0
CY_4306,Maroni,434,304,8,0,149,70,45,19,2,1,2,1,0,1,0,6,0
CY_4307,Άγιος Θεόδωρος (Λάρνακας),510,401,5,1,287,34,19,23,0,27,0,1,3,0,1,0,0
CY_4308,Skarinou,173,106,0,0,50,11,14,26,1,2,2,0,0,0,0,0,0
CY_4309,Κοφίνου,1089,706,15,3,244,71,53,283,2,18,3,9,2,0,0,3,0
CY_4310,Κάτω Λεύκαρα,113,84,3,0,16,34,6,22,1,1,1,0,0,0,0,0,0
CY_4311,Πάνω Λεύκαρα,837,655,6,2,93,398,47,92,8,4,2,2,1,0,0,0,0
CY_4312,Κάτω Δρυς,122,93,0,0,63,8,11,5,0,1,4,0,1,0,0,0,0
CY_4313,Βάβλα,92,68,1,0,45,9,2,6,1,4,0,0,0,0,0,0,0
CY_4315,Ora,156,108,5,3,53,10,23,5,0,8,1,0,0,0,0,0,0
CY_4316,Μελίνη,78,63,0,1,11,0,6,40,1,3,0,0,0,1,0,0,0
CY_4317,Odou,137,83,1,3,33,3,7,34,0,2,0,0,0,0,0,0,0
CY_4318,'Αγιοι Βαβατσινιάς,164,81,0,0,29,9,16,25,0,0,1,0,1,0,0,0,0
CY_4319,Βαβατσινιά,96,75,5,0,34,9,16,11,0,0,0,0,0,0,0,0,0
CY_5001,Lemesos,65248,35243,542,187,11652,3251,4948,11641,525,1603,447,344,55,19,20,8,1
CY_5011,Mesa Geitonia,9026,4979,74,22,1453,433,683,1967,51,182,45,47,8,2,5,7,0
CY_5012,Agios Athanasios,7344,4434,56,28,1316,387,390,1955,57,180,31,22,8,1,0,2,1
CY_5013,Germasogeia,5277,2857,43,14,1068,190,366,942,42,133,31,15,5,1,3,4,0
CY_5020,Pano Polemidia,3406,2137,37,8,578,119,191,1118,11,42,15,8,1,2,6,1,0
CY_5021,'Υψωνας,4269,2253,23,11,930,184,228,632,28,169,15,19,13,1,0,0,0
CY_5022,Kato Polemidia,12530,6911,108,48,2312,514,724,2766,72,202,81,41,26,1,11,5,0
CY_5100,Palodeia,532,328,4,4,109,25,38,128,2,9,6,2,0,0,0,1,0
CY_5101,Παραμύθα,251,132,3,0,52,12,26,24,3,2,5,5,0,0,0,0,0
CY_5102,Spitali,203,114,1,3,67,4,17,13,5,4,0,0,0,0,0,0,0
CY_5103,Φασούλα (Λεμεσού),328,187,1,0,75,8,16,73,2,8,3,1,0,0,0,0,0
CY_5104,Μαθικολώνη,95,72,3,1,25,15,9,13,0,2,4,0,0,0,0,0,0
CY_5105,Gerasa,87,62,2,0,19,10,10,18,0,2,0,0,1,0,0,0,0
CY_5106,Apsiou,201,167,2,2,24,11,18,106,1,1,1,1,0,0,0,0,0
CY_5107,Apesia,285,186,3,2,108,10,39,8,1,6,0,9,0,0,0,0,0
CY_5108,Κορφή,152,105,2,3,78,3,7,8,1,2,1,0,0,0,0,0,0
CY_5109,Λιμνάτης,325,222,5,0,74,15,57,47,3,8,0,12,1,0,0,0,0
CY_5120,Mouttagiaka,1565,838,13,8,258,66,55,389,9,24,9,2,2,1,0,2,0
CY_5121,Αρμενοχώρι,133,99,10,0,2,3,6,72,0,3,1,2,0,0,0,0,0
CY_5122,Φοινικάρια,125,79,1,0,20,1,8,35,3,7,0,4,0,0,0,0,0
CY_5123,Akrounta,319,189,3,2,46,13,62,48,0,15,0,0,0,0,0,0,0
CY_5124,'Αγιος Τύχων,1073,560,9,6,224,35,53,138,23,46,10,9,0,0,0,7,0
CY_5125,Παρεκκλησιά,963,548,6,5,196,29,78,203,4,19,3,5,0,0,0,0,0
CY_5126,Pentakomo,367,246,2,0,107,14,29,64,3,20,1,6,0,0,0,0,0
CY_5127,Monagroulli,349,238,4,1,91,7,19,107,0,4,2,2,0,0,0,1,0
CY_5128,Μονή,316,215,2,0,84,10,22,92,0,5,0,0,0,0,0,0,0
CY_5129,Πύργος,960,598,14,0,299,51,51,138,8,27,4,2,3,1,0,0,0
CY_5130,Asgata,298,223,0,2,58,18,35,102,2,3,2,0,0,1,0,0,0
CY_5131,Βάσα (Κελλακίου),57,49,0,0,14,5,2,22,1,5,0,0,0,0,0,0,0
CY_5133,Πραστιό (Κελλακίου),82,70,0,0,10,0,8,51,0,0,1,0,0,0,0,0,0
CY_5136,Kellaki,278,193,4,2,46,15,19,98,4,3,1,0,1,0,0,0,0
CY_5138,Eptagoneia,301,202,4,2,92,6,17,67,5,5,1,0,0,3,0,0,0
CY_5140,Dierona,240,179,7,2,54,2,12,95,2,4,0,1,0,0,0,0,0
CY_5141,Arakapas,275,197,3,0,66,16,13,78,1,19,0,0,1,0,0,0,0
CY_5142,'Αγιος Παύλος,164,116,0,1,37,25,9,36,0,5,1,1,1,0,0,0,0
CY_5143,Agios Konstantinos,177,122,1,1,69,5,23,19,1,2,1,0,0,0,0,0,0
CY_5144,Συκόπετρα,112,65,3,0,14,0,5,41,0,0,2,0,0,0,0,0,0
CY_5145,Λουβαράς,344,204,5,1,45,17,5,119,1,10,0,0,0,0,1,0,0
CY_5146,Καλό Χωριό (Λεμεσού),396,260,3,0,99,17,34,88,7,8,1,1,1,0,1,0,0
CY_5147,Ζωοπηγή,198,143,6,0,53,11,40,25,1,4,0,1,2,0,0,0,0
CY_5200,Ακρωτήρι,615,398,8,5,184,21,59,78,7,25,5,0,0,1,5,0,0
CY_5201,Ασώματος (Λεμεσού),290,157,4,0,57,7,23,61,1,2,2,0,0,0,0,0,0
CY_5203,Τραχώνι (Λεμεσού),2716,1388,11,6,441,106,153,518,50,59,20,11,6,0,7,0,0
CY_5210,Kolossi,2807,1558,21,8,591,90,115,638,13,43,10,10,19,0,0,0,0
CY_5211,Ερήμη,1034,633,8,5,254,24,66,236,10,18,4,3,4,1,0,0,0
CY_5212,Επισκοπή (Λεμεσού),2438,1459,20,17,560,195,111,473,13,45,12,3,7,1,1,1,0
CY_5213,Kantou,347,211,4,0,48,19,25,106,0,5,2,0,1,0,1,0,0
CY_5214,Σωτήρα (Λεμεσού),80,70,4,2,27,1,12,23,1,0,0,0,0,0,0,0,0
CY_5220,Πραστιό (Αυδήμου),192,146,2,0,54,43,11,29,3,4,0,0,0,0,0,0,0
CY_5221,Paramali,140,103,1,1,55,8,11,21,0,5,0,0,0,0,0,0,1
CY_5222,Αυδήμου,497,279,4,1,142,37,27,55,2,6,3,1,0,0,1,0,0
CY_5224,Agios Thomas,76,50,2,0,17,3,5,16,1,5,0,0,0,1,0,0,0
CY_5225,Alektora,92,63,2,0,14,17,11,15,0,1,0,2,0,0,0,1,0
CY_5226,Ανώγυρα,202,138,2,0,34,9,31,53,7,1,1,0,0,0,0,0,0
CY_5227,Pissouri,801,578,7,4,189,54,58,193,35,30,2,3,1,0,2,0,0
CY_5300,Souni-Zanakia,331,199,3,0,89,14,21,50,8,9,5,0,0,0,0,0,0
CY_5302,Alassa,219,136,2,1,61,8,26,26,1,3,1,6,0,0,0,1,0
CY_5304,Πάνω Κιβίδες,514,296,3,2,179,13,53,31,5,9,1,0,0,0,0,0,0
CY_5305,Άγιος Αμβρόσιος (Λεμεσού),302,210,3,3,62,34,30,19,46,11,2,0,0,0,0,0,0
CY_5306,Agios Therapon,232,170,1,1,124,5,22,15,1,0,1,0,0,0,0,0,0
CY_5307,Λόφου,87,52,1,1,26,7,4,9,2,2,0,0,0,0,0,0,0
CY_5308,Πάχνα,972,590,5,2,297,50,117,80,3,28,2,0,3,0,3,0,0
CY_5310,Άγιος Γεώργιος (Λεμεσού),124,68,2,1,19,16,11,14,1,2,0,2,0,0,0,0,0
CY_5311,Doros,138,117,0,0,8,5,4,7,0,7,2,82,1,0,1,0,0
CY_5312,Laneia,203,149,1,3,42,15,25,32,9,11,1,10,0,0,0,0,0
CY_5313,Silikou,174,120,2,2,35,5,16,54,2,1,2,1,0,0,0,0,0
CY_5314,Monagri,192,127,2,3,40,24,15,9,1,7,1,24,0,0,1,0,0
CY_5315,Τριμήκληνη,337,216,2,1,60,20,48,62,0,17,1,5,0,0,0,0,0
CY_5316,Agios Mamas,237,148,1,0,66,21,31,20,0,6,2,1,0,0,0,0,0
CY_5317,Kouka,57,47,1,0,7,2,5,30,0,0,0,2,0,0,0,0,0
CY_5318,Μονιάτης,347,199,1,0,106,15,28,28,0,14,0,5,0,0,2,0,0
CY_5320,Dora,249,136,9,0,66,3,27,23,0,2,0,0,0,0,5,1,0
CY_5322,Άρσος (Λεμεσού),295,238,3,1,85,12,29,96,2,6,0,0,0,0,4,0,0
CY_5324,Malia,96,54,0,0,21,2,7,20,0,4,0,0,0,0,0,0,0
CY_5325,Βάσα (Κοιλανίου),196,132,3,1,49,4,12,50,2,9,1,0,1,0,0,0,0
CY_5326,Βουνί,191,119,4,0,52,6,36,19,0,1,0,1,0,0,0,0,0
CY_5327,Pera Pedi,128,93,1,1,42,20,4,21,1,3,0,0,0,0,0,0,0
CY_5328,Μανδριά (Λεμεσού),116,84,2,1,22,5,11,37,0,2,2,2,0,0,0,0,0
CY_5329,Potamiou,85,61,1,0,24,5,18,8,0,1,1,0,3,0,0,0,0
CY_5330,Omodos,315,219,4,1,51,22,82,20,5,14,0,1,19,0,0,0,0
CY_5331,Koilani,429,274,2,5,70,33,51,100,0,8,4,0,1,0,0,0,0
CY_5340,'Αγιος Δημήτριος,63,31,0,0,19,6,1,5,0,0,0,0,0,0,0,0,0
CY_5341,Παλαιόμυλος,47,38,0,0,4,6,2,22,0,3,0,0,1,0,0,0,0
CY_5342,Prodromos,150,86,1,2,30,6,23,12,2,9,1,0,0,0,0,0,0
CY_5343,Kaminaria,88,66,1,4,25,2,14,15,1,3,0,1,0,0,0,0,0
CY_5344,Treis Elies,81,57,0,1,7,9,4,34,1,1,0,0,0,0,0,0,0
CY_5345,Lemithou,128,74,2,0,23,4,20,24,0,1,0,0,0,0,0,0,0
CY_5350,Κάτω Πλάτρες,223,170,8,0,53,25,33,46,1,4,0,0,0,0,0,0,0
CY_5351,Pano Platres,243,175,1,1,67,33,37,18,3,13,0,1,0,0,1,0,0
CY_5352,Φοινί,524,325,3,1,100,67,37,99,6,5,1,1,3,0,2,0,0
CY_5355,Αμίαντος,290,220,1,1,107,5,36,63,0,5,2,0,0,0,0,0,0
CY_5360,Άγιος Θεόδωρος (Λεμεσού),129,79,2,0,45,6,5,16,1,2,1,1,0,0,0,0,0
CY_5361,Άγιος Ιωάννης (Λεμεσού),486,285,10,1,90,20,47,94,2,18,1,0,0,0,1,1,0
CY_5362,Κάτω Μύλος,53,35,2,0,18,1,9,3,1,1,0,0,0,0,0,0,0
CY_5363,Potamitissa,105,81,3,3,30,3,30,7,0,4,0,0,0,1,0,0,0
CY_5364,Δύμες,193,138,3,0,42,11,38,36,2,2,0,3,0,0,1,0,0
CY_5365,Pelendri,1368,973,13,8,261,15,25,638,5,3,3,0,0,0,0,2,0
CY_5366,Agros,717,519,4,1,296,11,87,85,4,27,3,0,0,1,0,0,0
CY_5367,Agridia,211,141,5,1,43,8,62,14,1,2,3,1,1,0,0,0,0
CY_5368,Χανδριά,278,197,2,0,150,18,7,9,0,8,1,1,1,0,0,0,0
CY_5369,Κυπερούντα,1446,996,16,7,503,54,134,199,5,67,4,3,2,1,0,1,0
CY_6001,Πάφος,16808,9396,197,70,2389,2413,1598,2028,118,385,70,9,26,5,87,1,0
CY_6010,Γεροσκήπου,4276,2371,41,21,521,457,327,835,26,69,33,15,5,2,19,0,0
CY_6011,Konia,728,466,7,3,84,123,84,124,10,11,3,3,13,0,1,0,0
CY_6012,Agia Marinouda,144,92,4,0,9,34,7,26,5,4,3,0,0,0,0,0,0
CY_6014,Αχέλεια,97,69,0,1,17,15,16,16,1,1,0,0,0,0,2,0,0
CY_6020,Χλώρακας,1952,1207,17,3,362,173,162,398,12,66,9,1,0,0,4,0,0
CY_6021,Lempa,194,125,2,1,31,20,11,42,2,6,0,0,0,0,10,0,0
CY_6022,Έμπα,2127,1244,14,6,447,236,247,213,9,41,12,0,4,3,12,0,0
CY_6023,Tremithousa,359,244,10,5,58,44,29,59,8,18,1,0,0,0,12,0,0
CY_6024,Μέσα Χωριό,289,218,3,5,22,55,22,96,1,9,2,0,1,0,2,0,0
CY_6025,Μεσόγη,843,542,6,4,103,156,95,150,7,12,2,1,0,0,6,0,0
CY_6026,Τάλα,683,423,7,5,81,118,57,77,31,35,1,0,2,0,9,0,0
CY_6027,Kissonerga,960,616,8,12,88,148,75,236,5,25,6,0,2,1,10,0,0
CY_6100,Κούκλια (Πάφου),569,376,7,1,88,91,86,80,2,14,5,1,0,0,1,0,0
CY_6101,Μανδριά (Πάφου),377,232,1,2,92,31,17,73,0,10,2,1,2,0,1,0,0
CY_6102,Nikokleia,81,67,1,0,16,11,12,12,11,0,0,0,0,0,4,0,0
CY_6104,Τίμη,721,452,13,6,104,82,51,151,2,26,11,0,2,0,4,0,0
CY_6106,Αγία Βαρβάρα (Πάφου),87,65,0,0,13,12,13,19,2,4,0,0,0,0,2,0,0
CY_6107,Anarita,318,226,4,1,53,75,27,54,7,2,0,1,0,0,2,0,0
CY_6110,Marathounta,182,119,3,1,6,20,29,41,6,4,4,0,2,0,3,0,0
CY_6111,Armou,229,156,7,3,20,42,23,48,4,5,2,0,0,0,2,0,0
CY_6112,Επισκοπή (Πάφου),187,139,2,3,40,22,23,48,0,0,0,0,0,0,1,0,0
CY_6113,Nata,172,130,2,4,25,17,16,63,0,2,0,1,0,0,0,0,0
CY_6114,Χολέτρια,267,201,6,1,43,14,38,94,4,1,0,0,0,0,0,0,0
CY_6122,Stroumpi,437,282,2,3,113,34,69,48,4,7,1,0,0,1,0,0,0
CY_6120,Tsada,646,474,9,6,112,77,71,176,9,7,2,0,0,0,4,1,0
CY_6121,Κοίλη,253,198,2,3,33,35,66,41,5,9,0,0,3,0,1,0,0
CY_6123,Polemi,624,369,8,6,132,72,79,47,3,12,1,0,3,4,2,0,0
CY_6124,Kallepeia,206,160,1,1,38,26,42,47,1,4,0,0,0,0,0,0,0
CY_6125,Λετύμβου,323,253,5,5,56,88,62,29,2,0,0,0,3,0,3,0,0
CY_6128,Lemona,62,44,1,0,5,16,9,9,0,1,0,0,3,0,0,0,0
CY_6129,Χούλου,184,145,0,2,20,71,34,15,0,2,0,0,0,0,1,0,0
CY_6132,Kathikas,358,232,3,3,44,24,69,71,9,7,1,1,0,0,0,0,0
CY_6133,Pegeia,1695,1055,13,8,342,135,155,243,117,23,6,1,1,1,10,0,0
CY_6200,Πάνω Aρχιμανδρίτα,51,40,0,0,15,6,8,8,0,3,0,0,0,0,0,0,0
CY_6201,Φασούλα (Πάφου),54,39,1,1,3,9,11,14,0,0,0,0,0,0,0,0,0
CY_6205,Άγιος Γεώργιος (Πάφου),135,102,0,1,8,32,28,28,2,1,0,1,0,0,0,0,1
CY_6208,Τραχυπέδουλα,96,63,0,0,8,13,16,25,0,0,0,0,0,0,1,0,0
CY_6210,Kelokedara,282,176,6,4,45,41,45,30,0,4,0,0,1,0,0,0,0
CY_6211,Salamiou,340,232,1,2,26,57,49,84,2,4,0,2,0,0,5,0,0
CY_6213,Kedares,68,53,1,0,13,8,9,22,0,0,0,0,0,0,0,0,0
CY_6214,Mesana,72,46,2,3,9,3,12,14,0,3,0,0,0,0,0,0,0
CY_6215,Praitori,86,72,2,0,23,6,11,23,2,3,0,2,0,0,0,0,0
CY_6218,Άγιος Νικόλαος (Πάφου),61,51,1,0,15,4,18,11,0,1,0,1,0,0,0,0,0
CY_6220,Αμαργέτη,266,172,3,3,59,33,28,36,1,5,1,0,2,0,1,0,0
CY_6222,Pentalia,136,82,8,0,21,19,18,14,1,1,0,0,0,0,0,0,0
CY_6224,Galataria,119,81,2,1,15,8,36,13,1,4,0,1,0,0,0,0,0
CY_6227,Στατός-'Αγιος Φώτιος,304,205,2,2,28,58,58,47,1,7,1,0,1,0,0,0,0
CY_6230,Πάνω Παναγιά,556,337,5,3,38,76,68,138,3,5,0,0,1,0,0,0,0
CY_6231,Asprogia,67,42,1,0,13,9,11,7,0,0,0,0,0,0,1,0,0
CY_6300,Psathi,79,59,1,0,35,6,4,1,0,8,0,0,0,0,4,0,0
CY_6301,'Αγιος Δημητριανός,90,65,0,0,17,21,10,13,0,4,0,0,0,0,0,0,0
CY_6302,Κανναβιού,145,91,0,0,10,28,22,19,5,3,1,0,0,0,3,0,0
CY_6303,Θρίνια (Δρίνια),47,36,0,1,6,9,7,8,3,0,1,0,0,0,1,0,0
CY_6305,Kritou Marottou,57,48,1,2,7,22,9,7,0,0,0,0,0,0,0,0,0
CY_6306,Φύτη,115,63,2,2,4,18,23,10,1,2,0,0,0,1,0,0,0
CY_6307,Lasa,80,45,1,0,12,12,7,12,1,0,0,0,0,0,0,0,0
CY_6308,Δρύμου,88,58,1,1,17,10,18,8,1,0,0,1,0,0,1,0,0
CY_6310,Simou,172,131,1,0,37,49,10,25,3,6,0,0,0,0,0,0,0
CY_6320,Λυσός,195,131,1,0,35,15,38,27,1,11,0,1,2,0,0,0,0
CY_6321,Περιστερώνα (Πάφου),211,151,2,1,55,44,18,25,1,4,0,0,0,0,1,0,0
CY_6330,Theletra,171,117,5,0,28,32,14,30,0,3,0,1,0,0,4,0,0
CY_6331,Giolou,596,426,4,3,133,118,40,104,11,7,0,0,0,1,5,0,0
CY_6333,Μηλιού,62,48,0,0,10,4,17,17,0,0,0,0,0,0,0,0,0
CY_6334,Kato Akourdaleia,70,56,0,1,12,6,7,28,1,0,0,0,0,0,1,0,0
CY_6336,Kritou Tera,118,81,2,0,16,17,21,20,4,0,1,0,0,0,0,0,0
CY_6337,Σκούλλη,121,72,0,0,15,13,12,24,2,0,4,0,0,0,2,0,0
CY_6341,Χρυσοχού,99,72,3,0,10,14,22,21,0,2,0,0,0,0,0,0,0
CY_6343,Polis,1428,902,5,8,230,154,143,323,17,18,1,0,0,2,1,0,0
CY_6344,Νέο Χωριό (Πάφου),284,163,1,2,36,24,39,52,4,3,1,0,1,0,0,0,0
CY_6345,Goudi,142,92,2,1,17,28,17,21,2,4,0,0,0,0,0,0,0
CY_6351,Pano Arodes,118,79,2,0,13,7,19,35,3,0,0,0,0,0,0,0,0
CY_6352,Ineia,330,169,4,1,33,46,25,51,1,4,1,0,0,0,3,0,0
CY_6353,Drouseia,300,213,7,2,37,86,29,27,4,4,1,14,0,0,0,1,1
CY_6361,Κυνούσα,93,63,2,0,15,22,3,17,1,2,0,0,0,1,0,0,0
CY_6363,Argaka,671,446,4,1,119,109,58,118,4,30,0,0,1,2,0,0,0
CY_6364,Gialia,116,75,1,0,18,14,13,28,0,1,0,0,0,0,0,0,0
CY_6365,Αγία Μαρίνα (Χρυσοχούς),576,421,9,4,48,69,58,226,0,5,0,0,0,0,2,0,0
CY_6367,Pomos,467,303,1,3,62,63,41,123,2,5,0,0,2,0,1,0,0
CY_6368,Στενή,121,94,1,1,37,18,14,11,3,8,0,1,0,0,0,0,0
CY_CYZZBE,Citizens of Cyprus living in Belgium,196,180,2,2,58,31,21,50,2,10,2,1,0,1,0,0,0
CY_CYZZDE,Citizens of Cyprus living in Germany,118,61,0,0,8,2,1,46,1,3,0,0,0,0,0,0,0
CY_CYZZIT,Citizens of Cyprus living in Italy,54,23,0,0,4,0,0,19,0,0,0,0,0,0,0,0,0
CY_CYZZGB,Citizens of Cyprus living in United Kingdom,1863,1061,20,3,232,44,79,653,7,18,2,2,1,0,0,0,0
CY_CYZZEL,Citizens of Cyprus living in Greece,6749,4712,42,14,1580,418,208,2236,35,119,24,10,19,2,3,1,1
CY_CYZZCZ,Citizens of Cyprus living in Czechia,112,75,0,0,3,4,1,67,0,0,0,0,0,0,0,0,0
CY_CYZZHU,Citizens of Cyprus living in Hungary,87,60,0,0,8,2,1,48,0,1,0,0,0,0,0,0,0
CY_CYZZBG,Citizens of Cyprus living in Bulgaria,229,156,2,1,27,4,4,111,0,4,3,0,0,0,0,0,0
CY_CYZZRU,Citizens of Cyprus living in Russian Federation,74,46,0,2,1,2,3,37,0,1,0,0,0,0,0,0,0
CY_CYZZQA,Citizens of Cyprus living in Qatar,88,72,1,0,18,4,14,31,0,4,0,0,0,0,0,0,0
CY_CYZZAE,Citizens of Cyprus living in United Arab Emirates,58,29,0,0,9,1,1,16,0,2,0,0,0,0,0,0,0
