gisco_id,name,registered,turnout,invalid,blank,ΣΥ.ΡΙΖ.Α.,Ν.Δ. (1974),ΠΑ.ΣΟ.Κ.,ΑΝ.ΕΛ.,Χ.Α.,Κ.Κ.Ε.,ΔΗΜ.ΑΡ.,ΦΙ.ΣΥ.,Δημιουργία,ΛΑ.Ο.Σ.,Ο.Π.,ΔΗ.ΣΥ. (2010),ΑΝΤ.ΑΡ.ΣΥ.Α.,Δ.Α.-Ε.Π.Μ.,ΚΣ,Ε.Κ.,Κ.Π.Ε.,Κ.Δ.Π.,Κ.Π.Σ.Κ.,Σ.Ε.Ε.,Κ.Κ.Ε. (μ-λ),Ε.Ε.Κ.,Κ.Φ.,ΠΑ.Ε.Κ.Ε.,Ο.Α.Κ.Κ.Ε.,Ο.Κ.Δ.Ε. – Σπάρτακος,ΠΑΝ.ΚΙ.,Ε.Ο. (1986),Ανεξ.,Π.Α.Α.,Αξιοπρέπεια,Κ.Ε.ΑΝ.
EL_4501,Αθηναίων,489237,296881,4464,1345,55650,45966,28201,26149,25548,24974,17418,12660,9822,9277,8961,7233,4398,2896,2406,2057,1939,1751,1662,1009,403,233,220,113,61,59,3,2,1,0,0,0
EL_4702,Αγίας Βαρβάρας (Αττικης),22529,15995,301,82,3482,1332,1491,2004,1230,1972,721,113,241,529,557,236,181,173,745,129,87,156,59,51,53,14,15,0,12,8,0,0,2,0,14,5
EL_4602,Αγίας Παρασκευής (Αττικης),37017,28653,280,132,5756,4350,2651,2862,1528,1741,1992,1510,1450,758,1019,715,379,374,269,192,169,123,121,188,35,16,15,0,5,4,0,0,2,0,9,8
EL_4802,Αγίου Δημητρίου (Αττικης),42222,32348,431,105,7287,3340,2943,3922,2100,3502,2318,517,828,916,1130,524,377,524,366,258,216,295,182,99,59,26,22,0,3,13,0,0,5,0,29,11
EL_4703,Αγίων Αναργύρων - Καματερού,41957,31226,544,157,7172,3139,2719,3647,2663,3748,1694,360,683,874,1044,412,464,399,364,216,193,305,146,91,72,35,24,0,11,6,0,0,3,0,26,15
EL_4704,Αιγάλεω,60815,42147,609,150,10132,4246,3766,4804,3269,5182,2450,432,775,1041,1360,713,614,523,503,339,256,407,176,133,94,51,34,0,12,17,1,0,11,0,30,17
EL_4803,Αλίμου,29467,22221,257,91,4436,2952,1786,2700,1391,1504,1655,942,1107,644,771,519,256,277,231,130,149,136,102,86,18,25,22,0,6,1,0,0,0,0,18,9
EL_4601,Αμαρουσίου,47257,36396,439,164,7276,5125,3381,3833,2062,2320,2537,1827,1857,926,1322,870,543,432,315,209,234,213,141,173,42,23,22,0,4,2,3,0,0,0,89,12
EL_4603,Βριλησσίων,19033,15350,171,72,3032,2210,1429,1489,707,926,1103,987,1030,357,504,397,232,159,137,68,96,88,67,53,11,6,4,0,5,2,0,0,1,0,5,2
EL_4502,Βύρωνος,43297,30273,338,109,7046,3628,2666,3101,1753,3339,1911,693,1010,846,1010,557,608,344,266,207,215,187,175,136,51,28,18,0,7,2,0,0,3,0,12,7
EL_4503,Γαλατσίου,35568,27617,421,116,6315,2945,2550,2714,2018,2849,1977,487,805,736,1103,436,437,395,289,236,171,226,183,80,49,16,8,0,6,16,0,0,0,0,24,9
EL_4804,Γλυφάδας,58252,43741,726,170,7871,6462,3874,5160,2787,2751,2704,2137,2299,1290,1540,1165,466,509,349,296,295,271,221,223,47,30,33,0,3,9,0,0,12,0,34,7
EL_4504,Δάφνης - Υμηττού,30609,20125,228,84,4599,2437,1907,2126,1224,2072,1403,459,637,560,651,318,251,264,178,153,127,124,86,64,60,59,23,0,2,5,0,0,0,0,15,9
EL_4805,Ελληνικού - Αργυρούπολης,35364,27175,385,120,5991,2960,2462,2974,1622,2805,1928,691,950,810,1021,503,374,310,259,232,178,212,135,77,65,41,24,0,10,4,0,0,0,0,27,5
EL_4505,Ζωγράφου,47850,34965,424,149,7366,4942,3610,3387,2131,3054,2357,912,1146,966,1237,703,677,412,338,221,227,233,171,143,43,28,19,0,15,10,1,0,7,1,25,10
EL_4506,Ηλιουπόλεως,57488,43980,566,154,10309,4846,4163,4657,2531,4305,3188,1102,1572,975,1618,810,627,599,373,326,275,342,192,175,145,35,31,0,11,4,0,0,6,0,32,11
EL_4604,Ηρακλείου (Αττικης),33267,25934,301,121,6018,2932,2427,2688,1616,2519,1780,639,942,652,962,404,452,340,241,215,168,192,130,87,44,26,10,0,4,3,0,0,0,0,19,2
EL_4705,Ιλίου,49333,37534,667,198,8837,3822,3293,4422,2982,4314,2256,396,709,851,1280,591,553,602,379,262,194,354,180,128,73,108,30,0,3,10,0,0,4,0,24,12
EL_4507,Καισαριανής,25929,17431,263,63,4052,1709,1595,1543,1610,2740,987,281,417,461,474,229,218,112,145,97,94,114,91,54,20,18,12,0,5,3,0,0,8,0,13,3
EL_4801,Καλλιθέας (Αττικης),77114,50674,1009,261,10111,5596,4949,6416,3602,5122,3179,1006,1304,1836,1668,855,599,631,622,438,313,417,235,168,149,47,33,0,13,21,3,0,8,0,44,19
EL_4605,Κηφισιάς,51715,39295,434,152,5430,7117,3288,4346,2020,1915,2178,4363,2622,1053,1109,1375,349,356,297,171,194,188,129,80,39,21,24,0,3,9,0,0,7,0,13,13
EL_4606,Λυκόβρυσης - Πεύκης,20693,16603,186,81,3568,1963,1581,1582,900,1246,1224,703,938,493,618,353,259,189,148,126,107,114,76,76,21,9,9,0,3,4,0,0,3,0,16,7
EL_4607,Μεταμορφώσεως,18622,14590,258,52,3542,1332,1211,1684,1185,1666,878,197,372,410,469,200,192,168,136,113,82,170,152,48,24,16,10,0,6,4,0,0,1,0,10,2
EL_4806,Μοσχάτου - Ταύρου,36786,23756,371,93,5346,2411,1981,2712,2058,2550,1634,408,614,691,881,308,305,316,206,167,189,207,119,62,35,27,12,0,7,9,2,0,5,0,19,11
EL_4608,Νέας Ιωνίας (Αττικης),48095,34733,467,136,8403,3199,3077,3450,2153,5003,2265,567,908,872,1093,473,593,448,483,248,188,257,151,103,73,24,27,0,4,11,1,0,10,0,36,10
EL_4807,Νέας Σμύρνης,53715,37774,475,162,8184,4587,3590,3951,1834,2758,2950,1584,1817,1042,1281,963,681,465,375,217,225,186,195,89,45,41,16,0,13,6,0,0,1,1,29,11
EL_4808,Παλαιού Φαλήρου,48323,34284,442,137,6377,5037,2782,4006,2016,2075,2144,1732,1731,1161,1223,1259,344,401,375,228,224,199,154,95,43,18,18,0,7,4,0,0,3,0,18,31
EL_4609,Παπάγου - Χολαργού,36631,28653,273,109,4856,5353,2492,2639,1603,1435,1935,1901,1735,743,845,792,408,393,244,132,178,101,116,280,20,19,9,0,6,5,0,0,5,0,20,6
EL_4610,Πεντέλης,23167,18483,193,90,3582,2447,1707,2010,956,1351,1241,1153,1084,468,586,407,267,242,143,109,121,97,102,51,21,15,11,0,4,7,0,0,4,0,12,2
EL_4701,Περιστερίου,109259,77726,1244,328,18961,7512,6282,8299,6449,9853,4517,882,1587,1965,2672,942,1487,1012,745,653,433,831,394,214,174,87,64,0,13,29,3,0,7,1,56,30
EL_4706,Πετρουπόλεως,36100,27759,376,106,6817,2533,2188,3001,2168,3653,1719,324,621,710,918,360,472,511,243,190,149,265,163,88,86,32,16,0,9,6,0,0,1,0,24,10
EL_4508,Νέας Φιλαδελφείας - Νέας Χαλκηδόνος,30542,22074,326,94,5243,2403,1928,2292,1617,2341,1473,439,611,649,731,370,364,216,239,163,102,177,101,101,30,18,14,0,5,4,0,0,3,0,14,6
EL_4611,Φιλοθέης - Ψυχικού,27494,20026,222,83,2348,4123,1605,1437,1024,618,1044,3229,1503,489,543,775,241,183,100,82,106,79,51,89,11,13,7,0,4,3,0,0,0,0,10,4
EL_4707,Χαϊδαρίου,32800,25484,317,110,5889,2709,2029,3037,2051,2832,1659,366,596,712,870,435,402,271,267,183,152,245,106,94,31,51,26,0,11,7,0,0,5,0,12,9
EL_4612,Χαλανδρίου,49514,36776,392,141,7576,5111,3401,3696,1841,2525,2565,1847,2088,913,1196,1012,604,426,328,224,266,220,142,146,40,24,13,0,3,3,0,0,2,0,21,10
EL_5202,Αγκιστρίου,1013,720,12,2,52,133,74,110,133,40,27,13,15,19,25,19,1,20,4,3,4,4,2,4,2,1,1,0,0,0,0,0,0,0,0,0
EL_5203,Αίγινας,13338,8567,166,45,1226,1746,834,1080,667,425,718,128,219,265,347,120,68,118,51,59,49,81,73,49,14,6,9,0,3,1,0,0,0,0,0,0
EL_5204,Κυθήρων,6445,2607,29,12,359,630,264,353,127,124,191,61,93,78,94,35,22,14,29,23,20,14,13,10,3,1,6,0,1,1,0,0,0,0,0,0
EL_5101,Πειραιώς,161287,100644,1523,420,20399,14330,8079,12489,8733,8385,5996,1930,2793,3317,3299,1789,1113,1064,1101,918,710,892,478,474,170,73,104,0,49,16,0,0,0,0,0,0
EL_5205,Πόρου,4550,3013,27,8,335,911,303,282,287,123,146,71,71,83,96,34,19,83,25,25,14,22,19,19,0,2,2,0,4,2,0,0,0,0,0,0
EL_5206,Σπετσών,4218,2594,54,12,365,739,210,329,168,60,155,87,78,66,93,52,13,25,14,8,23,28,3,4,1,3,3,0,0,1,0,0,0,0,0,0
EL_5207,Τροιζηνίας - Μεθάνων,8249,5340,107,25,623,1507,616,578,668,184,191,59,89,150,129,80,36,83,63,17,32,42,22,23,6,4,4,0,1,1,0,0,0,0,0,0
EL_5208,Ύδρας,3198,1938,35,8,201,474,185,213,143,87,86,52,42,65,32,56,23,17,11,12,16,20,5,148,4,2,1,0,0,0,0,0,0,0,0,0
EL_5102,Κερατσινίου - Δραπετσώνας,74478,50505,922,197,12053,4210,4104,5984,4593,6446,3036,392,845,1403,1791,589,529,598,534,520,281,563,356,171,202,43,36,0,92,15,0,0,0,0,0,0
EL_5103,Κορυδαλλού,49145,35352,581,151,8691,3334,2711,4143,2702,4078,2223,347,707,983,1340,479,493,487,559,367,186,334,160,110,98,19,38,0,16,15,0,0,0,0,0,0
EL_5104,Νίκαιας - Αγίου Ιωάννη Ρέντη,95122,60613,1072,230,14893,5323,4735,6785,5343,8560,3461,497,931,1755,2009,741,718,593,618,551,347,624,252,203,197,63,61,0,19,32,0,0,0,0,0,0
EL_5105,Περάματος (Αττικης),23099,15295,337,66,3280,1643,1029,1795,1711,1797,869,76,230,415,515,399,140,139,152,136,105,190,84,83,54,19,10,0,15,6,0,0,0,0,0,0
EL_5201,Σαλαμίνος,30958,22792,429,106,4147,3114,2107,3701,2764,1323,1000,142,243,887,672,395,107,185,272,151,116,180,192,453,57,15,15,0,16,3,0,0,0,0,0,0
EL_5002,Ασπροπύργου,23568,15645,440,80,1804,1725,910,3875,1979,2188,362,137,165,647,349,179,73,68,154,83,49,144,55,32,94,16,19,2,9,7,0,0,0,0,0,0
EL_4901,Αχαρνών,65189,47447,1062,255,8843,4366,3336,6932,5021,6087,2031,621,872,1895,1659,872,433,570,649,360,246,543,235,221,162,63,40,48,11,14,0,0,0,0,0,0
EL_4902,Βάρης - Βούλας - Βουλιαγμένης,35314,26735,382,89,4028,5186,2169,3103,1484,1129,1429,2073,1777,714,808,953,233,301,172,156,146,142,121,74,34,8,13,7,4,0,0,0,0,0,0,0
EL_4903,Διονύσου,24691,20496,193,81,3623,3068,1840,2091,1216,1340,1464,1250,1276,598,605,666,217,192,167,109,120,139,121,71,17,7,10,11,3,1,0,0,0,0,0,0
EL_5001,Ελευσίνας,24293,17760,355,82,3779,1850,1293,2157,1893,2191,980,181,260,629,591,320,168,133,179,135,72,206,77,137,38,16,18,0,7,13,0,0,0,0,0,0
EL_4904,Κρωπίας,18263,13903,191,72,2344,1891,933,2206,1886,794,751,273,495,428,347,269,124,219,125,112,60,152,122,47,24,11,6,16,4,1,0,0,0,0,0,0
EL_4905,Λαυρεωτικής,19775,14801,209,64,3798,2106,1177,1847,1153,1307,712,146,251,409,314,197,439,145,77,84,64,138,62,35,20,9,16,14,5,3,0,0,0,0,0,0
EL_5003,Μάνδρας - Ειδυλλίας,17650,12589,249,46,2416,1546,1055,1401,1349,1044,695,154,222,875,336,387,153,76,111,75,40,149,89,68,34,2,7,0,3,7,0,0,0,0,0,0
EL_4906,Μαραθώνος,22476,17111,217,70,3212,2968,1579,1800,1396,1309,964,477,599,645,466,332,162,245,125,59,112,164,74,66,18,17,6,17,7,5,0,0,0,0,0,0
EL_4907,Μαρκοπούλου Μεσογαίας,12163,9576,89,44,1722,1370,926,1320,861,561,491,256,370,262,269,355,159,161,66,42,54,61,70,38,10,5,10,2,0,2,0,0,0,0,0,0
EL_5004,Μεγαρέων,27862,19590,318,102,3268,3059,1859,2769,2727,1215,1029,204,220,627,435,369,168,115,349,151,106,213,96,108,28,14,26,0,7,8,0,0,0,0,0,0
EL_4908,Παιανίας,16632,13398,172,50,2599,1829,1085,1838,1042,851,787,310,452,719,454,273,143,194,96,111,98,100,71,78,13,11,5,13,3,1,0,0,0,0,0,0
EL_4909,Παλλήνης (Αττικης),28245,23279,347,107,5339,2380,1850,2651,1739,1920,1521,565,901,700,880,648,248,461,173,173,169,181,89,152,28,19,18,11,1,6,1,0,1,0,0,0
EL_4910,Ραφήνας - Πικερμίου,12000,9753,121,34,2004,1444,764,1016,732,755,610,383,463,242,315,227,102,162,79,39,50,60,28,96,6,3,5,8,1,4,0,0,0,0,0,0
EL_4911,Σαρωνικού (Αττικης),21193,16700,240,57,3291,2616,1469,2113,1340,939,896,421,615,732,473,478,182,232,115,84,73,97,110,77,23,3,10,12,1,1,0,0,0,0,0,0
EL_4912,Σπάτων - Αρτέμιδος,21881,17006,275,75,3643,2115,1355,2163,1911,1294,892,237,373,615,502,463,123,252,122,95,93,145,87,84,41,6,14,14,14,3,0,0,0,0,0,0
EL_5005,Φυλής,32021,22528,647,145,4701,2519,1797,2406,2777,2566,1032,142,249,728,753,286,214,191,296,193,114,259,115,216,92,29,37,2,14,8,0,0,0,0,0,0
EL_4913,Ωρωπού,23086,18182,266,84,3456,3100,1728,2866,1437,1187,899,299,383,583,414,275,177,147,122,99,64,290,100,132,33,8,16,12,3,2,0,0,0,0,0,0
EL_3802,Αγρινίου,94637,61482,1184,324,9864,13687,9532,4587,4319,5561,3269,729,538,1254,1456,1233,965,327,375,215,251,512,384,606,187,76,0,0,14,33,0,0,0,0,0,0
EL_3803,Ακτίου - Βόνιτσας,19339,11646,202,52,1414,3295,2099,748,1025,1203,527,60,60,147,166,118,69,34,184,37,45,63,19,34,26,13,0,0,5,1,0,0,0,0,0,0
EL_3804,Αμφιλοχίας,24303,13951,222,64,2184,3527,2766,979,815,1091,571,103,94,210,236,259,263,59,77,42,52,84,58,154,20,8,0,0,3,10,0,0,0,0,0,0
EL_3805,Θέρμου,10587,5824,98,23,780,1853,937,331,522,335,235,65,60,97,82,108,52,33,36,29,17,46,49,25,8,3,0,0,0,0,0,0,0,0,0,0
EL_3801,Ιεράς Πόλης Μεσολογγίου,35508,22451,354,120,3003,5621,3499,1571,2094,1930,1267,343,239,312,487,542,210,119,89,65,130,156,87,140,40,22,0,0,7,4,0,0,0,0,0,0
EL_3806,Ναυπακτίας,34760,19176,260,73,2961,3658,3197,1777,1629,1045,1411,599,292,270,359,626,193,107,119,57,101,140,84,155,20,31,0,0,8,4,0,0,0,0,0,0
EL_3807,Ξηρομέρου,17671,9800,172,42,1247,2665,1940,461,846,925,329,63,50,175,172,190,95,49,61,33,36,80,20,36,100,8,0,0,3,2,0,0,0,0,0,0
EL_4102,Άργους - Μυκηνών,44561,29022,210,562,3437,8253,4173,2000,2740,1632,1815,424,448,560,709,446,453,152,125,133,0,333,146,200,37,23,0,0,5,6,0,0,0,0,0,0
EL_4103,Επιδαύρου,9153,6000,31,119,679,1952,798,606,530,224,204,54,67,94,122,102,189,31,29,25,0,53,21,50,12,3,0,0,3,2,0,0,0,0,0,0
EL_4104,Ερμιονίδας,12685,8507,55,110,1325,2034,1105,776,1097,454,384,92,166,191,208,101,50,60,63,35,0,85,25,68,11,7,0,0,5,0,0,0,0,0,0,0
EL_4101,Ναυπλιέων,29175,20436,124,324,2529,5560,2544,1636,1820,1383,1142,315,330,410,547,402,435,117,107,103,0,212,82,257,35,14,0,0,1,7,0,0,0,0,0,0
EL_4002,Βόρειας Κυνουρίας,15078,8717,152,49,1061,2391,1565,734,561,484,448,164,184,171,202,123,137,60,35,51,0,66,28,26,18,7,0,0,0,0,0,0,0,0,0,0
EL_4003,Γορτυνίας,27126,12771,183,67,1834,3185,2316,1311,816,1040,543,171,194,257,184,94,207,75,73,50,0,65,31,42,18,5,0,0,10,0,0,0,0,0,0,0
EL_4004,Μεγαλόπολης,16892,8651,129,52,1302,2076,1193,641,847,773,468,71,81,351,164,44,154,67,34,48,0,76,34,20,11,14,0,0,1,0,0,0,0,0,0,0
EL_4005,Νότιας Κυνουρίας,10695,5578,107,47,725,1817,696,382,351,392,247,82,76,122,164,74,40,47,46,39,0,63,24,7,17,10,0,0,3,0,0,0,0,0,0,0
EL_4001,Τρίπολης,61207,31083,481,194,4633,7279,4756,2852,2545,1716,1786,444,588,1203,726,433,380,140,183,135,0,278,114,123,49,34,0,0,11,0,0,0,0,0,0,0
EL_1901,Αρταίων,40097,27523,486,159,6090,6951,3870,1767,1076,2768,1030,169,272,387,490,762,370,68,89,69,136,147,64,92,173,30,0,0,8,0,0,0,0,0,0,0
EL_1902,Γεωργίου Καραϊσκάκη,11344,6026,114,44,1106,2143,940,322,303,274,187,18,33,65,63,180,46,37,20,13,15,31,15,23,27,4,0,0,3,0,0,0,0,0,0,0
EL_1903,Κεντρικών Τζουμέρκων,13301,7398,122,38,1642,2038,1104,616,305,479,303,35,68,91,73,201,94,23,29,24,24,25,10,30,21,2,0,0,1,0,0,0,0,0,0,0
EL_1904,Νικολάου Σκουφά,15383,10152,210,68,1926,3161,1289,719,535,726,322,32,90,148,175,236,140,42,57,21,60,69,26,49,37,9,0,0,5,0,0,0,0,0,0,0
EL_3702,Αιγιαλείας,53208,34484,529,160,5673,7298,5217,2580,2424,2266,2166,488,498,782,1298,708,544,261,599,188,206,263,169,60,68,27,0,0,10,2,0,0,0,0,0,0
EL_3703,Δυτικής Αχαΐας,30417,21001,468,92,3378,5505,3733,1761,1515,924,910,103,188,627,496,164,110,135,488,43,78,138,73,28,20,14,0,0,6,4,0,0,0,0,0,0
EL_3704,Ερυμάνθου,15252,10653,162,39,1703,1541,3167,825,583,533,492,38,90,317,300,120,88,74,403,25,30,55,27,17,11,11,0,0,2,0,0,0,0,0,0,0
EL_3705,Καλαβρύτων,18937,10093,193,58,1492,2528,2008,572,628,555,652,71,113,344,251,152,83,62,105,37,19,71,24,42,14,7,0,0,9,3,0,0,0,0,0,0
EL_3701,Πατρέων,158619,114877,1812,476,28610,15948,12225,10804,6663,10578,6680,1585,1723,2961,4141,1511,1493,1471,2585,421,703,902,1011,271,169,91,0,0,30,13,0,0,0,0,0,0
EL_2802,Αλιάρτου - Θεσπιέων,11372,8001,142,35,1582,1021,993,932,674,630,545,97,106,171,170,235,95,132,94,34,0,81,43,150,22,12,0,0,3,2,0,0,0,0,0,0
EL_2803,Διστόμου - Αράχοβας - Αντίκυρας,7667,5731,71,39,1151,977,851,416,335,346,274,80,156,79,157,459,66,23,73,27,0,68,29,22,11,16,0,0,2,3,0,0,0,0,0,0
EL_2804,Θηβαίων,33316,22043,399,98,3824,2576,2351,2993,2169,2232,1574,280,351,751,530,509,383,120,138,97,0,250,133,104,106,51,0,0,13,11,0,0,0,0,0,0
EL_2801,Λεβαδέων,30515,21751,283,108,4936,3446,2419,1969,893,2290,1601,298,302,524,540,700,391,180,183,80,0,233,84,217,36,24,0,0,11,3,0,0,0,0,0,0
EL_2805,Ορχομενού,13077,8998,150,41,1682,1622,1367,1114,518,688,422,60,109,226,212,193,96,64,60,30,0,120,19,145,29,20,0,0,2,9,0,0,0,0,0,0
EL_2806,Τανάγρας,14163,11011,167,52,1566,1575,1082,1668,1642,750,674,94,152,282,308,398,118,49,66,63,0,139,36,77,28,16,0,0,4,5,0,0,0,0,0,0
EL_1501,Γρεβενών,34936,20443,343,156,1916,5634,3680,1586,1212,1907,1126,189,223,511,425,467,241,120,143,68,0,143,105,162,42,19,16,0,9,0,0,0,0,0,0,0
EL_1502,Δεσκάτης,8838,5212,98,44,643,1132,1187,207,202,796,348,24,37,135,89,39,59,26,16,9,0,53,13,26,16,6,5,0,2,0,0,0,0,0,0,0
EL_0202,Δοξάτου,20598,11947,234,62,1171,2907,2310,1227,538,553,739,122,234,525,322,162,81,79,55,88,0,131,42,258,27,6,0,0,4,0,0,0,70,0,0,0
EL_0201,Δράμας,50925,32117,577,218,3440,7213,4784,4260,1657,1743,2132,549,882,1049,861,614,223,337,152,179,0,286,131,465,74,37,0,0,6,0,0,0,248,0,0,0
EL_0203,Κάτω Νευροκοπίου,12758,6507,117,38,539,2057,1240,658,357,183,228,42,90,143,116,68,39,50,32,22,0,70,14,173,5,5,0,0,4,0,0,0,217,0,0,0
EL_0204,Παρανεστίου,9341,4589,60,25,331,1443,911,525,212,155,193,47,53,140,85,48,27,35,21,20,0,34,29,91,10,6,0,0,2,0,0,0,86,0,0,0
EL_0205,Προσοτσάνης,23930,12906,230,72,1112,3452,2555,1464,610,652,589,76,242,400,279,469,117,75,78,87,0,123,37,100,22,8,0,0,3,0,0,0,54,0,0,0
EL_6102,Αγαθονησίου,292,145,5,0,4,37,8,26,5,10,1,0,0,0,4,0,0,0,43,0,0,0,1,1,0,0,0,0,0,0,0,0,0,0,0,0
EL_6103,Αστυπαλαίας,1976,869,10,9,103,164,185,59,34,22,52,15,15,31,34,48,23,18,32,3,4,4,1,2,1,0,0,0,0,0,0,0,0,0,0,0
EL_6101,Καλυμνίων,21050,9232,201,51,745,1625,1319,1821,347,783,704,52,43,159,188,87,83,36,741,48,42,62,36,33,16,6,0,0,4,0,0,0,0,0,0,0
EL_6201,Καρπάθου,8527,3616,42,24,345,950,758,365,240,83,294,15,34,61,67,166,27,9,42,17,17,18,29,8,2,2,0,0,1,0,0,0,0,0,0,0
EL_6202,Ηρωικής Νήσου Κάσου,1808,672,19,2,33,272,171,30,28,27,32,3,0,19,13,3,3,1,4,0,4,3,3,0,1,1,0,0,0,0,0,0,0,0,0,0
EL_6401,Κω,30258,18522,636,154,2284,2541,3484,2442,1541,1185,1326,135,252,439,886,181,162,70,167,77,137,222,48,75,43,23,0,0,12,0,0,0,0,0,0,0
EL_6104,Λειψών,1177,413,12,4,6,67,52,128,17,52,16,1,1,2,3,1,4,1,36,0,5,4,1,0,0,0,0,0,0,0,0,0,0,0,0,0
EL_6105,Λέρου,9165,4644,189,41,788,874,448,1053,213,240,161,25,26,68,140,34,20,19,97,17,33,74,19,22,20,16,0,0,7,0,0,0,0,0,0,0
EL_6902,Μεγίστης,1634,318,6,0,20,60,47,40,53,10,29,3,1,12,11,2,0,3,4,4,9,1,2,0,1,0,0,0,0,0,0,0,0,0,0,0
EL_6402,Νισύρου,2201,687,10,3,60,73,132,246,17,38,20,5,2,7,13,2,17,20,2,4,3,6,2,3,1,1,0,0,0,0,0,0,0,0,0,0
EL_6106,Πάτμου,3285,1884,51,12,158,321,316,313,112,142,120,25,20,33,91,24,10,7,41,13,13,24,15,20,2,0,0,0,1,0,0,0,0,0,0,0
EL_6901,Ρόδου,98958,64192,1424,415,6844,12026,10217,11717,3645,3462,3338,444,971,1340,3014,1092,233,703,1424,214,466,551,175,322,79,56,0,0,20,0,0,0,0,0,0,0
EL_6903,Σύμης,4295,1671,58,14,148,242,351,246,106,76,85,7,17,28,121,8,15,22,62,12,10,25,9,7,1,0,0,0,1,0,0,0,0,0,0,0
EL_6904,Τήλου,1087,536,12,8,41,75,112,119,33,53,17,2,1,6,15,13,8,2,5,0,3,6,2,1,1,1,0,0,0,0,0,0,0,0,0,0
EL_6905,Χάλκης,733,329,7,2,19,57,100,35,13,38,14,0,6,1,9,7,2,5,6,2,1,5,0,0,0,0,0,0,0,0,0,0,0,0,0,0
EL_0301,Αλεξανδρούπολης,62092,40228,1050,352,3611,9001,6623,5416,2288,2388,2384,360,595,1438,1024,666,407,262,295,217,390,373,138,692,119,51,0,0,35,53,0,0,0,0,0,0
EL_0302,Διδυμοτείχου,32459,16196,550,114,876,5491,2757,1388,894,672,630,85,97,727,283,520,150,53,89,72,117,131,49,338,39,29,0,0,18,27,0,0,0,0,0,0
EL_0303,Ορεστιάδας,62450,34245,822,303,2358,10514,6418,3305,2376,1582,1404,294,466,1085,713,610,331,159,191,175,185,341,95,394,52,35,0,0,20,17,0,0,0,0,0,0
EL_0304,Σαμοθράκης,4371,2182,55,13,236,540,489,233,87,73,121,9,20,31,50,108,38,3,12,7,17,16,4,11,3,4,0,0,0,2,0,0,0,0,0,0
EL_0305,Σουφλίου,22281,12669,379,149,686,3989,2185,1033,646,745,434,55,102,284,206,868,162,45,144,36,90,129,44,177,36,24,0,0,6,15,0,0,0,0,0,0
EL_2902,Διρφύων - Μεσσαπίων,20037,14329,274,61,2448,2390,1891,2227,1345,734,800,109,143,575,287,259,98,86,111,103,62,134,65,49,28,16,0,0,11,1,0,0,22,0,0,0
EL_2903,Ερέτριας,13091,9329,144,41,1583,1795,951,1350,918,571,441,85,107,406,216,182,61,48,64,63,43,82,85,36,6,5,0,0,3,4,0,0,39,0,0,0
EL_2904,Ιστιαίας - Αιδηψού,23738,15313,306,86,2289,2630,2180,1689,1162,1713,762,143,168,753,355,207,134,95,72,71,103,172,66,80,39,12,0,0,6,10,0,0,10,0,0,0
EL_2905,Καρύστου,16038,9353,131,42,1189,1318,982,2222,961,649,346,84,151,516,217,117,67,80,34,33,37,94,26,25,10,7,0,0,2,2,0,0,11,0,0,0
EL_2906,Κύμης - Αλιβερίου,35759,24113,420,124,4368,3188,4069,2906,1496,2067,1417,254,325,831,575,407,298,233,357,128,124,226,75,119,34,24,0,0,10,4,0,0,34,0,0,0
EL_2907,Μαντουδίου - Λίμνης - Αγίας Άννας,16176,10193,229,57,2017,1347,1616,856,601,1310,590,109,110,338,227,172,86,58,54,55,68,115,64,51,23,12,0,0,5,2,0,0,21,0,0,0
EL_2908,Σκύρου,3963,2314,44,14,366,307,387,239,132,217,140,17,24,75,76,17,85,42,42,20,11,29,8,12,6,0,0,0,1,0,0,0,3,0,0,0
EL_2901,Χαλκιδέων,75637,54299,853,221,10963,6747,5354,7330,5081,4049,3883,619,852,2256,1739,889,441,476,310,448,409,527,290,357,81,46,0,0,15,7,0,0,56,0,0,0
EL_3002,Αγράφων,12293,5826,102,26,594,1338,1166,296,259,212,192,44,35,94,52,1211,35,24,15,18,0,36,11,48,2,5,4,0,7,0,0,0,0,0,0,0
EL_3001,Καρπενησίου,19390,9306,151,74,1168,1752,1651,592,357,386,611,79,131,128,211,1587,85,64,40,54,0,92,30,33,13,4,11,0,2,0,0,0,0,0,0,0
EL_3301,Ζακύνθου,42002,23657,417,128,3696,4889,3626,1227,1410,3035,1147,1274,280,479,558,412,294,0,239,84,0,242,56,27,80,26,17,0,14,0,0,0,0,0,0,0
EL_3902,Ανδραβίδας - Κυλλήνης,21723,13392,303,93,1808,3021,2665,1110,1012,780,646,103,210,256,444,170,121,58,239,46,77,135,44,0,24,21,0,0,4,0,0,0,2,0,0,0
EL_3903,Ανδρίτσαινας - Κρεστένων,17219,9100,198,49,1397,2442,1558,694,707,713,348,46,55,134,178,84,83,32,210,26,29,70,18,0,16,10,0,0,3,0,0,0,0,0,0,0
EL_3904,Αρχαίας Ολυμπίας,19659,11311,225,59,1635,2752,2340,924,837,755,516,72,77,165,227,159,103,27,173,25,79,80,25,0,24,22,0,0,10,0,0,0,0,0,0,0
EL_3905,Ζαχάρως,13127,7573,92,44,1134,2440,1212,485,659,483,266,58,74,131,133,66,66,21,94,14,33,40,10,0,8,9,0,0,1,0,0,0,0,0,0,0
EL_3906,Ήλιδας,34708,20405,369,106,3132,4059,4303,1532,1426,1380,1360,171,265,372,628,245,214,82,255,57,150,177,50,0,42,26,0,0,4,0,0,0,0,0,0,0
EL_3907,Πηνειού,16601,9844,237,35,1204,2160,1726,853,825,525,736,83,207,241,281,223,97,39,142,34,59,77,28,0,15,9,0,0,2,0,0,0,6,0,0,0
EL_3901,Πύργου,52275,31226,617,167,4766,6289,4972,3456,2432,2441,1588,197,347,656,780,543,574,99,600,95,174,214,130,0,47,36,0,0,6,0,0,0,0,0,0,0
EL_0802,Αλεξάνδρειας,42965,30285,671,192,3331,7279,5265,3228,2669,1739,1531,221,261,1025,628,419,260,0,187,195,180,370,284,145,81,57,0,0,25,42,0,0,0,0,0,0
EL_0801,Βέροιας,60484,42383,747,248,5639,8288,6478,5732,3194,3515,2630,440,442,1224,899,511,467,0,253,292,346,423,198,213,105,61,0,0,21,17,0,0,0,0,0,0
EL_0803,Ηρωικής Πόλεως Νάουσας,33460,23995,379,137,3263,4615,3736,2789,1396,3254,1454,184,188,700,470,213,240,0,129,190,131,211,109,80,85,21,0,0,12,9,0,0,0,0,0,0
EL_7102,Αρχανών - Αστερουσίων,18564,13672,183,56,1941,1291,3105,1438,217,1221,1451,68,290,175,425,1055,108,145,64,35,67,124,16,122,35,7,20,0,2,3,0,0,8,0,0,0
EL_7103,Βιάννου,6624,4079,46,15,633,351,1003,232,49,334,631,14,62,45,101,269,71,45,72,7,14,27,11,14,24,0,5,0,0,1,0,0,3,0,0,0
EL_7104,Γόρτυνας,18983,12426,223,64,1396,1097,3511,1313,356,459,1014,40,130,165,428,1358,203,145,87,36,52,126,47,83,32,6,45,0,3,1,0,0,6,0,0,0
EL_7101,Ηρακλείου (Κρητης),123995,92324,1655,398,16765,7380,13143,12703,2333,6624,9237,1040,3012,1751,4372,5279,1166,1646,565,269,530,780,395,775,251,42,130,0,35,13,0,0,35,0,0,0
EL_7105,Μαλεβιζίου,20328,15543,244,68,2539,1465,2889,2211,417,837,1187,97,368,257,580,1308,273,250,70,26,61,133,41,147,29,7,35,0,1,1,0,0,2,0,0,0
EL_7106,Μινώα Πεδιάδας,19398,13425,230,82,1530,1573,3389,1409,332,768,1193,141,193,207,452,1055,139,150,90,48,37,97,37,79,37,13,42,0,3,5,0,0,94,0,0,0
EL_7107,Φαιστού,22400,15046,293,82,1483,1454,4101,1568,473,637,741,58,165,182,582,2484,108,118,67,30,67,110,84,65,21,8,60,0,3,2,0,0,0,0,0,0
EL_7108,Χερσονήσου,18777,14138,248,73,1795,1507,2784,1837,435,574,1015,128,305,231,581,1522,173,384,73,37,58,160,62,74,29,4,29,0,12,5,0,0,3,0,0,0
EL_2001,Ηγουμενίτσας,27859,15952,340,87,2176,3693,2968,1423,939,732,1033,338,199,330,390,220,356,208,84,69,0,150,59,39,85,12,0,0,22,0,0,0,0,0,0,0
EL_2002,Σουλίου,16831,8698,224,55,1105,2096,1812,548,476,709,465,81,83,188,186,141,95,65,24,19,0,78,25,19,189,12,0,0,3,0,0,0,0,0,0,0
EL_2003,Φιλιατών,15031,6742,158,38,840,1895,1340,574,370,405,311,75,57,124,113,59,126,46,30,33,0,58,20,13,41,7,0,0,9,0,0,0,0,0,0,0
EL_0702,Αμπελοκήπων - Μενεμένης,36961,26068,816,177,4099,3628,2835,2955,1973,2628,1540,268,407,1111,838,279,319,145,754,355,200,263,105,116,150,20,17,0,12,58,0,0,0,0,0,0
EL_0701,Θεσσαλονίκης,247820,166476,2821,975,27129,28555,16779,17469,9736,12520,12436,5693,4917,5942,5258,3523,1921,1590,2339,1687,1442,1069,920,896,447,121,114,0,42,135,0,0,0,0,0,0
EL_0707,Καλαμαριάς,52167,39607,641,175,7825,4531,4310,4248,2012,3807,3309,1015,1229,1295,1293,675,354,285,599,452,399,320,290,356,97,25,26,0,9,30,0,0,0,0,0,0
EL_0708,Κορδελιού - Ευόσμου,53459,39605,934,272,6355,4996,3315,5399,3873,4193,2554,447,710,1662,1243,375,312,280,632,515,335,447,205,225,209,38,31,0,13,35,0,0,0,0,0,0
EL_0710,Νεάπολης - Συκεών,64234,44647,981,290,8273,5095,4980,5062,3006,4638,3204,758,1003,1561,1455,532,449,394,813,518,397,406,234,266,168,59,45,0,11,49,0,0,0,0,0,0
EL_0711,Παύλου Μελά,55744,40591,1103,256,6980,4655,3995,5109,3444,4595,2822,424,626,1396,1228,373,371,324,769,571,310,421,214,216,239,37,38,0,18,57,0,0,0,0,0,0
EL_0703,Βόλβης,26911,18939,351,100,2066,4986,2962,1780,1471,1714,1130,138,173,543,343,154,99,81,119,151,116,160,93,122,33,19,20,0,7,6,0,0,2,0,0,0
EL_0704,Δέλτα,35972,26805,581,177,3791,4494,2836,2942,2140,3056,2218,281,372,1081,706,276,203,157,251,239,207,266,122,210,119,29,23,0,12,14,0,0,2,0,0,0
EL_0705,Θερμαϊκού,30903,23471,491,148,3942,3756,2317,2828,1774,1756,1467,335,483,1212,650,288,200,151,289,228,204,250,120,438,72,22,25,0,8,9,0,0,8,0,0,0
EL_0706,Θέρμης,33921,27368,400,142,4497,4672,2728,3459,1794,2335,2008,587,810,881,794,329,310,201,265,213,236,207,189,214,45,8,19,0,6,15,0,0,4,0,0,0
EL_0709,Λαγκαδά,52166,37102,759,180,4286,9167,4510,4391,3357,2459,2241,332,427,1479,803,415,179,231,245,341,235,351,203,294,109,31,34,0,12,24,0,0,7,0,0,0
EL_0712,Πυλαίας - Χορτιάτη,38942,30753,475,174,4838,4934,2690,3631,1684,2610,2157,1596,1130,988,928,705,281,241,352,309,266,222,248,175,57,22,16,0,5,17,0,0,2,0,0,0
EL_0713,Χαλκηδόνος,32621,24526,430,141,3108,5100,3002,2978,2177,2485,1336,260,347,952,555,200,189,125,195,224,134,236,115,132,56,11,21,0,9,6,0,0,2,0,0,0
EL_0714,Ωραιοκάστρου,28605,21860,423,125,3124,4074,2034,2784,1750,1794,1468,488,548,836,571,342,121,129,225,241,155,175,133,178,95,11,19,0,7,9,0,0,1,0,0,0
EL_1802,Βορείων Τζουμέρκων,11087,5998,116,40,1168,1117,1271,314,150,615,373,37,60,95,116,125,112,23,23,13,48,48,24,38,57,7,0,0,2,6,0,0,0,0,0,0
EL_1803,Δωδώνης,19981,10535,209,60,1538,2997,1871,841,526,488,502,108,112,255,251,222,166,38,44,27,68,91,17,39,45,10,0,0,4,6,0,0,0,0,0,0
EL_1804,Ζαγορίου,8633,4970,90,29,703,1406,805,405,188,259,248,68,53,117,110,156,100,24,53,8,29,39,11,32,33,1,0,0,1,2,0,0,0,0,0,0
EL_1805,Ζίτσας,19978,12569,238,76,2119,2349,2122,842,422,1972,651,108,137,272,264,181,223,48,89,34,78,88,18,40,174,12,0,0,3,9,0,0,0,0,0,0
EL_1801,Ιωαννιτών,68928,50381,1029,326,9594,10299,7129,4136,2021,3536,3163,948,817,1333,1404,1349,917,258,376,181,395,393,126,323,253,32,0,0,21,22,0,0,0,0,0,0
EL_1806,Κόνιτσας,12893,5857,116,34,730,1519,1045,473,254,563,313,138,55,116,126,82,112,19,35,16,24,30,10,28,12,4,0,0,3,0,0,0,0,0,0,0
EL_1807,Μετσόβου,10154,6378,146,43,931,1698,833,457,390,433,325,81,71,160,96,236,113,23,46,27,37,43,106,31,36,6,0,0,5,5,0,0,0,0,0,0
EL_1808,Πωγωνίου,17197,7265,122,43,1043,1874,1301,394,299,905,353,73,73,127,138,197,73,27,38,24,45,34,12,33,33,0,0,0,2,2,0,0,0,0,0,0
EL_0401,Θάσου,13945,8886,172,44,1462,1926,1066,719,564,1582,355,60,87,243,182,81,42,21,33,26,85,54,15,24,20,12,9,0,1,1,0,0,0,0,0,0
EL_0501,Καβάλας,67199,41340,868,240,6712,8104,5800,4716,2472,2751,2618,521,973,1258,1269,554,229,270,293,261,331,364,177,387,69,30,54,0,9,10,0,0,0,0,0,0
EL_0502,Νέστου,26683,16232,379,132,1933,4386,3133,1284,1380,524,792,128,206,508,444,140,80,73,94,94,81,161,45,138,28,27,14,0,11,17,0,0,0,0,0,0
EL_0503,Παγγαίου,36759,23543,538,176,2317,6687,4447,2447,1709,907,1075,159,452,609,492,255,103,198,103,148,151,194,76,199,40,14,24,0,6,17,0,0,0,0,0,0
EL_2302,Αργιθέας,8243,2797,47,18,344,897,514,172,140,101,133,10,23,38,34,186,18,15,24,7,0,12,8,49,5,1,0,0,1,0,0,0,0,0,0,0
EL_2301,Καρδίτσας,51493,35978,712,246,5904,8321,4923,3200,1996,4192,1673,285,529,678,830,543,431,143,174,221,0,286,130,300,212,34,0,0,15,0,0,0,0,0,0,0
EL_2303,Λίμνης Πλαστήρα,8413,5137,74,35,775,1236,899,524,185,560,214,30,82,60,113,77,52,20,47,14,0,20,17,60,37,6,0,0,0,0,0,0,0,0,0,0
EL_2304,Μουζακίου,22936,13583,236,86,1423,4790,1796,1234,922,859,494,73,104,214,222,322,93,142,140,36,0,90,27,220,33,18,0,0,9,0,0,0,0,0,0,0
EL_2305,Παλαμά,19558,13021,221,76,1424,4005,2079,1029,819,1347,443,48,107,521,309,186,62,29,66,22,0,84,24,70,38,8,0,0,4,0,0,0,0,0,0,0
EL_2306,Σοφάδων,24883,16230,333,119,2154,4366,2664,1734,1045,1410,674,85,176,282,272,181,122,64,64,58,0,133,43,158,58,18,0,0,17,0,0,0,0,0,0,0
EL_1601,Καστοριάς,40037,22546,413,211,2490,6264,2758,3236,1750,994,873,410,295,633,282,365,225,358,235,106,0,281,79,245,19,13,0,0,11,0,0,0,0,0,0,0
EL_1603,Νεστορίου,8269,3268,53,23,245,1179,450,366,195,247,113,18,46,61,30,55,40,36,38,14,0,28,4,20,3,3,0,0,1,0,0,0,0,0,0,0
EL_3201,Κεντρικής Κέρκυρας και Διαποντίων Νήσων,105047,61276,1156,336,11554,10957,7062,5386,4378,7712,3377,546,659,1297,2081,819,881,699,502,503,0,667,366,108,133,74,0,0,23,0,0,0,0,0,0,0
EL_3202,Παξών,2656,1484,19,4,358,227,165,79,112,193,87,20,9,29,45,18,25,10,15,18,0,31,7,2,9,1,0,0,1,0,0,0,0,0,0,0
EL_3401,Ιθάκης,5554,2000,37,11,415,265,214,113,180,360,71,29,25,45,61,26,68,0,15,13,0,26,5,8,6,7,0,0,0,0,0,0,0,0,0,0
EL_3501,Αργοστολίου,49821,22188,403,132,4070,3987,2525,1769,1708,3248,927,287,387,406,510,273,257,0,349,85,0,225,120,398,58,24,18,0,22,0,0,0,0,0,0,0
EL_0901,Κιλκίς,68298,42608,732,251,4453,10727,6024,3998,3377,4604,2159,314,415,1298,893,640,272,0,594,284,0,425,176,762,115,37,0,0,28,30,0,0,0,0,0,0
EL_0902,Παιονίας,38767,23871,497,165,2433,6545,3708,2159,1950,1703,1363,175,263,780,529,346,161,0,156,212,0,304,106,167,82,33,0,0,16,18,0,0,0,0,0,0
EL_1402,Βοΐου,30161,15885,374,152,1441,4752,2668,1139,1023,1213,799,211,174,366,249,285,127,85,200,73,122,178,77,127,24,11,0,0,4,11,0,0,0,0,0,0
EL_1403,Εορδαίας,45322,30620,528,192,4971,6062,3795,4312,1845,2804,1789,338,271,644,627,454,412,177,235,209,182,289,140,186,90,35,0,0,26,7,0,0,0,0,0,0
EL_1401,Κοζάνης,65156,45132,725,283,7052,9405,6416,4616,2549,3206,3238,515,578,1361,1628,750,537,385,426,198,366,379,156,225,87,19,0,0,19,13,0,0,0,0,0,0
EL_1404,Εορδαίας,23927,13567,265,86,1926,3621,2020,1036,507,1337,1048,73,165,336,292,88,164,89,96,40,64,132,29,97,27,16,0,0,7,6,0,0,0,0,0,0
EL_4202,Βέλου - Βόχας,17626,11863,225,47,1660,2636,1987,1174,1412,411,571,130,207,335,320,124,85,156,83,41,61,86,42,56,5,3,0,0,2,4,0,0,0,0,0,0
EL_4201,Κορινθίων,49342,35195,686,157,4724,6982,5105,3154,4460,1387,1934,465,588,1109,1018,554,358,594,332,195,198,327,251,519,41,28,0,0,19,10,0,0,0,0,0,0
EL_4203,Λουτρακίου - Περαχώρας - Αγίων Θεοδώρων,17996,13663,222,54,2557,2135,1527,1420,1365,1035,785,158,253,411,421,192,112,355,121,80,80,115,75,129,22,24,0,0,2,12,0,0,1,0,0,0
EL_4204,Νεμέας,8005,5074,84,23,620,1352,945,347,598,164,279,50,72,140,112,66,40,24,26,26,15,47,16,25,0,3,0,0,0,0,0,0,0,0,0,0
EL_4205,Ξυλοκάστρου - Ευρωστίνης,21720,14059,173,80,2185,3313,2266,1165,1338,469,862,203,269,308,387,199,273,129,93,49,50,95,62,42,30,13,0,0,3,3,0,0,0,0,0,0
EL_4206,Σικυωνίων,25476,16108,282,74,2040,3472,2646,1406,2102,737,748,245,245,429,476,206,233,178,100,85,91,135,78,62,21,13,0,0,4,0,0,0,0,0,0,0
EL_6701,Αμοργού,2146,1177,27,9,183,207,139,169,54,48,81,6,17,27,28,63,7,9,5,18,9,12,51,3,1,1,0,0,1,0,0,0,2,0,0,0
EL_6002,Ανάφης,421,228,2,2,18,20,40,50,8,20,39,0,0,6,7,3,6,3,0,1,0,1,0,1,0,0,0,0,0,0,0,0,1,0,0,0
EL_5901,Άνδρου,13088,6745,95,40,951,1276,426,924,846,373,507,123,279,244,150,147,42,53,25,45,32,86,25,24,8,6,0,0,1,0,0,0,17,0,0,0
EL_6802,Αντιπάρου,1135,756,14,5,88,187,136,56,29,50,72,10,12,12,30,19,4,7,7,3,1,10,2,1,0,1,0,0,0,0,0,0,0,0,0,0
EL_6001,Θήρας,13585,8762,212,78,710,1428,904,880,891,665,1391,99,193,219,259,161,119,174,46,48,45,102,67,17,24,12,0,0,5,0,0,0,13,0,0,0
EL_6003,Ιητών,2252,1109,29,4,162,179,94,145,74,67,110,27,21,38,41,11,27,11,7,7,3,15,18,8,4,1,0,0,2,0,0,0,4,0,0,0
EL_6301,Κέας,2426,1421,34,9,305,201,184,125,80,66,94,25,51,38,64,46,16,5,14,5,12,18,16,1,5,2,0,0,1,0,0,0,4,0,0,0
EL_6502,Κιμώλου,1489,769,31,4,164,80,108,175,32,22,45,5,9,21,11,5,2,14,4,15,6,5,1,5,1,2,0,0,0,0,0,0,2,0,0,0
EL_6302,Κύθου,2882,1417,23,13,157,289,129,374,58,30,124,16,43,27,36,13,19,11,8,7,4,12,10,2,1,1,0,0,7,0,0,0,3,0,0,0
EL_6501,Μήλου,5444,2926,70,33,616,332,254,217,162,217,418,35,94,96,100,63,25,19,25,32,20,42,10,14,11,5,0,0,2,0,0,0,14,0,0,0
EL_6601,Μυκόνου,7045,4947,81,31,713,1062,351,615,378,263,338,89,129,170,211,171,35,102,35,22,37,70,9,13,8,3,0,0,2,0,0,0,9,0,0,0
EL_6702,Νάξου και Μικρών Κυκλάδων,21029,12566,155,65,2266,2268,2287,1396,643,1225,748,81,112,274,226,152,112,76,98,86,37,91,115,19,18,2,0,0,1,0,0,0,13,0,0,0
EL_6801,Πάρου,12161,7683,144,74,1426,1267,663,1007,413,423,570,177,158,216,281,107,56,274,44,104,69,92,41,31,18,9,0,0,6,0,0,0,13,0,0,0
EL_6503,Σερίφου,2349,1099,29,10,144,201,180,157,56,103,50,23,14,21,27,18,5,7,9,5,10,13,1,3,6,1,0,0,1,0,0,0,5,0,0,0
EL_6004,Σικίνου,448,229,9,1,48,38,24,26,6,27,13,0,6,4,9,6,2,0,0,1,6,0,0,2,0,0,0,0,1,0,0,0,0,0,0,0
EL_6504,Σίφνου,3231,1933,35,10,339,300,176,215,83,46,128,42,117,60,119,27,16,138,14,8,16,13,15,7,1,3,0,0,2,0,0,0,3,0,0,0
EL_5801,Σύρου - Ερμούπολης,21003,13350,283,71,3050,1676,1065,2221,524,628,814,160,707,200,417,291,158,231,71,42,348,162,19,150,18,9,0,0,4,0,0,0,31,0,0,0
EL_7001,Τήνου,10250,6297,123,47,927,1377,841,490,227,374,618,111,174,126,223,200,55,60,47,32,66,100,29,8,11,2,0,0,0,0,0,0,29,0,0,0
EL_6005,Φολεγάνδρου,830,455,12,7,54,110,69,81,8,15,50,2,5,7,9,4,2,9,2,0,2,7,0,0,0,0,0,0,0,0,0,0,0,0,0,0
EL_4302,Ανατολικής Μάνης,22776,9991,44,145,769,3702,1113,770,1314,559,324,80,142,266,147,239,82,59,28,26,0,79,23,47,11,15,0,0,7,0,0,0,0,0,0,0
EL_4303,Ελαφονήσου,1146,575,3,6,66,137,101,65,29,33,37,10,32,24,8,0,10,0,3,1,0,3,1,6,0,0,0,0,0,0,0,0,0,0,0,0
EL_4304,Ευρώτα,23453,11729,71,183,1104,3729,2194,687,1382,891,344,73,142,145,192,85,96,82,47,23,0,70,22,91,27,44,0,0,5,0,0,0,0,0,0,0
EL_4305,Μονεμβασίας,28130,13112,58,189,1556,4389,1738,1406,1047,569,444,121,167,351,226,125,121,169,72,43,0,107,59,123,19,7,0,0,6,0,0,0,0,0,0,0
EL_4301,Σπάρτης,55070,22368,111,378,2600,6685,3615,1605,2002,1358,954,333,478,580,521,238,259,114,111,91,0,164,45,77,25,19,0,0,5,0,0,0,0,0,0,0
EL_2202,Αγιάς,15207,10364,209,55,1326,2134,1753,949,599,1417,484,80,143,311,225,133,97,38,49,40,52,140,24,67,22,6,0,0,5,6,0,0,0,0,0,0
EL_2203,Ελασσόνας,40362,26127,505,140,2417,7235,5119,1883,1271,3117,1005,139,211,786,700,286,561,110,130,71,96,96,68,88,63,16,0,0,10,4,0,0,0,0,0,0
EL_2204,Κιλελέρ,25990,19372,356,83,2519,4792,2718,1938,1349,1428,1257,189,296,808,441,314,158,86,92,67,72,144,74,137,36,12,0,0,6,0,0,0,0,0,0,0
EL_2201,Λαρισαίων,106153,76953,1478,385,12671,12954,8486,8651,4458,7824,5497,1253,1739,2850,2397,1205,970,468,568,380,564,667,440,811,152,57,0,0,13,15,0,0,0,0,0,0
EL_2205,Τεμπών,18699,12769,253,96,1453,2792,1879,1139,829,1706,677,100,154,432,367,170,155,55,68,42,47,90,79,124,36,13,0,0,5,8,0,0,0,0,0,0
EL_2206,Τυρνάβου,22703,15881,314,82,2240,2714,1987,1180,923,2419,970,117,163,1319,353,190,220,84,158,55,93,111,39,82,33,18,0,0,10,7,0,0,0,0,0,0
EL_2207,Φαρσάλων,21029,14669,289,86,1582,3609,2519,1161,971,973,1004,115,177,435,741,267,206,59,75,61,41,124,34,87,24,15,0,0,9,5,0,0,0,0,0,0
EL_7201,Αγίου Νικολάου,21926,15265,298,99,2387,2107,2557,1359,426,843,763,677,655,220,612,1246,173,137,107,39,0,221,89,122,57,0,61,0,10,0,0,0,0,0,0,0
EL_7202,Ιεράπετρας,23063,15401,328,79,2147,1875,3722,1265,405,672,1050,116,797,236,627,1295,116,147,161,47,0,164,42,34,33,0,38,0,5,0,0,0,0,0,0,0
EL_7203,Οροπεδίου Λασιθίου,3819,2338,39,17,231,417,626,183,57,69,115,22,48,28,57,264,16,12,22,11,0,42,14,35,4,0,8,0,1,0,0,0,0,0,0,0
EL_7204,Σητείας,19475,12806,278,89,1464,1900,3373,962,287,444,1026,92,292,284,466,946,83,149,109,78,0,180,28,210,14,0,48,0,4,0,0,0,0,0,0,0
EL_5502,Αγίου Ευστρατίου,936,228,5,1,23,41,15,72,11,22,22,2,1,3,2,1,1,0,2,1,0,3,0,0,0,0,0,0,0,0,0,0,0,0,0,0
EL_5302,Δυτικής Λέσβου,107863,51596,1266,343,7583,9084,6531,6334,2171,9014,2349,374,377,1063,1622,838,573,160,376,155,0,583,215,320,152,67,0,0,46,0,0,0,0,0,0,0
EL_5501,Λήμνου,26722,10208,337,105,1145,2145,1534,734,624,1076,884,68,130,206,374,118,252,40,44,56,0,187,37,51,39,18,0,0,4,0,0,0,0,0,0,0
EL_3601,Λευκάδας,27060,14970,252,119,2297,3775,1987,991,830,1910,619,173,244,206,350,151,469,178,70,43,0,141,39,55,36,17,12,0,6,0,0,0,0,0,0,0
EL_3602,Μεγανησίου,1989,999,29,4,173,215,183,54,48,156,37,6,10,7,15,8,22,4,4,4,0,4,0,2,13,1,0,0,0,0,0,0,0,0,0,0
EL_2402,Αλμυρού,20082,13830,265,70,1697,4189,1562,1331,1032,1078,597,97,192,284,343,236,102,219,73,47,129,109,45,60,25,10,0,0,3,8,0,0,27,0,0,0
EL_2502,Αλοννήσου,1697,985,20,4,119,204,119,118,40,87,112,9,25,34,17,6,4,20,4,3,11,18,1,1,2,1,0,0,0,0,0,0,6,0,0,0
EL_2401,Βόλου,110802,77485,1582,420,15618,12299,6583,8786,5000,7318,4757,627,2515,2251,2169,978,845,1469,713,346,523,667,352,575,218,121,0,0,20,27,0,0,706,0,0,0
EL_2403,Ζαγοράς - Μουρεσίου,7918,4733,83,29,627,1063,651,357,355,501,246,45,123,164,122,112,33,51,22,18,22,34,12,21,7,3,0,0,1,1,0,0,30,0,0,0
EL_2404,Νοτίου Πηλίου,12573,7603,163,44,1222,1662,776,685,653,633,419,51,154,234,153,122,67,126,145,30,35,80,13,67,19,9,0,0,4,1,0,0,36,0,0,0
EL_2405,Ρήγα Φεραίου,13393,9895,177,51,1151,2981,1242,909,734,577,574,58,206,279,218,108,84,114,96,47,54,75,18,62,21,12,0,0,2,1,0,0,44,0,0,0
EL_2501,Σκιάθου,4840,3127,76,14,351,662,408,243,322,261,193,63,52,203,100,41,2,17,17,11,18,38,20,3,8,2,0,0,0,0,0,0,2,0,0,0
EL_2503,Σκοπέλου,5334,2908,55,10,363,561,287,227,118,795,139,15,34,107,61,30,12,11,11,7,8,13,18,7,8,3,0,0,1,2,0,0,5,0,0,0
EL_4402,Δυτικής Μάνης,9849,5452,95,36,580,1872,728,385,407,478,185,67,58,129,87,55,84,73,19,12,36,29,11,14,10,2,0,0,0,0,0,0,0,0,0,0
EL_4401,Καλαμάτας,66099,40276,728,262,6097,11742,4282,2375,3463,3103,1844,438,605,1358,1077,450,829,353,184,196,257,306,128,105,48,32,0,0,14,0,0,0,0,0,0,0
EL_4403,Μεσσήνης,38134,20833,320,90,2424,7122,3301,1257,1644,1488,859,115,242,420,407,134,326,181,85,89,89,126,49,24,17,17,0,0,7,0,0,0,0,0,0,0
EL_4404,Οιχαλίας (Πελοποννησου),21318,10061,165,46,1081,3723,1386,624,909,569,368,114,124,247,180,87,90,50,79,38,43,65,27,25,14,4,0,0,3,0,0,0,0,0,0,0
EL_4405,Πύλου - Νέστορος,30427,15100,241,72,1916,5254,2557,556,934,1290,653,83,141,392,224,86,294,88,38,40,64,97,24,29,18,7,0,0,2,0,0,0,0,0,0,0
EL_4406,Τριφυλίας,34378,18168,223,72,2203,6522,2592,1169,1503,1015,778,150,309,381,315,176,174,117,121,45,79,102,48,16,36,13,0,0,9,0,0,0,0,0,0,0
EL_0602,Αβδήρων,27255,15964,406,163,3286,3753,2389,1234,851,711,641,113,202,450,264,430,70,305,107,56,92,87,29,179,90,21,14,0,21,0,0,0,0,0,0,0
EL_0603,Μύκης,19140,13190,510,142,5253,1922,1559,261,39,491,371,21,28,23,63,1973,131,63,16,42,23,39,14,49,93,31,9,0,24,0,0,0,0,0,0,0
EL_0601,Ξάνθης,51653,28955,785,297,5157,6200,2894,2745,1410,1628,1792,318,659,957,724,804,212,843,206,111,284,162,79,396,185,51,27,0,29,0,0,0,0,0,0,0
EL_0604,Τοπείρου,16479,10510,303,127,2238,2507,1364,841,524,266,503,67,70,253,150,434,49,190,179,31,68,68,16,137,64,31,20,0,10,0,0,0,0,0,0,0
EL_1002,Αλμωπίας,32607,21736,520,210,1780,5829,4436,1625,1904,1057,1203,149,372,727,381,468,133,0,139,342,0,288,0,107,37,20,0,0,9,0,0,0,0,0,0,0
EL_1001,Έδεσσας,30377,19567,357,160,2722,4423,3338,2058,1176,1206,1087,148,298,609,514,194,567,0,150,181,0,251,0,72,35,12,0,0,9,0,0,0,0,0,0,0
EL_1003,Πέλλας,64960,43425,933,277,3918,12057,7563,4250,2909,2434,3268,416,479,1252,935,425,549,0,419,332,0,497,0,370,82,43,0,0,17,0,0,0,0,0,0,0
EL_1004,Σκύδρας,21010,14896,299,92,1211,4000,2909,1522,1357,1195,746,54,126,442,238,87,72,0,102,177,0,128,0,96,24,10,0,0,9,0,0,0,0,0,0,0
EL_1102,Δίου - Ολύμπου,27387,19156,323,111,1944,5231,3086,2073,1164,1721,936,251,197,676,304,322,131,144,86,112,0,164,49,49,55,17,0,0,10,0,0,0,0,0,0,0
EL_1101,Κατερίνης,83567,54294,915,284,4933,14021,8310,6821,3786,3340,3715,768,500,2090,1110,828,283,612,380,368,0,496,254,210,212,33,0,0,25,0,0,0,0,0,0,0
EL_1103,Πύδνας - Κολινδρού,19975,13453,230,68,1342,3875,2193,1617,743,971,775,133,111,399,266,106,60,117,113,90,0,95,61,50,20,14,0,0,4,0,0,0,0,0,0,0
EL_2102,Ζηρού,19476,11765,240,73,1509,3779,1670,1153,689,812,511,75,104,199,175,203,186,50,48,35,58,69,37,44,36,8,0,0,2,0,0,0,0,0,0,0
EL_2103,Πάργας,16401,8863,188,68,1115,2505,1796,502,569,588,476,52,64,161,212,161,117,35,46,22,61,73,22,16,4,5,0,0,5,0,0,0,0,0,0,0
EL_2101,Πρέβεζας,29279,19463,364,133,3202,4140,3117,1457,1066,2388,1118,182,176,319,436,335,342,108,56,51,196,137,44,35,39,15,0,0,7,0,0,0,0,0,0,0
EL_7302,Αγίου Βασιλείου,9864,6903,61,28,1148,1218,1332,553,176,404,331,52,70,84,228,705,58,59,35,11,49,55,14,77,28,4,21,0,1,0,0,0,101,0,0,0
EL_7303,Αμαρίου,6484,4251,61,21,491,486,1094,396,89,130,137,18,29,56,97,765,21,57,15,10,14,19,14,62,5,3,26,0,1,0,0,0,134,0,0,0
EL_7304,Ανωγείων,2707,1789,16,10,207,477,432,81,14,217,80,9,12,9,41,88,21,19,16,3,4,10,2,5,12,1,2,0,0,0,0,0,1,0,0,0
EL_7305,Μυλοποτάμου,14291,9782,127,48,803,1421,2706,697,244,176,411,28,91,190,273,2024,45,107,54,9,23,72,15,87,12,6,52,0,2,0,0,0,59,0,0,0
EL_7301,Ρεθύμνης,36499,25873,318,116,4310,2656,4152,2826,902,1086,2011,238,622,512,1049,2599,262,292,233,58,204,189,62,476,55,14,136,0,5,0,0,0,490,0,0,0
EL_0102,Αρριανών,20732,13188,356,174,928,1441,4617,72,33,213,98,14,14,33,23,5001,14,14,15,9,0,22,15,10,38,22,0,0,12,0,0,0,0,0,0,0
EL_0103,Ιάσμου,19975,11066,318,149,956,1752,2274,373,298,368,781,36,51,157,80,3072,32,61,24,21,0,48,32,44,87,35,0,0,17,0,0,0,0,0,0,0
EL_0101,Κομοτηνής,55321,33996,1036,440,3197,6599,7839,2571,1598,1779,1409,246,613,1024,690,3159,157,161,149,137,0,296,109,479,207,63,0,0,38,0,0,0,0,0,0,0
EL_0104,Μαρωνείας - Σαπών,22412,13039,387,224,1330,2648,3518,668,582,722,348,50,227,460,191,1099,34,47,63,46,0,91,43,133,65,39,0,0,24,0,0,0,0,0,0,0
EL_5401,Ικαρίας,11424,6169,73,31,1231,509,473,354,145,2473,248,45,43,86,143,21,131,0,22,18,0,42,12,15,39,7,6,0,2,0,0,0,0,0,0,0
EL_5601,Ανατολικής Σάμου,39857,19898,544,147,2432,3824,2378,1811,1171,3737,1017,173,200,474,502,179,179,0,211,99,0,299,103,67,104,22,214,0,11,0,0,0,0,0,0,0
EL_5402,Φούρνων Κορσεών,1783,949,15,3,43,168,261,53,24,329,11,3,3,5,11,1,5,0,1,1,0,6,2,0,4,0,0,0,0,0,0,0,0,0,0,0
EL_1202,Αμφίπολης,15832,9085,179,69,958,2960,1424,703,507,869,370,89,93,255,161,97,63,42,46,33,36,61,12,35,12,5,0,0,3,3,0,0,0,0,0,0
EL_1203,Βισαλτίας,32405,18943,466,121,1593,5962,2922,1485,1326,1525,832,152,193,530,546,306,123,142,123,140,88,147,56,103,34,12,0,0,8,8,0,0,0,0,0,0
EL_1204,Εμμανουήλ Παππά,23874,13887,274,91,1167,4124,2378,1275,793,859,607,138,145,540,379,211,185,110,77,93,89,115,48,144,25,11,0,0,5,4,0,0,0,0,0,0
EL_1205,Ηρακλείας (Κεντρικης Μακεδονιας),30857,16978,465,110,1280,6004,2737,1603,965,724,611,160,163,500,317,452,81,187,106,80,90,133,56,92,32,11,0,0,13,6,0,0,0,0,0,0
EL_1206,Νέας Ζίχνης,17780,10587,228,85,782,3637,1919,813,578,643,526,93,88,367,207,101,68,70,58,54,53,91,27,72,6,8,0,0,11,2,0,0,0,0,0,0
EL_1201,Σερρών,74500,46087,937,380,4521,10597,6650,5834,3172,2642,2543,606,851,1901,1266,1080,382,508,369,305,349,485,166,368,109,43,0,0,10,13,0,0,0,0,0,0
EL_1207,Σιντικής,40554,20300,446,120,1644,6501,3047,2390,1604,724,830,137,189,627,443,246,82,163,220,119,104,167,58,379,33,12,0,0,9,6,0,0,0,0,0,0
EL_2602,Μετεώρων,37865,22071,440,143,2479,5301,4325,1751,1295,1806,1867,154,196,379,453,528,202,94,108,79,0,179,55,144,53,19,0,0,11,10,0,0,0,0,0,0
EL_2603,Πύλης,26802,16442,336,114,1715,5017,2228,1153,838,1277,1632,107,145,448,288,404,229,49,49,48,0,111,36,116,22,17,0,0,44,19,0,0,0,0,0,0
EL_2601,Τρικκαίων,66306,46342,862,307,5926,10463,6811,3674,2035,5754,3970,558,572,1190,1036,884,502,271,171,185,0,382,115,452,150,36,0,0,10,26,0,0,0,0,0,0
EL_2604,Φαρκαδόνας,19697,11075,281,78,974,2858,2698,506,388,1397,563,56,83,146,168,377,191,22,52,42,0,61,21,58,38,8,0,0,3,6,0,0,0,0,0,0
EL_2702,Αμφίκλειας - Ελάτειας,11725,7891,98,54,1285,1686,1215,739,537,526,382,84,155,219,178,186,177,62,54,46,38,79,23,36,22,9,0,0,0,1,0,0,0,0,0,0
EL_2703,Δομοκού,14783,10163,168,58,1178,3004,1849,823,835,704,405,57,110,199,197,152,63,28,44,32,51,97,24,54,16,11,0,0,2,2,0,0,0,0,0,0
EL_2701,Λαμιέων,60857,44135,807,279,7464,9812,5786,5218,2995,2304,2141,491,736,1122,1383,967,329,238,253,179,274,723,191,302,88,26,0,0,15,12,0,0,0,0,0,0
EL_2705,Λοκρών,19408,14124,219,77,1937,3287,2347,1506,1100,1139,554,101,166,394,270,313,127,81,64,29,79,148,49,74,30,23,0,0,5,5,0,0,0,0,0,0
EL_2706,Μακρακώμης,19258,12085,200,71,1898,3277,1643,1264,920,765,432,121,112,266,261,271,84,77,64,34,62,112,23,82,24,15,0,0,5,2,0,0,0,0,0,0
EL_2704,Μώλου - Αγίου Κωνσταντίνου,12528,8746,132,43,1312,2344,1290,844,599,478,368,90,131,295,194,202,73,43,30,22,42,122,24,35,19,9,0,0,4,1,0,0,0,0,0,0
EL_2707,Στυλίδος,13311,9341,137,62,1407,2169,1342,867,632,816,631,84,130,205,222,147,86,55,44,28,37,119,22,58,24,15,0,0,0,2,0,0,0,0,0,0
EL_1702,Αμυνταίου,25421,13517,98,340,2050,2917,2302,1480,899,1117,588,96,100,297,322,202,104,180,85,56,0,121,58,45,32,11,0,0,17,0,0,0,0,0,0,0
EL_1703,Πρεσπών,7141,1665,11,18,132,599,213,121,89,102,59,9,47,27,50,86,49,12,7,2,0,24,3,4,0,1,0,0,0,0,0,0,0,0,0,0
EL_1701,Φλώρινας,57286,21416,182,547,2482,6947,3280,1614,1001,1609,1014,180,198,480,472,314,217,180,113,80,0,252,106,51,37,24,0,0,36,0,0,0,0,0,0,0
EL_3101,Δελφών,27422,18272,349,126,2732,3506,2161,2392,1335,1692,887,307,409,436,442,180,168,157,137,71,0,245,384,59,40,33,17,0,7,0,0,0,0,0,0,0
EL_3102,Δωρίδος,17752,9372,170,52,1179,2503,1382,1075,656,686,448,122,127,144,141,194,86,55,96,37,0,69,58,57,15,8,9,0,3,0,0,0,0,0,0,0
EL_1302,Αριστοτέλη,21062,14831,327,101,2529,3339,2488,1500,702,840,813,117,178,342,392,232,150,62,82,80,129,186,73,105,29,20,0,0,15,0,0,0,0,0,0,0
EL_1303,Κασσάνδρας,14950,10136,199,59,1128,2266,1261,1655,829,650,586,106,109,257,200,181,73,68,139,56,109,88,27,38,39,9,0,0,4,0,0,0,0,0,0,0
EL_1304,Νέας Προποντίδας,32388,22841,520,185,2756,4671,3762,3246,1511,1275,1351,232,308,644,476,371,216,249,194,187,173,192,124,103,63,19,0,0,13,0,0,0,0,0,0,0
EL_1301,Πολυγύρου,22611,16154,336,96,2329,4038,2467,1604,1013,936,967,170,185,450,310,324,179,67,87,92,111,148,101,66,51,19,0,0,7,0,0,0,1,0,0,0
EL_1305,Σιθωνίας,12481,8319,154,67,1447,1969,1142,1055,415,423,451,83,92,247,146,191,57,29,51,28,66,84,40,36,28,7,0,0,11,0,0,0,0,0,0,0
EL_7402,Αποκορώνου,16932,10411,159,55,1360,959,1684,1160,386,835,535,62,78,205,370,1821,121,93,98,17,69,93,14,73,103,8,49,0,2,2,0,0,0,0,0,0
EL_7403,Γαύδου,157,63,1,0,16,7,6,3,7,2,4,0,0,3,0,13,0,1,0,0,0,0,0,0,0,0,0,0,0,0,0,0,0,0,0,0
EL_7404,Καντάνου - Σελίνου,7032,4328,74,30,647,430,897,354,156,329,297,25,35,72,160,505,76,67,40,11,19,35,4,16,32,2,15,0,0,0,0,0,0,0,0,0
EL_7405,Κισσάμου,12970,8593,147,56,1091,909,1294,622,365,622,714,56,49,187,685,1210,84,57,98,21,52,97,34,29,79,3,24,0,5,3,0,0,0,0,0,0
EL_7406,Πλατανιά,22035,14393,220,87,2421,916,2119,1110,664,1292,884,78,160,525,665,2179,213,121,215,53,92,114,20,111,47,18,59,0,4,6,0,0,0,0,0,0
EL_7407,Σφακίων,3138,1832,15,3,186,303,234,134,86,89,84,16,14,20,33,389,48,126,6,2,9,11,0,3,13,2,5,0,1,0,0,0,0,0,0,0
EL_7401,Χανίων,78058,51703,871,273,9657,4023,6141,5516,2140,3524,3560,512,976,1457,2496,5832,933,853,660,178,481,466,77,456,353,43,192,0,7,26,0,0,0,0,0,0
EL_5703,Οινουσσών,1490,417,7,1,21,99,70,17,15,99,13,15,16,8,9,2,7,7,0,4,0,2,0,0,4,0,1,0,0,0,0,0,0,0,0,0
EL_5701,Χίου,62472,31349,668,229,3308,7343,5781,2145,1269,2165,2896,464,299,1035,1447,499,358,255,223,153,0,434,133,84,45,31,73,0,12,0,0,0,0,0,0,0
EL_5702,Ηρωικής Νήσου Ψαρών,376,206,4,2,32,45,34,18,16,6,15,2,2,10,7,3,2,0,1,1,0,2,0,2,1,1,0,0,0,0,0,0,0,0,0,0
EL_ELYY99,Votes outside any municipality,98162,69047,958,303,11512,13788,10732,6356,3779,5051,4507,1492,1246,1714,1811,2045,755,412,715,471,53,448,322,334,112,54,33,0,28,2,0,1,13,0,0,0
