gisco_id,name,registered,turnout,invalid,blank,Ap,SV,Rødt,Sp,KrF,V,H,FrP,Dem,K,KSP,KP,MDG,Piratpartiet,PP,DLF,SP,NKP,FM,Folkelisten,StA
NO_0101,Halden,22632,16963,31,107,6118,400,133,626,1047,743,3907,2954,10,143,29,7,416,82,103,0,0,0,0,0,0
NO_0104,Moss,22764,17474,19,91,6136,637,268,116,572,776,4842,3241,8,51,8,5,487,68,58,0,0,0,0,0,0
NO_0105,Sarpsborg,39631,29505,71,172,11473,499,152,828,1551,829,6658,5911,27,339,33,11,407,92,280,0,0,0,0,0,0
NO_0106,Fredrikstad,57134,43486,47,240,16141,1067,308,720,2192,1576,11065,8055,21,253,29,23,1018,158,333,0,0,0,0,0,0
NO_0111,Hvaler,3419,2785,7,5,895,83,23,46,100,111,791,624,2,12,7,1,61,6,6,0,0,0,0,0,0
NO_0118,Aremark,1116,928,0,5,259,17,0,195,88,28,147,136,0,14,2,1,23,1,7,0,0,0,0,0,0
NO_0119,Marker,2794,2212,0,15,800,12,9,309,274,29,373,314,2,17,3,0,35,2,3,0,0,0,0,0,0
NO_0121,Rømskog,526,448,1,5,154,4,0,65,101,4,45,52,0,7,1,0,3,0,1,0,0,0,0,0,0
NO_0122,Trøgstad,3947,3038,3,22,731,41,15,513,162,87,724,653,3,18,1,0,28,9,6,0,0,0,0,0,0
NO_0123,Spydeberg,4039,3229,0,10,861,89,18,273,255,124,862,639,5,9,1,0,55,7,11,0,0,0,0,0,0
NO_0124,Askim,11150,8316,5,69,2687,202,54,250,399,293,2251,1768,6,47,5,5,138,28,40,0,0,0,0,0,0
NO_0125,Eidsberg,8130,6029,2,41,1712,105,32,554,387,230,1549,1201,5,43,11,6,77,14,19,0,0,0,0,0,0
NO_0127,Skiptvet,2627,2030,0,12,599,36,13,260,169,35,417,438,1,14,3,0,17,4,0,0,0,0,0,0,0
NO_0128,Rakkestad,5828,4286,5,14,1230,48,21,691,434,159,824,711,3,64,2,0,50,4,12,0,0,0,0,0,0
NO_0135,Råde,5227,4307,6,23,1119,63,16,285,380,157,1174,943,1,34,0,2,60,10,11,0,0,0,0,0,0
NO_0136,Rygge,11076,8667,16,42,2595,258,52,234,363,340,2703,1741,5,14,6,6,178,19,53,0,0,0,0,0,0
NO_0137,Våler (Østf.),3429,2700,0,12,656,46,20,252,171,74,711,664,0,24,3,1,42,6,6,0,0,0,0,0,0
NO_0138,Hobøl,3569,2862,0,10,744,61,15,188,183,128,660,756,0,20,1,0,73,6,7,0,0,0,0,0,0
NO_0211,Vestby,10889,8993,22,36,2516,407,71,293,278,441,2827,1608,4,31,0,11,329,36,28,12,7,0,0,0,0
NO_0213,Ski,20523,17035,15,54,5098,725,151,347,625,975,5479,2771,10,38,8,5,487,62,122,3,6,0,0,0,0
NO_0214,Ås,11791,9734,9,50,2642,583,99,632,366,675,2560,1478,4,31,3,4,475,34,28,6,5,0,0,0,0
NO_0215,Frogn,11293,9647,31,36,2332,335,68,232,229,649,3567,1633,5,21,7,4,328,29,99,4,2,0,0,0,0
NO_0216,Nesodden,12595,10657,10,41,2760,984,235,118,387,803,2826,1265,11,22,3,3,1080,35,27,4,2,0,0,0,0
NO_0217,Oppegård,18625,16143,18,55,4058,656,94,133,637,1197,6241,2313,1,30,12,10,505,55,43,27,3,0,0,0,0
NO_0219,Bærum,79277,67765,130,192,13662,2211,415,507,1761,6279,30861,8420,16,118,21,14,2362,215,338,39,12,0,0,0,0
NO_0220,Asker,38963,33154,14,104,6911,1213,196,313,1006,2947,14169,4548,4,53,14,13,1207,116,207,12,3,0,0,0,0
NO_0221,Aurskog-Høland,11197,8920,9,52,3396,175,42,748,452,206,1642,1889,1,41,9,6,141,22,26,4,7,0,0,0,0
NO_0226,Sørum,11191,9296,15,51,3138,287,43,611,393,388,2431,1612,1,29,10,1,187,19,23,5,1,0,0,0,0
NO_0227,Fet,7718,6382,5,18,2202,180,39,294,191,269,1699,1242,0,14,1,0,169,21,17,2,1,0,0,0,0
NO_0228,Rælingen,11654,9166,10,38,3485,257,63,142,302,360,2445,1712,3,39,12,8,175,31,36,9,1,0,0,0,0
NO_0229,Enebakk,7348,5831,6,32,1619,154,40,283,278,211,1465,1498,3,18,2,4,131,21,29,3,2,0,0,0,0
NO_0230,Lørenskog,24027,19100,27,77,6679,590,172,188,605,902,5702,3461,3,43,7,7,409,68,72,9,2,0,0,0,0
NO_0231,Skedsmo,35670,27976,23,93,10009,857,225,386,792,1186,8310,5060,23,53,31,25,543,113,129,18,7,0,0,0,0
NO_0233,Nittedal,15334,12776,23,49,4005,485,104,282,359,695,3850,2468,4,21,6,1,287,34,42,9,3,0,0,0,0
NO_0234,Gjerdrum,4226,3535,0,14,1094,88,20,230,165,171,1016,613,0,13,2,0,73,7,12,3,0,0,0,0,0
NO_0235,Ullensaker,21589,16836,13,91,5115,330,102,626,409,587,4801,4142,7,48,17,10,283,84,70,5,5,0,0,0,0
NO_0236,Nes (Ak.),14567,11271,13,63,4004,237,70,747,367,448,2503,2362,5,47,2,2,233,42,53,7,3,0,0,0,0
NO_0237,Eidsvoll,16034,12335,19,75,4178,404,82,516,405,474,2817,2805,6,48,19,16,228,43,115,7,3,0,0,0,0
NO_0238,Nannestad,7935,6119,18,35,1985,115,29,370,240,231,1418,1433,3,26,7,4,114,17,31,6,2,0,0,0,0
NO_0239,Hurdal,1993,1548,6,11,476,32,5,113,130,123,231,325,1,8,4,1,58,2,10,1,0,0,0,0,0
NO_0301,Oslo kommune,435787,351223,83,1299,106001,21924,11133,2963,9850,28619,103834,40660,236,734,97,126,19356,1357,1172,267,70,143,0,0,0
NO_0402,Kongsvinger,13625,10145,4,52,4084,365,64,397,225,282,2052,2065,5,31,0,5,178,28,256,0,0,0,0,0,0
NO_0403,Hamar,22444,18148,25,83,8031,1018,156,823,556,897,3957,1641,19,49,0,2,486,52,270,0,0,0,0,0,0
NO_0412,Ringsaker,25014,18755,7,119,8439,529,96,1861,476,629,3434,2197,12,53,0,20,402,57,305,0,0,0,0,0,0
NO_0415,Løten,5765,4513,5,36,2122,153,27,514,117,102,619,627,2,12,0,4,72,14,51,0,0,0,0,0,0
NO_0417,Stange,14716,11859,10,69,5331,424,72,1208,457,463,1757,1384,2,83,0,4,304,32,190,0,0,0,0,0,0
NO_0418,Nord-Odal,4065,3160,1,13,1547,107,22,256,66,72,417,547,0,15,0,0,51,7,26,0,0,0,0,0,0
NO_0419,Sør-Odal,6074,4626,1,30,1882,186,26,346,68,115,869,875,1,12,0,1,63,10,111,0,0,0,0,0,0
NO_0420,Eidskog,4913,3597,1,28,1429,105,21,301,86,98,686,659,2,33,0,0,42,4,74,0,0,0,0,0,0
NO_0423,Grue,3939,2862,3,8,1249,93,20,335,59,80,463,443,0,9,0,8,43,9,32,0,0,0,0,0,0
NO_0425,Åsnes,6050,4391,15,24,1877,103,41,468,99,103,631,826,3,29,0,2,65,16,65,0,0,0,0,0,0
NO_0426,Våler (Hedm.),3036,2235,2,19,958,63,5,223,41,51,326,429,0,8,0,1,19,2,69,0,0,0,0,0,0
NO_0427,Elverum,15509,11916,17,75,4831,406,92,740,225,417,2892,1805,10,23,0,3,182,30,93,0,0,0,0,0,0
NO_0428,Trysil,5113,3886,1,38,1504,142,13,497,128,113,782,486,2,29,0,0,64,16,33,0,0,0,0,0,0
NO_0429,Åmot,3361,2500,1,21,1012,100,19,273,32,47,451,412,2,5,0,2,39,12,51,0,0,0,0,0,0
NO_0430,Stor-Elvdal,2019,1560,0,6,689,60,12,205,13,55,224,226,1,2,0,2,36,4,19,0,0,0,0,0,0
NO_0432,Rendalen,1533,1275,0,5,569,60,3,322,15,23,134,113,0,2,0,2,11,4,7,0,0,0,0,0,0
NO_0434,Engerdal,1048,835,0,7,319,20,4,213,11,20,133,88,0,0,0,0,7,0,6,0,0,0,0,0,0
NO_0436,Tolga,1226,993,7,0,304,89,17,388,9,35,77,35,1,1,0,0,26,0,4,0,0,0,0,0,0
NO_0437,Tynset,4031,3225,2,6,1094,215,35,869,87,111,422,252,1,10,0,1,72,9,33,0,0,0,0,0,0
NO_0438,Alvdal,1805,1386,0,9,527,38,2,470,49,54,114,82,0,2,0,0,23,0,7,0,0,0,0,0,0
NO_0439,Folldal,1272,1061,0,12,425,39,20,331,16,22,75,74,0,4,0,0,17,3,11,0,0,0,0,0,0
NO_0441,Os (Hedm.),1540,1227,0,5,471,78,6,443,36,16,85,50,0,2,0,0,22,2,6,0,0,0,0,0,0
NO_0501,Lillehammer,20337,16135,11,73,6140,830,179,913,513,1047,3725,1689,4,46,0,9,686,62,120,15,0,0,0,0,0
NO_0502,Gjøvik,22094,17030,29,70,7209,443,182,1064,689,853,3715,1916,11,95,0,4,381,56,233,10,0,0,0,0,0
NO_0511,Dovre,2097,1547,1,4,655,29,4,407,34,32,192,145,0,4,0,2,26,3,4,1,0,0,0,0,0
NO_0512,Lesja,1579,1246,1,6,339,20,4,528,33,29,148,99,0,7,0,0,17,3,6,0,0,0,0,0,0
NO_0513,Skjåk,1747,1299,2,11,466,32,8,434,17,25,127,122,0,5,0,2,23,4,10,0,0,0,0,0,0
NO_0514,Lom,1850,1350,0,6,511,37,5,423,36,31,156,104,0,5,0,1,22,1,6,0,0,0,0,0,0
NO_0515,Vågå,2861,2177,0,16,1000,84,16,445,39,34,265,179,8,9,0,1,53,4,6,2,0,0,0,0,0
NO_0516,Nord-Fron,4454,3295,2,12,1488,62,11,606,88,69,522,363,1,17,0,0,28,5,8,1,0,0,0,0,0
NO_0517,Sel,4628,3321,4,13,1668,123,20,414,77,76,452,338,2,20,0,3,77,9,9,3,0,0,0,0,0
NO_0519,Sør-Fron,2434,1793,0,11,832,23,8,410,29,39,208,185,1,8,0,2,19,2,4,1,0,0,0,0,0
NO_0520,Ringebu,3400,2511,0,11,1015,60,9,619,73,80,319,252,0,6,0,0,32,9,15,0,0,0,0,0,0
NO_0521,Øyer,3736,2833,4,15,1175,65,13,541,104,94,462,260,0,9,0,1,54,11,7,3,0,0,0,0,0
NO_0522,Gausdal,4773,3528,3,19,1563,62,18,762,80,123,388,368,1,10,0,1,78,14,18,1,0,0,0,0,0
NO_0528,Østre Toten,11237,8456,4,34,3434,171,66,960,326,387,1526,1071,12,52,0,23,179,22,152,3,0,0,0,0,0
NO_0529,Vestre Toten,10035,7583,5,35,3304,176,71,584,265,278,1442,1139,3,27,0,6,130,22,57,4,0,0,0,0,0
NO_0532,Jevnaker,4855,3847,9,14,1547,131,23,169,73,76,925,746,3,12,0,3,83,7,12,0,0,0,0,0,0
NO_0533,Lunner,6555,5398,1,30,1934,166,39,329,214,196,1289,944,0,17,0,1,173,10,20,5,0,0,0,0,0
NO_0534,Gran,10241,8077,24,39,2893,192,58,836,208,283,1739,1448,4,32,0,8,198,20,52,4,0,0,0,0,0
NO_0536,Søndre Land,4423,3186,4,13,1515,134,20,275,78,77,492,468,2,9,0,2,69,5,9,1,0,0,0,0,0
NO_0538,Nordre Land,5227,3778,0,19,1801,115,24,473,114,95,540,487,1,16,0,1,41,8,22,2,0,0,0,0,0
NO_0540,Sør-Aurdal,2399,1814,0,6,721,26,5,324,85,48,300,242,0,9,0,0,33,5,4,0,0,0,0,0,0
NO_0541,Etnedal,1001,757,0,6,270,12,5,185,35,28,109,85,0,1,0,1,11,1,2,0,0,0,0,0,0
NO_0542,Nord-Aurdal,4834,3623,2,9,1341,81,15,475,111,119,763,587,1,27,0,2,61,10,10,0,0,0,0,0,0
NO_0543,Vestre Slidre,1665,1308,0,9,413,24,3,331,36,49,218,181,0,6,0,1,21,3,4,0,0,0,0,0,0
NO_0544,Øystre Slidre,2388,1693,1,3,544,46,5,386,39,63,337,187,0,8,0,0,57,1,11,2,0,0,0,0,0
NO_0545,Vang,1164,908,1,4,272,21,6,269,22,17,178,78,0,3,0,0,31,1,1,0,0,0,0,0,0
NO_0602,Drammen,46504,35668,57,153,11420,989,212,492,1106,1626,11870,6350,25,153,15,25,884,129,0,0,9,0,0,0,0
NO_0604,Kongsberg,18566,14941,21,81,4432,474,89,1462,393,1050,3823,2514,7,59,6,5,351,91,0,0,2,0,0,0,0
NO_0605,Ringerike,22312,17172,16,123,6134,492,155,723,457,687,4453,3294,9,67,8,16,357,52,0,0,6,0,0,0,0
NO_0612,Hole,4460,3735,5,23,955,122,32,218,163,152,1324,586,7,3,9,1,102,8,0,0,2,0,0,0,0
NO_0615,Flå,796,605,0,3,226,8,4,103,17,14,95,118,0,8,1,0,5,0,0,0,0,0,0,0,0
NO_0616,Nes (Busk.),2560,1894,3,4,627,42,7,279,91,66,446,262,0,16,4,2,32,9,0,0,0,0,0,0,0
NO_0617,Gol,3281,2492,0,6,723,59,5,363,98,106,651,408,0,12,2,0,48,2,0,0,3,0,0,0,0
NO_0618,Hemsedal,1417,1163,0,5,236,40,3,217,120,62,313,125,0,6,0,0,28,1,0,0,2,0,0,0,0
NO_0619,Ål,3437,2753,1,15,778,78,17,530,201,153,516,359,0,30,4,2,47,6,0,0,1,0,0,0,0
NO_0620,Hol,3192,2558,0,10,736,42,9,282,87,131,807,363,0,20,3,3,44,10,0,0,1,0,0,0,0
NO_0621,Sigdal,2679,2041,1,12,517,24,11,545,26,58,469,325,1,7,1,1,26,4,0,0,1,0,0,0,0
NO_0622,Krødsherad,1653,1275,1,7,486,28,2,160,21,44,287,206,0,2,0,1,22,1,0,0,0,0,0,0,0
NO_0623,Modum,10158,7700,2,45,2786,174,32,662,278,211,1545,1696,6,43,2,4,156,12,0,0,1,0,0,0,0
NO_0624,Øvre Eiker,12799,9885,10,61,3037,238,45,868,315,295,2598,2028,8,69,18,11,187,31,0,0,5,0,0,0,0
NO_0625,Nedre Eiker,16669,12914,26,83,4641,315,71,265,436,402,3461,2724,6,84,22,31,206,47,0,0,11,0,0,0,0
NO_0626,Lier,17263,14166,29,76,4033,388,83,613,444,761,4728,2488,6,38,10,14,325,51,0,0,3,0,0,0,0
NO_0627,Røyken,13997,11597,81,56,3252,335,69,210,328,706,3781,2322,3,31,10,13,308,31,0,0,5,0,0,0,0
NO_0628,Hurum,6736,5367,30,41,1557,166,41,207,157,288,1586,1016,2,46,6,3,164,14,0,0,2,0,0,0,0
NO_0631,Flesberg,1958,1528,0,3,344,29,10,281,40,54,362,350,0,12,1,1,31,5,0,0,2,0,0,0,0
NO_0632,Rollag,1047,842,2,2,263,16,2,245,30,24,153,77,0,15,0,1,8,2,0,0,0,0,0,0,0
NO_0633,Nore og Uvdal,1920,1438,4,8,389,35,6,385,55,23,247,243,0,15,3,1,14,2,0,0,0,0,0,0,0
NO_0701,Horten,19625,15421,31,94,5135,737,161,244,542,728,4395,2582,8,43,21,18,457,79,52,0,0,0,0,0,0
NO_0702,Holmestrand,7863,6175,7,28,2124,247,45,241,286,234,1629,1075,2,53,4,7,129,20,16,0,0,0,0,0,0
NO_0704,Tønsberg,30564,24357,5,152,6988,1158,162,437,1318,1322,7650,4015,15,98,25,26,676,94,64,0,0,0,0,0,0
NO_0706,Sandefjord,32712,25266,3,87,6692,882,156,327,1080,1176,8379,5269,13,146,63,47,496,83,280,0,0,0,0,0,0
NO_0709,Larvik,32405,25431,5,135,7724,725,152,616,1419,937,6695,5964,14,148,41,10,575,63,73,0,0,0,0,0,0
NO_0711,Svelvik,4855,3698,2,18,1190,67,10,82,107,135,1057,897,2,14,1,7,73,11,7,0,0,0,0,0,0
NO_0713,Sande (Vestf.),6360,5130,2,36,1584,124,17,294,186,224,1338,1192,1,10,2,4,59,13,8,0,0,0,0,0,0
NO_0714,Hof,2260,1771,0,10,569,71,15,194,59,67,418,291,0,4,4,0,49,6,4,0,0,0,0,0,0
NO_0716,Re,6495,5235,3,44,1291,150,23,737,401,181,1245,952,2,41,5,6,81,17,12,0,0,0,0,0,0
NO_0719,Andebu,4102,3130,1,12,942,92,16,250,188,127,794,594,1,12,11,2,58,11,7,0,0,0,0,0,0
NO_0720,Stokke,8209,6539,3,37,1861,252,35,294,434,259,1892,1177,3,55,9,4,142,19,26,0,0,0,0,0,0
NO_0722,Nøtterøy,15750,12896,11,31,3445,591,104,139,552,673,4579,2155,3,49,12,17,429,41,34,0,0,0,0,0,0
NO_0723,Tjøme,3730,3020,2,14,780,134,28,41,91,128,990,605,1,5,3,6,157,13,8,0,0,0,0,0,0
NO_0728,Lardal,1849,1463,0,9,544,36,8,188,72,37,296,209,0,13,4,3,26,4,5,0,0,0,0,0,0
NO_0805,Porsgrunn,26605,20662,9,105,7635,733,219,223,1047,753,5085,4023,9,161,11,18,478,48,0,0,0,0,0,0,0
NO_0806,Skien,39656,30294,55,140,10716,978,205,557,2156,1025,7040,6193,34,307,52,18,604,74,0,0,0,0,0,0,0
NO_0807,Notodden,9460,7136,2,23,2937,204,100,306,536,254,1291,1140,6,120,11,2,162,19,0,0,0,0,0,0,0
NO_0811,Siljan,1796,1463,0,8,569,55,6,91,101,35,262,272,0,26,4,1,22,3,0,0,0,0,0,0,0
NO_0814,Bamble,10751,8408,11,40,2879,159,75,178,538,218,1935,2093,2,91,5,9,109,26,0,0,0,0,0,0,0
NO_0815,Kragerø,8171,6366,1,27,2425,227,128,129,444,244,1310,1134,2,65,5,8,171,19,0,0,0,0,0,0,0
NO_0817,Drangedal,3082,2401,1,16,988,74,8,218,199,74,366,348,0,46,3,0,37,7,0,0,0,0,0,0,0
NO_0819,Nome,4974,3914,4,24,1528,108,16,308,232,128,723,696,0,46,1,2,63,11,0,0,0,0,0,0,0
NO_0821,Bø (Telem.),4180,3154,4,14,1048,150,26,273,259,193,587,428,0,26,6,5,111,10,0,0,0,0,0,0,0
NO_0822,Sauherad,3252,2463,6,11,817,71,17,271,210,123,402,412,1,21,4,2,77,7,0,0,0,0,0,0,0
NO_0826,Tinn,4473,3425,3,17,1282,114,31,321,106,98,771,570,1,9,1,1,76,7,0,0,0,0,0,0,0
NO_0827,Hjartdal,1252,938,1,1,365,15,2,176,105,16,113,116,0,10,1,0,16,0,0,0,0,0,0,0,0
NO_0828,Seljord,2227,1730,8,4,505,49,12,206,124,54,391,270,0,43,1,1,57,1,0,0,0,0,0,0,0
NO_0829,Kviteseid,1911,1403,0,2,456,41,8,212,161,41,228,207,0,11,4,1,27,2,0,0,0,0,0,0,0
NO_0830,Nissedal,1078,862,1,2,279,8,2,101,147,18,125,147,0,14,0,0,16,0,0,0,0,0,0,0,0
NO_0831,Fyresdal,948,725,0,5,282,15,2,142,25,23,134,73,0,3,0,0,15,1,0,0,0,0,0,0,0
NO_0833,Tokke,1730,1398,0,9,573,46,8,245,100,29,183,160,1,10,2,0,20,3,0,0,0,0,0,0,0
NO_0834,Vinje,2806,2158,6,7,679,145,19,403,120,67,354,282,0,8,5,0,55,1,0,0,0,0,0,0,0
NO_0901,Risør,5202,4054,17,29,1411,118,41,125,273,224,970,653,0,36,11,2,94,10,11,0,0,0,0,0,0
NO_0904,Grimstad,15176,11701,6,53,2534,284,53,376,1721,690,3223,2217,9,166,15,3,222,36,40,0,0,0,0,0,0
NO_0906,Arendal,31832,24715,68,130,7630,731,150,607,2051,1210,6205,4672,12,266,39,10,515,86,203,0,0,0,0,0,0
NO_0911,Gjerstad,1856,1433,3,6,459,29,8,135,122,56,298,260,1,21,2,1,16,3,7,0,0,0,0,0,0
NO_0912,Vegårshei,1461,1208,0,5,378,7,3,125,234,28,240,143,2,12,4,0,16,2,4,0,0,0,0,0,0
NO_0914,Tvedestrand,4514,3515,3,22,971,101,15,192,320,165,945,605,4,36,10,2,87,4,11,0,0,0,0,0,0
NO_0919,Froland,3869,2920,2,14,844,45,8,235,431,57,479,635,1,93,6,3,35,4,14,0,0,0,0,0,0
NO_0926,Lillesand,7245,5831,3,8,1278,192,25,115,547,363,2213,817,9,62,6,5,136,12,32,0,0,0,0,0,0
NO_0928,Birkenes,3444,2614,5,18,494,31,8,202,476,73,749,425,3,45,5,1,49,6,6,0,0,0,0,0,0
NO_0929,Åmli,1306,1032,1,6,385,28,12,156,95,32,126,145,1,22,4,1,5,1,6,0,0,0,0,0,0
NO_0935,Iveland,928,767,0,5,144,9,9,87,152,17,136,160,1,26,2,0,9,2,3,0,0,0,0,0,0
NO_0937,Evje og Hornnes,2526,1905,0,11,568,27,3,140,377,48,336,298,0,27,9,6,28,7,9,0,0,0,0,0,0
NO_0938,Bygland,922,742,0,1,214,13,4,137,94,22,132,91,3,14,1,0,7,3,5,0,0,0,0,0,0
NO_0940,Valle,946,700,0,3,175,14,3,126,82,25,132,95,0,26,3,1,10,0,2,0,0,0,0,0,0
NO_0941,Bykle,637,503,2,4,138,23,3,57,44,23,119,62,0,10,0,0,13,0,1,0,0,0,0,0,0
NO_1001,Kristiansand,60894,47476,76,175,11717,1535,271,459,5983,2517,13936,7450,398,594,0,8,1425,161,556,20,0,20,0,0,0
NO_1002,Mandal,10978,8529,10,28,2061,236,32,209,809,355,2366,1892,11,195,0,6,209,16,63,3,0,0,0,0,0
NO_1003,Farsund,6891,5262,10,25,1165,133,9,203,653,185,1377,1225,6,105,0,8,70,8,49,1,0,5,0,0,0
NO_1004,Flekkefjord,6560,5122,7,18,1145,118,30,216,676,195,1417,1083,5,86,0,3,68,15,14,7,0,1,0,0,0
NO_1014,Vennesla,9941,7792,1,29,2077,115,31,278,1509,159,1528,1499,37,304,0,6,90,26,49,17,0,8,0,0,0
NO_1017,Songdalen,4342,3344,5,12,826,57,14,231,451,106,756,692,23,74,0,1,46,9,24,4,0,1,0,0,0
NO_1018,Søgne,7758,6084,7,7,1291,169,32,121,707,291,1956,1184,18,99,0,2,125,18,48,1,0,1,0,0,0
NO_1021,Marnardal,1611,1276,3,8,344,23,4,180,146,39,240,194,3,37,0,3,25,3,6,9,0,1,0,0,0
NO_1026,Åseral,623,489,0,1,110,5,1,97,93,9,77,73,1,14,0,1,2,0,4,0,0,0,0,0,0
NO_1027,Audnedal,1205,1009,3,1,191,8,1,131,290,12,160,153,0,45,0,0,7,1,3,0,0,2,0,0,0
NO_1029,Lindesnes,3372,2604,18,7,455,39,10,139,403,129,688,538,5,93,0,1,32,5,33,1,0,1,0,0,0
NO_1032,Lyngdal,5462,4267,3,8,682,71,6,222,936,104,1224,797,3,139,0,2,29,10,22,0,0,1,0,0,0
NO_1034,Hægebostad,1205,985,1,2,150,2,0,126,243,11,159,184,0,90,0,0,11,1,3,0,0,0,0,0,0
NO_1037,Kvinesdal,4196,3236,18,22,824,43,18,191,456,56,705,746,5,74,0,2,37,10,6,1,0,0,0,0,0
NO_1046,Sirdal,1279,1016,1,1,189,14,1,159,181,37,229,153,1,26,0,0,20,1,1,1,0,0,0,0,0
NO_1101,Eigersund,10357,7702,19,28,1864,178,28,457,838,306,2200,1491,2,89,9,7,115,18,23,0,0,2,0,0,0
NO_1102,Sandnes,46925,36850,41,180,7994,1110,163,1321,3817,1687,11325,7416,24,270,41,35,809,195,172,56,0,14,0,0,0
NO_1103,Stavanger,87180,68025,56,165,17528,3549,499,1052,4212,4376,22588,10690,22,279,48,21,2155,253,291,55,0,21,0,0,0
NO_1106,Haugesund,25003,19254,8,83,5310,565,86,306,1060,826,6299,3465,10,156,62,64,458,85,283,39,0,6,0,0,0
NO_1111,Sokndal,2445,1918,0,5,433,28,5,121,316,45,418,413,1,82,13,1,21,4,4,0,0,3,0,0,0
NO_1112,Lund,2282,1796,0,2,399,21,5,185,297,46,341,397,2,57,4,1,25,5,6,0,0,1,0,0,0
NO_1114,Bjerkreim,1903,1575,0,1,196,16,2,452,330,27,318,182,1,27,1,2,14,2,2,1,0,0,0,0,0
NO_1119,Hå,11592,9262,12,36,1348,168,18,1316,1805,175,2185,1773,3,188,29,7,106,28,19,10,0,0,0,0,0
NO_1120,Klepp,12141,9592,7,41,1522,172,27,911,1279,302,2829,2100,8,97,22,6,157,31,27,9,0,4,0,0,0
NO_1121,Time,12233,10012,1,39,2043,302,21,1001,1381,382,2740,1597,1,133,15,5,255,27,22,8,0,0,0,0,0
NO_1122,Gjesdal,7384,5858,2,18,1204,146,16,459,969,182,1485,1164,1,36,7,1,97,31,14,7,0,1,0,0,0
NO_1124,Sola,16339,13150,10,44,2358,308,37,449,1218,581,4844,2837,8,69,8,6,230,47,44,6,0,2,0,0,0
NO_1127,Randaberg,7065,5775,4,26,1233,127,17,249,754,271,1869,1014,3,50,6,3,96,15,10,2,0,0,0,0,0
NO_1129,Forsand,844,676,0,1,122,16,1,77,154,19,144,101,3,25,2,0,7,1,2,0,0,0,0,0,0
NO_1130,Strand,8306,6433,0,20,1294,170,15,287,1177,206,1657,1287,5,121,13,1,130,10,15,5,0,0,0,0,0
NO_1133,Hjelmeland,1828,1452,0,5,242,48,2,401,260,32,232,176,1,3,2,2,32,5,2,2,0,0,0,0,0
NO_1134,Suldal,2773,2171,1,7,472,123,11,552,294,102,292,228,0,28,4,3,39,3,5,0,0,0,0,0,0
NO_1135,Sauda,3565,2786,4,16,1084,101,14,201,181,104,611,366,4,8,6,0,46,10,13,0,0,1,0,0,0
NO_1141,Finnøy,2054,1708,0,5,219,45,1,407,445,71,265,171,1,25,3,1,35,5,3,1,0,0,0,0,0
NO_1142,Rennesøy,3060,2538,0,13,452,69,8,292,283,82,822,452,0,10,3,2,31,2,4,0,0,0,0,0,0
NO_1144,Kvitsøy,392,342,0,0,74,8,2,16,78,14,52,81,0,10,0,0,5,1,0,0,0,1,0,0,0
NO_1145,Bokn,614,490,0,3,85,11,2,125,47,10,111,76,0,8,0,3,5,1,0,0,0,0,0,0,0
NO_1146,Tysvær,7273,5923,11,24,1322,92,14,524,662,213,1626,1133,3,96,6,11,95,9,47,4,0,7,0,0,0
NO_1149,Karmøy,29354,22460,19,73,4695,418,55,495,3148,646,6124,5772,8,377,31,15,259,67,164,18,0,3,0,0,0
NO_1151,Utsira,157,145,0,2,58,4,1,20,9,4,31,9,0,0,1,3,0,0,1,0,0,0,0,0,0
NO_1160,Vindafjord,5919,4589,0,9,911,113,10,945,571,118,1062,691,4,52,15,2,45,10,18,3,0,1,0,0,0
NO_1201,Bergen,193348,157504,231,732,39872,10008,1855,3129,8842,10680,52371,20509,113,827,0,108,6285,662,371,0,0,72,105,0,0
NO_1211,Etne,2857,2259,2,10,467,68,4,354,285,90,513,384,1,24,0,5,32,6,4,0,0,0,0,0,0
NO_1216,Sveio,3729,2966,0,11,636,68,15,250,322,126,729,627,4,61,0,12,75,4,15,0,0,0,0,0,0
NO_1219,Bømlo,8069,6497,2,18,1279,109,17,253,1501,217,1517,1227,4,200,0,20,80,19,13,0,0,1,2,0,0
NO_1221,Stord,12817,10179,22,64,3119,440,78,419,973,452,2372,1735,34,169,0,4,165,33,27,0,0,5,4,0,0
NO_1222,Fitjar,2133,1766,2,5,282,33,7,141,353,36,526,288,1,49,0,6,22,5,4,0,0,0,1,0,0
NO_1223,Tysnes,2062,1632,1,6,327,40,4,184,170,69,457,293,1,17,0,1,45,5,4,0,0,2,0,0,0
NO_1224,Kvinnherad,9678,7425,35,44,1685,219,50,695,676,261,2229,1198,6,91,0,3,148,19,19,0,0,2,1,0,0
NO_1227,Jondal,828,685,3,1,183,10,5,160,92,22,99,65,0,15,0,0,26,2,1,0,0,0,0,0,0
NO_1228,Odda,5321,4063,9,21,1638,150,79,254,164,210,815,561,32,10,0,1,62,8,16,0,0,6,6,0,0
NO_1231,Ullensvang,2465,1966,3,6,385,88,15,474,124,166,405,204,4,14,0,4,50,5,10,0,0,2,1,0,0
NO_1232,Eidfjord,719,563,1,2,166,14,5,84,17,25,146,78,1,8,0,1,9,3,1,0,0,0,0,0,0
NO_1233,Ulvik,809,655,2,4,157,45,7,120,29,128,72,63,0,3,0,1,15,3,0,0,0,2,0,0,0
NO_1234,Granvin,705,564,0,0,100,35,4,143,16,77,104,63,0,3,0,0,18,1,0,0,0,0,0,0,0
NO_1235,Voss,10525,8262,19,36,2333,424,92,1374,508,589,1695,846,4,46,0,7,220,14,14,0,0,2,3,0,0
NO_1238,Kvam,6221,5042,18,24,1029,147,28,685,531,269,1283,745,2,66,0,1,160,12,17,0,0,1,0,0,0
NO_1241,Fusa,2776,2270,1,9,401,67,18,350,276,98,586,361,2,22,0,2,57,3,1,0,0,4,3,0,0
NO_1242,Samnanger,1828,1493,0,3,483,24,9,128,136,46,314,255,1,36,0,3,45,2,2,0,0,0,3,0,0
NO_1243,Os (Hord.),12633,10353,12,59,2068,324,52,440,680,572,3440,2206,3,54,0,12,304,41,13,0,0,2,12,0,0
NO_1244,Austevoll,3312,2746,3,8,454,43,6,78,289,72,1019,685,1,30,0,6,32,7,5,0,0,0,0,0,0
NO_1245,Sund,4557,3659,1,14,728,112,16,112,198,117,1386,848,3,26,0,10,48,16,5,0,0,2,3,0,0
NO_1246,Fjell,16277,13029,11,68,2715,282,43,226,1311,448,4669,2672,13,149,0,26,250,42,18,0,0,7,11,0,0
NO_1247,Askøy,18709,15266,19,79,4108,555,132,238,1002,772,4988,2699,21,118,0,8,342,60,24,0,0,9,13,0,0
NO_1251,Vaksdal,3096,2478,16,20,896,123,11,204,210,91,464,332,1,24,0,1,50,6,8,0,0,1,0,0,0
NO_1252,Modalen,276,194,0,2,39,4,1,65,23,4,26,17,0,0,0,0,9,0,2,0,0,0,0,0,0
NO_1253,Osterøy,5528,4570,1,19,1080,137,33,355,408,169,1307,761,1,57,0,2,187,28,4,0,0,2,0,0,0
NO_1256,Meland,5104,4156,0,25,946,125,31,259,587,171,1156,634,0,49,0,3,134,7,4,0,0,0,0,0,0
NO_1259,Øygarden,3272,2686,1,14,559,57,6,40,340,57,881,595,0,67,0,4,37,7,5,0,0,0,2,0,0
NO_1260,Radøy,3553,2911,2,8,666,83,12,386,305,114,754,473,11,31,0,3,45,5,4,0,0,0,1,0,0
NO_1263,Lindås,10620,8665,6,40,1680,239,44,651,1383,355,2438,1430,5,122,0,10,176,26,15,0,0,5,0,0,0
NO_1264,Austrheim,1962,1633,1,4,387,28,1,85,168,66,557,279,2,17,0,1,20,6,4,0,0,0,3,0,0
NO_1265,Fedje,421,377,0,1,96,6,4,3,73,7,116,52,3,6,0,1,4,3,1,0,0,0,0,0,0
NO_1266,Masfjorden,1286,1064,1,3,252,36,3,151,122,38,248,172,1,11,0,1,19,2,0,0,0,0,1,0,0
NO_1401,Flora,8221,6290,0,28,1962,245,42,371,309,397,1744,949,3,52,0,11,135,14,0,0,0,0,0,0,0
NO_1411,Gulen,1719,1416,5,6,315,25,4,317,169,66,323,147,0,9,0,3,19,2,0,0,0,0,0,0,0
NO_1412,Solund,623,489,0,0,105,11,4,98,33,18,138,62,0,4,0,4,11,1,0,0,0,0,0,0,0
NO_1413,Hyllestad,1030,801,0,5,261,16,1,189,69,22,128,68,0,9,0,5,16,7,0,0,0,0,0,0,0
NO_1416,Høyanger,3110,2385,1,11,1039,64,52,360,122,59,366,228,0,13,0,9,45,5,0,0,0,0,0,0,0
NO_1417,Vik,2029,1571,1,10,418,39,5,576,83,43,207,140,3,14,0,0,21,1,0,0,0,0,0,0,0
NO_1418,Balestrand,951,753,0,5,169,42,13,165,103,45,110,63,1,16,0,3,10,3,0,0,0,0,0,0,0
NO_1419,Leikanger,1668,1388,0,2,481,83,10,358,63,80,188,82,0,6,0,3,28,2,0,0,0,0,0,0,0
NO_1420,Sogndal,5389,4342,4,18,1290,214,15,932,297,206,778,447,1,18,0,0,84,20,0,0,0,0,0,0,0
NO_1421,Aurland,1291,1000,0,6,318,33,8,178,23,54,216,92,0,5,0,1,60,0,0,0,0,0,0,0,0
NO_1422,Lærdal,1634,1292,0,5,401,59,10,389,22,58,198,118,2,0,0,2,21,2,0,0,0,0,0,0,0
NO_1424,Årdal,4126,3204,16,11,1985,67,9,289,42,62,401,258,3,14,0,0,31,5,0,0,0,0,0,0,0
NO_1426,Luster,3728,3003,0,10,1053,71,13,845,218,88,361,250,1,27,0,0,42,14,0,0,0,0,0,0,0
NO_1428,Askvoll,2296,1802,4,7,445,53,5,367,170,146,342,195,3,22,0,13,20,3,0,0,0,0,0,0,0
NO_1429,Fjaler,1972,1576,2,3,424,72,14,415,122,104,264,112,0,10,0,7,24,0,0,0,0,0,0,0,0
NO_1430,Gaular,2101,1718,4,4,387,48,6,500,214,47,312,136,0,25,0,2,24,5,0,0,0,0,0,0,0
NO_1431,Jølster,2149,1719,2,9,395,69,2,553,164,110,238,121,1,14,0,3,25,4,0,0,0,0,0,0,0
NO_1432,Førde,8830,7053,0,33,2183,387,56,999,631,448,1415,620,1,55,0,8,166,18,0,0,0,0,0,0,0
NO_1433,Naustdal,2028,1613,3,5,419,96,15,369,139,76,290,147,1,18,0,2,22,6,0,0,0,0,0,0,0
NO_1438,Bremanger,2767,2137,0,8,558,45,8,314,181,123,474,364,0,19,0,6,22,7,0,0,0,0,0,0,0
NO_1439,Vågsøy,4385,3363,7,11,669,71,38,261,297,270,993,655,3,39,0,7,23,8,0,0,0,0,0,0,0
NO_1441,Selje,2113,1623,1,4,225,19,6,211,233,99,347,401,6,29,0,4,30,4,0,0,0,0,0,0,0
NO_1443,Eid,4284,3375,2,19,333,90,14,1052,271,788,352,367,1,20,0,1,38,8,0,0,0,0,0,0,0
NO_1444,Hornindal,897,760,1,8,142,10,2,254,30,64,170,47,0,6,0,1,17,0,0,0,0,0,0,0,0
NO_1445,Gloppen,4203,3467,4,11,343,103,11,1515,680,284,243,163,1,43,0,1,47,7,0,0,0,0,0,0,0
NO_1449,Stryn,4736,3599,4,14,863,44,23,742,267,126,1037,376,1,28,0,4,51,5,0,0,0,0,0,0,0
NO_1502,Molde,19019,14877,2,44,3066,644,98,833,1308,1030,4792,2540,13,99,0,16,301,47,0,0,0,0,0,0,0
NO_1504,Ålesund,32320,24903,19,107,5696,536,107,533,2175,1292,7974,5592,14,261,0,17,361,112,0,0,0,0,0,0,0
NO_1505,Kristiansund,17755,13356,22,71,5367,314,119,337,315,1204,2401,2808,14,56,0,22,192,43,0,0,0,0,0,0,0
NO_1511,Vanylven,2574,1991,2,7,409,28,1,275,244,86,388,475,0,37,0,3,27,2,0,0,0,0,0,0,0
NO_1514,Sande (M. og R.),1819,1451,1,8,255,25,5,156,142,59,414,343,0,23,0,1,6,5,0,0,0,0,0,0,0
NO_1515,Herøy (M. og R.),6309,4874,3,8,831,63,9,154,701,153,1677,1112,2,106,0,8,27,12,0,0,0,0,0,0,0
NO_1516,Ulstein,5280,4263,5,15,784,68,10,177,584,230,1432,812,1,64,0,5,51,10,0,0,0,0,0,0,0
NO_1517,Hareid,3520,2780,1,9,520,83,14,145,277,139,721,763,6,39,0,7,33,14,0,0,0,0,0,0,0
NO_1519,Volda,6435,5172,3,29,1047,339,37,506,755,342,978,879,0,65,0,4,142,17,0,0,0,0,0,0,0
NO_1520,Ørsta,7745,5988,2,41,1404,203,12,726,557,281,1349,1204,2,62,0,2,77,25,0,0,0,0,0,0,0
NO_1523,Ørskog,1617,1290,0,9,311,23,6,157,106,59,329,251,0,8,0,0,18,4,0,0,0,0,0,0,0
NO_1524,Norddal,1228,943,0,3,185,29,10,290,69,33,158,125,1,15,0,1,19,2,0,0,0,0,0,0,0
NO_1525,Stranda,3214,2472,1,12,511,42,8,391,234,115,614,466,3,27,0,2,28,6,0,0,0,0,0,0,0
NO_1526,Stordal,687,499,0,2,109,3,2,82,39,12,154,80,1,7,0,0,4,2,0,0,0,0,0,0,0
NO_1528,Sykkylven,5441,4164,9,13,830,79,12,326,430,200,1198,925,1,61,0,8,46,13,0,0,0,0,0,0,0
NO_1529,Skodje,3049,2399,4,12,462,36,10,138,285,126,659,578,0,31,0,1,38,7,0,0,0,0,0,0,0
NO_1531,Sula,5879,4585,12,19,952,70,10,125,583,184,1245,1185,3,112,0,3,50,13,0,0,0,0,0,0,0
NO_1532,Giske,5213,4140,6,10,684,31,6,184,792,270,1193,803,2,84,0,3,46,16,0,0,0,0,0,0,0
NO_1534,Haram,6248,4828,1,20,1002,71,12,429,505,294,1393,940,6,70,0,9,42,14,0,0,0,0,0,0,0
NO_1535,Vestnes,4819,3647,2,9,673,77,6,527,274,192,958,793,7,54,0,11,46,9,0,0,0,0,0,0,0
NO_1539,Rauma,5552,4118,7,22,1034,143,24,542,338,175,910,796,2,23,0,4,64,12,0,0,0,0,0,0,0
NO_1543,Nesset,2327,1700,4,4,524,27,6,256,106,57,374,307,3,12,0,0,13,3,0,0,0,0,0,0,0
NO_1545,Midsund,1380,1068,0,4,159,11,3,103,81,64,407,210,0,12,0,1,8,1,0,0,0,0,0,0,0
NO_1546,Sandøy,905,708,0,4,173,12,0,32,68,55,251,89,0,8,0,3,7,2,0,0,0,0,0,0,0
NO_1547,Aukra,2357,1799,1,9,410,52,4,128,188,103,514,338,0,22,0,1,12,8,0,0,0,0,0,0,0
NO_1548,Fræna,7044,5249,3,17,1017,79,20,596,493,188,1473,1211,4,54,0,6,55,16,0,0,0,0,0,0,0
NO_1551,Eide,2473,1905,2,4,486,29,7,202,108,84,518,417,2,21,0,3,12,6,0,0,0,0,0,0,0
NO_1554,Averøy,4107,3134,14,10,927,63,11,274,222,254,618,677,0,16,0,6,22,10,0,0,0,0,0,0,0
NO_1557,Gjemnes,1898,1467,1,10,397,34,3,307,143,66,230,227,2,10,0,0,24,3,0,0,0,0,0,0,0
NO_1560,Tingvoll,2306,1785,4,9,571,49,8,332,120,107,258,258,0,15,0,1,37,7,0,0,0,0,0,0,0
NO_1563,Sunndal,5453,4268,3,10,2215,135,23,352,154,164,610,534,0,9,0,2,31,16,0,0,0,0,0,0,0
NO_1566,Surnadal,4589,3358,8,11,1260,54,13,939,127,56,456,353,1,13,0,5,42,9,0,0,0,0,0,0,0
NO_1567,Rindal,1598,1231,0,5,427,10,7,458,60,21,143,78,0,1,0,0,13,3,0,0,0,0,0,0,0
NO_1571,Halsa,1252,952,1,4,298,18,9,242,38,29,177,107,1,2,0,0,20,2,0,0,0,0,0,0,0
NO_1573,Smøla,1645,1263,6,9,440,24,1,147,49,111,248,180,0,27,0,2,7,3,0,0,0,0,0,0,0
NO_1576,Aure,2625,1998,3,11,612,28,9,348,116,130,380,290,3,8,0,2,42,5,0,0,0,0,0,0,0
NO_1601,Trondheim,131524,106728,187,446,38889,7572,1302,2695,3233,6690,25560,13225,136,231,60,70,4298,641,912,68,0,67,0,0,0
NO_1612,Hemne,3182,2382,2,3,1044,37,6,305,109,77,410,314,0,12,3,1,42,3,9,0,0,2,0,0,0
NO_1613,Snillfjord,768,594,0,3,186,11,3,155,48,16,79,71,0,1,3,2,7,0,6,0,0,0,0,0,0
NO_1617,Hitra,3027,2211,1,9,655,91,10,121,77,78,468,507,0,13,4,1,43,6,115,2,0,1,0,0,0
NO_1620,Frøya,2986,2096,0,10,838,82,6,75,74,121,429,376,2,10,0,5,29,9,20,0,0,0,0,0,0
NO_1621,Ørland,3944,2956,0,20,800,81,15,337,104,91,848,533,1,2,2,5,46,12,37,0,0,2,0,0,0
NO_1622,Agdenes,1323,1020,0,3,311,22,1,193,45,19,219,166,0,6,5,1,13,1,12,0,0,0,0,0,0
NO_1624,Rissa,4840,3680,3,13,1074,106,14,564,213,138,704,610,10,14,4,3,85,6,101,1,0,4,0,0,0
NO_1627,Bjugn,3565,2614,6,9,793,89,18,286,151,87,494,556,4,12,1,2,50,6,40,1,0,0,0,0,0
NO_1630,Åfjord,2552,1920,1,9,527,36,7,323,176,64,346,327,1,11,1,2,54,6,17,3,0,0,0,0,0
NO_1632,Roan,780,587,1,3,174,22,3,94,36,21,106,99,0,4,2,5,8,1,5,0,0,0,0,0,0
NO_1633,Osen,787,600,0,4,215,20,5,106,28,21,61,107,0,2,0,0,14,7,6,0,0,0,0,0,0
NO_1634,Oppdal,5052,3936,2,22,1308,114,7,634,257,183,827,452,2,16,5,2,63,4,13,2,0,1,0,0,0
NO_1635,Rennebu,1999,1540,0,6,486,43,4,338,199,80,199,140,0,4,2,0,29,1,3,0,0,0,0,0,0
NO_1636,Meldal,3039,2343,1,19,1073,39,7,424,84,64,298,236,4,9,8,4,23,8,18,5,0,0,0,0,0
NO_1638,Orkdal,8628,6556,7,29,2727,221,27,555,250,289,1141,1033,15,25,3,3,85,22,90,1,0,4,0,0,0
NO_1640,Røros,4339,3507,1,23,1552,234,76,405,52,151,594,272,0,2,1,1,79,18,19,0,0,4,0,0,0
NO_1644,Holtålen,1590,1322,0,3,499,47,7,471,14,15,127,107,2,2,1,1,11,2,10,0,0,0,0,0,0
NO_1648,Midtre Gauldal,4403,3402,0,14,1221,62,6,753,212,100,450,464,10,19,2,6,37,9,19,1,0,3,0,0,0
NO_1653,Melhus,11441,9193,8,46,3238,274,51,979,579,309,1849,1508,4,64,12,9,150,20,45,1,0,1,0,0,0
NO_1657,Skaun,5205,4189,0,19,1493,155,25,535,208,171,752,671,5,27,2,7,62,14,24,0,0,0,0,0,0
NO_1662,Klæbu,4152,3312,0,17,1143,177,14,186,141,163,742,560,8,10,4,2,88,17,18,2,0,3,0,0,0
NO_1663,Malvik,9250,7560,6,29,3014,339,37,312,219,401,1715,1148,4,24,2,7,187,37,41,5,0,4,0,0,0
NO_1664,Selbu,3084,2358,0,16,898,98,12,363,50,75,453,313,2,2,2,0,36,7,8,6,0,1,0,0,0
NO_1665,Tydal,689,541,1,2,193,20,4,142,3,36,59,76,0,0,0,0,1,0,2,0,0,0,0,0,0
NO_1702,Steinkjer,16229,12503,10,50,5426,358,67,2438,228,497,1710,1407,12,15,5,10,197,23,0,0,0,0,0,0,0
NO_1703,Namsos,9558,7159,1,30,3247,338,47,449,247,383,1172,1034,2,26,23,9,101,20,0,0,0,0,0,0,0
NO_1711,Meråker,1915,1373,1,2,589,63,11,200,24,72,175,210,0,2,0,2,15,5,0,0,0,0,0,0,0
NO_1714,Stjørdal,16445,12946,23,74,5154,400,82,1486,457,560,2494,1791,4,58,21,19,190,59,0,0,0,0,0,0,0
NO_1717,Frosta,1923,1530,3,11,489,36,6,339,93,78,264,164,2,8,2,0,16,8,0,0,0,0,0,0,0
NO_1718,Leksvik,2654,1999,0,5,637,58,7,350,115,81,370,341,2,9,0,1,16,2,0,0,0,0,0,0,0
NO_1719,Levanger,14093,11132,12,43,4659,459,54,1688,691,410,1523,1269,3,52,17,8,173,28,0,0,0,0,0,0,0
NO_1721,Verdal,10860,8254,12,46,3919,225,51,1192,171,220,1044,1191,2,16,9,4,85,21,0,0,0,0,0,0,0
NO_1724,Verran,1903,1420,7,6,586,20,2,202,50,121,178,222,1,4,2,0,12,1,0,0,0,0,0,0,0
NO_1725,Namdalseid,1311,1023,1,4,370,26,7,274,40,51,101,124,0,7,3,1,8,2,0,0,0,0,0,0,0
NO_1736,Snåsa,1682,1343,0,4,505,65,10,475,17,44,113,79,1,0,0,0,23,3,0,0,0,0,0,0,0
NO_1738,Lierne,1056,740,0,1,303,6,5,212,26,26,68,85,1,1,0,1,4,0,0,0,0,0,0,0,0
NO_1739,Røyrvik,379,320,2,2,143,7,0,72,15,15,28,26,0,5,0,0,3,0,0,0,0,0,0,0,0
NO_1740,Namsskogan,727,559,8,5,251,29,5,89,17,14,56,69,1,0,2,1,6,1,0,0,0,0,0,0,0
NO_1742,Grong,1799,1485,0,6,602,72,14,389,18,46,159,135,0,5,1,1,29,2,0,0,0,0,0,0,0
NO_1743,Høylandet,924,770,0,3,338,12,1,269,15,28,44,48,0,1,1,0,7,0,0,0,0,0,0,0,0
NO_1744,Overhalla,2718,2206,0,10,916,71,6,533,23,94,224,281,0,4,3,4,20,7,0,0,0,0,0,0,0
NO_1748,Fosnes,501,398,4,1,131,11,3,137,23,5,32,40,0,1,1,0,7,1,0,0,0,0,0,0,0
NO_1749,Flatanger,858,668,0,3,225,28,5,101,30,43,103,113,0,7,1,0,5,1,0,0,0,0,0,0,0
NO_1750,Vikna,3072,2282,2,8,822,59,6,254,105,133,402,399,1,39,5,7,24,8,0,0,0,0,0,0,0
NO_1751,Nærøy,3823,2706,0,15,931,90,13,528,135,99,383,444,0,17,1,7,21,7,0,0,0,0,0,0,0
NO_1755,Leka,452,355,2,1,107,14,1,145,1,11,26,39,1,0,1,3,1,1,0,0,0,0,0,0,0
NO_1756,Inderøy,5039,4106,3,13,1704,149,20,974,166,127,459,358,5,6,9,3,88,9,0,0,0,0,0,0,0
NO_1804,Bodø,36310,28796,39,145,8507,1632,566,901,1007,1166,7664,5743,24,109,0,56,777,135,74,0,8,21,0,77,0
NO_1805,Narvik,13728,10250,11,42,3701,433,182,266,355,317,2557,2036,3,30,0,13,168,37,29,0,1,7,0,20,0
NO_1811,Bindal,1225,1001,4,7,464,49,6,147,35,26,99,122,0,9,0,3,17,1,5,0,0,0,0,0,0
NO_1812,Sømna,1556,1201,0,4,398,42,13,319,63,29,129,166,0,6,0,3,17,3,2,0,0,0,0,3,0
NO_1813,Brønnøy,5811,4222,0,24,1640,194,49,403,111,150,807,669,2,32,0,14,79,13,6,0,1,1,0,3,0
NO_1815,Vega,974,773,0,1,299,50,12,137,20,33,92,93,0,1,0,8,16,1,6,0,2,1,0,0,0
NO_1816,Vevelstad,380,286,0,2,105,12,5,72,8,8,25,35,0,1,0,3,6,0,2,0,0,0,0,0,0
NO_1818,Herøy (Nordl.),1265,886,0,0,372,26,8,76,22,19,153,164,0,4,0,9,23,2,4,0,0,0,0,4,0
NO_1820,Alstahaug,5468,3924,7,24,1497,147,84,340,95,130,758,700,3,8,0,20,53,13,14,0,2,1,0,4,0
NO_1822,Leirfjord,1631,1204,2,4,433,81,12,204,35,26,157,203,0,5,0,5,29,0,1,0,2,0,0,1,0
NO_1824,Vefsn,10210,7575,16,44,2964,260,257,579,206,243,1290,1429,6,48,0,10,117,16,28,0,3,1,0,14,0
NO_1825,Grane,1134,862,0,2,394,13,8,173,16,5,100,123,0,5,0,1,12,2,4,0,1,1,0,0,0
NO_1826,Hattfjelldal,1096,875,2,3,295,28,9,330,18,8,63,97,1,4,0,1,8,1,3,0,1,0,0,0,0
NO_1827,Dønna,1083,789,1,1,297,47,12,151,32,8,93,105,0,3,0,19,13,2,1,0,1,1,0,1,0
NO_1828,Nesna,1315,1007,8,8,282,100,20,124,44,40,188,141,0,2,0,2,33,4,1,0,1,0,0,1,0
NO_1832,Hemnes,3522,2708,13,10,1026,149,39,350,70,73,439,415,0,12,0,2,51,13,4,0,20,4,0,8,0
NO_1833,Rana,19531,14756,16,80,6772,881,226,563,335,388,2676,2307,1,43,0,12,257,47,34,0,18,5,0,15,0
NO_1834,Lurøy,1443,1141,1,3,352,42,5,137,66,37,225,217,0,12,0,17,17,4,0,0,2,0,0,1,0
NO_1835,Træna,312,233,0,5,67,13,2,42,26,5,28,35,0,0,0,1,3,0,0,0,0,0,0,1,0
NO_1836,Rødøy,942,734,0,4,196,18,8,137,80,1,104,134,1,10,0,24,6,4,0,0,1,0,0,2,0
NO_1837,Meløy,4892,3492,1,16,1062,131,27,213,258,113,751,780,1,44,0,5,48,12,9,0,1,0,0,4,0
NO_1838,Gildeskål,1530,1167,4,8,365,50,12,104,66,40,202,248,0,16,0,1,34,3,2,0,1,0,0,3,0
NO_1839,Beiarn,898,673,5,6,266,24,6,135,26,8,88,88,0,3,0,0,12,0,0,0,0,0,0,0,0
NO_1840,Saltdal,3643,2791,14,26,1023,115,33,165,110,82,596,527,0,6,0,0,52,9,1,0,1,3,0,2,0
NO_1841,Fauske,7350,5537,9,31,2158,235,95,224,190,159,1178,1060,3,14,0,6,94,20,20,0,2,2,0,6,0
NO_1845,Sørfold,1534,1189,5,3,536,44,16,95,27,26,202,197,0,8,0,1,7,3,11,0,0,1,0,4,0
NO_1848,Steigen,1979,1457,1,6,433,76,52,196,66,55,186,273,0,13,0,4,33,1,52,0,0,0,0,4,0
NO_1849,Hamarøy,1368,1040,5,8,271,69,19,96,34,87,198,204,2,5,0,2,22,3,4,0,1,2,0,0,0
NO_1850,Tysfjord,1562,1214,2,4,407,58,8,69,83,40,234,259,1,9,0,0,29,3,4,0,0,0,0,0,0
NO_1851,Lødingen,1652,1325,6,6,376,81,9,75,30,81,313,289,1,4,0,2,34,2,3,0,0,2,0,5,0
NO_1852,Tjeldsund,1041,795,1,4,237,15,2,56,34,23,210,188,0,4,0,2,10,3,1,0,0,0,0,1,0
NO_1853,Evenes,1047,798,1,4,222,39,8,91,30,26,194,158,0,2,0,0,14,2,1,0,0,0,0,2,0
NO_1854,Ballangen,1986,1418,1,5,412,30,7,141,98,40,313,295,0,15,0,1,26,18,3,0,7,1,0,0,0
NO_1856,Røst,438,299,2,0,129,21,1,17,5,20,49,45,0,0,0,4,1,2,2,0,1,0,0,0,0
NO_1857,Værøy,521,366,0,3,99,18,2,27,33,9,60,87,0,13,0,3,4,1,0,0,0,0,0,4,0
NO_1859,Flakstad,1031,701,1,2,191,55,3,152,28,30,91,102,0,5,0,8,22,1,2,0,3,0,0,3,0
NO_1860,Vestvågøy,8014,5684,9,17,1540,335,54,526,386,235,1254,1052,3,84,0,20,117,6,11,0,1,1,0,16,0
NO_1865,Vågan,6671,4761,7,20,1481,307,111,241,120,293,1167,811,0,11,0,41,84,17,13,0,2,0,0,15,0
NO_1866,Hadsel,6042,4378,3,26,1522,246,63,258,134,324,729,893,0,16,0,4,88,15,15,0,1,1,0,14,0
NO_1867,Bø (Nordl.),2095,1523,3,10,480,73,6,146,45,79,250,362,1,16,0,7,22,1,8,0,1,0,0,3,0
NO_1868,Øksnes,3307,2284,7,18,699,145,16,155,124,89,418,494,2,23,0,27,29,3,10,0,1,0,0,6,0
NO_1870,Sortland,7383,5395,5,25,1628,361,76,325,202,211,1276,1063,4,24,0,18,105,16,19,0,3,1,0,8,0
NO_1871,Andøy,3755,2825,8,11,973,118,14,234,95,130,582,524,1,13,0,23,59,12,6,0,1,1,0,9,0
NO_1874,Moskenes,789,518,3,0,172,44,1,45,18,26,83,87,0,6,0,22,5,0,1,0,1,0,0,4,0
NO_1902,Tromsø,50737,39485,24,251,11875,3707,1142,1116,1429,2075,9410,6286,24,115,32,184,1290,240,0,0,0,34,0,0,0
NO_1903,Harstad,18218,13561,38,79,4284,537,144,664,422,519,3081,3274,4,37,13,28,297,55,0,0,0,6,0,0,0
NO_1911,Kvæfjord,2254,1631,1,6,461,108,23,196,53,96,284,343,0,6,4,5,33,5,0,0,0,1,0,0,0
NO_1913,Skånland,2247,1695,1,6,579,65,15,87,49,56,410,377,0,5,0,1,28,9,0,0,0,1,0,0,0
NO_1917,Ibestad,1142,838,0,4,256,20,6,95,25,27,188,192,0,11,2,4,3,1,0,0,0,0,0,0,0
NO_1919,Gratangen,844,608,0,1,214,23,3,89,24,9,94,127,0,4,0,3,15,0,0,0,0,1,0,0,0
NO_1920,Lavangen,780,625,2,7,236,9,1,97,32,5,114,108,0,0,0,0,5,1,0,0,0,1,0,0,0
NO_1922,Bardu,2934,2268,2,5,786,55,15,284,31,80,659,306,2,6,0,1,23,6,0,0,0,2,0,0,0
NO_1923,Salangen,1654,1237,0,7,413,78,15,180,49,24,231,208,0,2,2,2,14,5,0,0,0,0,0,0,0
NO_1924,Målselv,5054,3670,4,22,1149,133,23,505,95,192,793,637,1,10,2,3,69,8,0,0,0,2,0,0,0
NO_1925,Sørreisa,2529,1910,0,8,598,66,8,319,78,46,373,376,1,1,3,3,14,5,0,0,0,3,0,0,0
NO_1926,Dyrøy,949,736,1,1,221,27,4,133,32,12,117,171,0,1,0,2,11,1,0,0,0,1,0,0,0
NO_1927,Tranøy,1171,882,0,1,301,38,9,89,29,39,166,181,0,3,0,1,17,1,0,0,0,6,0,0,0
NO_1928,Torsken,689,522,0,2,216,17,3,62,18,3,96,85,0,0,0,17,1,0,0,0,0,0,0,0,0
NO_1929,Berg,686,513,1,0,189,26,4,32,22,16,81,129,0,0,0,6,6,0,0,0,0,1,0,0,0
NO_1931,Lenvik,8299,5884,9,16,1600,186,42,529,308,196,1240,1549,2,29,13,44,82,14,0,0,0,9,0,0,0
NO_1933,Balsfjord,4303,3133,2,20,990,110,38,340,161,65,550,720,2,28,8,27,46,5,0,0,0,1,0,0,0
NO_1936,Karlsøy,1784,1259,1,4,396,58,15,82,49,28,189,365,0,8,0,35,21,2,0,0,0,2,0,0,0
NO_1938,Lyngen,2327,1719,1,4,511,64,15,125,136,33,385,375,0,7,1,11,41,5,0,0,0,1,0,0,0
NO_1939,Storfjord,1435,1099,0,11,388,58,12,65,43,30,177,245,0,7,0,5,41,4,0,0,0,2,0,0,0
NO_1940,Gáivuotna Kåfjord,1754,1238,0,4,362,47,32,161,137,17,147,224,0,25,4,21,52,0,0,0,0,1,0,0,0
NO_1941,Skjervøy,2145,1510,8,8,393,74,12,116,195,41,282,298,0,6,6,30,29,3,0,0,0,1,0,0,0
NO_1942,Nordreisa,3691,2619,1,17,794,152,23,232,200,70,476,551,1,7,2,18,46,10,0,0,0,2,0,0,0
NO_1943,Kvænangen,986,704,0,6,224,30,4,38,42,8,120,188,0,4,0,26,6,2,0,0,0,0,0,0,0
NO_2002,Vardø,1606,1179,12,11,520,56,9,25,14,41,169,247,3,3,1,37,16,4,0,0,0,0,0,0,0
NO_2003,Vadsø,4284,3313,8,29,1474,239,36,67,89,114,785,290,2,28,1,23,82,17,0,0,0,0,0,0,0
NO_2004,Hammerfest,7031,5055,9,54,2453,219,47,94,103,74,965,751,6,31,0,58,111,25,0,0,0,0,0,0,1
NO_2011,Guovdageaidnu Kautokeino,2193,1482,4,18,357,49,15,78,135,128,372,113,1,37,14,0,58,11,0,0,0,0,0,0,74
NO_2012,Alta,13683,9734,8,63,3114,419,93,229,364,580,1850,2007,2,104,6,200,229,33,0,0,0,0,0,0,370
NO_2014,Loppa,802,575,1,2,208,31,2,18,14,17,109,109,0,5,0,40,15,0,0,0,0,0,0,0,2
NO_2015,Hasvik,682,484,1,2,237,10,2,53,7,5,77,63,1,5,0,4,13,1,0,0,0,0,0,0,1
NO_2017,Kvalsund,826,588,1,4,229,32,6,18,16,12,116,129,0,1,4,7,6,3,0,0,0,0,0,0,0
NO_2018,Måsøy,904,607,0,8,248,9,7,62,10,10,139,95,0,0,0,6,4,1,0,0,0,0,0,0,0
NO_2019,Nordkapp,2340,1639,5,6,727,105,10,39,16,30,370,281,1,10,1,12,13,5,0,0,0,0,0,0,2
NO_2020,Porsanger - Porsángu - Porsanki,3037,2162,4,10,780,91,19,74,62,43,593,377,0,26,2,19,41,10,0,0,0,0,0,0,1
NO_2021,Kárásjohka Karasjok,2036,1429,6,17,583,57,12,162,65,77,259,79,2,16,1,3,57,8,0,0,0,0,0,0,8
NO_2022,Lebesby,951,690,3,6,237,37,12,38,38,15,123,130,1,7,1,16,18,1,0,0,0,0,0,0,1
NO_2023,Gamvik,736,518,4,3,238,27,1,16,7,17,67,103,0,3,0,15,10,3,0,0,0,0,0,0,1
NO_2024,Berlevåg,776,538,5,7,242,26,3,7,5,10,125,76,0,0,0,11,11,2,0,0,0,0,0,0,1
NO_2025,Deatnu Tana,2162,1623,2,9,593,97,10,158,47,32,395,179,2,17,6,13,51,1,0,0,0,0,0,0,2
NO_2027,Unjárga Nesseby,703,522,0,4,197,83,8,36,15,14,81,56,0,6,0,3,13,0,0,0,0,0,0,0,2
NO_2028,Båtsfjord,1406,995,4,9,439,22,3,14,4,10,330,123,1,4,0,13,6,4,0,0,0,0,0,0,0
NO_2030,Sør-Varanger,7152,5200,17,28,2127,343,56,215,106,130,1107,830,1,32,4,70,90,15,0,0,0,0,0,0,1
