gisco_id,name,registered,turnout,invalid,blank,Arbeiderpartiet,SV - Sosialistisk Venstreparti,Rødt,Senterpartiet,Kristelig Folkeparti,Miljøpartiet De Grønne,Venstre,Høyre,Fremskrittspartiet,Alliansen - Alternativ for Norge,Demokratene,Folkeaksjonen Nei til mer bompenger,Helsepartiet,Industri- og Næringspartiet,Partiet De Kristne,Kystpartiet,Liberalistene,Norges Kommunistiske Parti,Piratpartiet,Pensjonistpartiet,Partiet Sentrum,Feministisk Initiativ,Generasjonspartiet,Redd Naturen,Pasientfokus
NO_0301,Oslo,485801,383078,149,1682,87158,50382,31352,11953,6922,32198,38142,89342,22784,232,2585,1072,593,234,474,64,665,123,336,1312,1367,275,0,0,0
NO_1101,Eigersund,10717,8327,25,59,1832,341,222,1099,650,142,226,1831,1574,7,81,5,9,58,28,0,10,0,9,37,23,0,0,0,0
NO_1103,Stavanger,98755,78308,131,445,19913,5299,4160,4225,3665,2697,3939,21345,9663,72,585,118,154,361,228,0,101,0,62,413,287,0,0,0,0
NO_1106,Haugesund,26775,20312,25,119,5285,1180,786,1162,813,578,804,5230,3262,16,260,9,44,219,80,0,47,0,29,213,32,0,0,0,0
NO_1108,Sandnes,53547,41326,118,296,9507,2028,1511,3408,3331,1003,1525,9429,7242,36,420,72,83,228,217,0,84,0,30,221,241,0,0,0,0
NO_1111,Sokndal,2409,1963,4,8,333,42,58,289,313,13,34,331,439,0,19,2,2,14,41,0,3,0,4,3,3,0,0,0,0
NO_1112,Lund,2330,1795,0,11,296,27,33,403,285,27,38,236,335,2,29,0,4,12,35,0,1,0,0,5,5,0,0,0,0
NO_1114,Bjerkreim,1940,1631,0,10,177,42,27,571,253,14,30,236,219,1,13,0,4,7,9,0,0,0,1,3,4,0,0,0,0
NO_1119,Hå,12632,10140,20,50,1397,258,204,2133,1706,100,122,1734,1992,6,103,12,10,27,125,0,19,0,7,40,25,0,0,0,0
NO_1120,Klepp,13559,10732,2,71,1754,418,262,1606,1242,134,206,2162,2448,10,122,12,11,44,60,0,16,0,6,38,37,0,0,0,0
NO_1121,Time,13536,11044,8,81,2151,622,229,1656,1163,181,283,2532,1709,7,91,9,16,42,80,0,29,0,6,39,29,0,0,0,0
NO_1122,Gjesdal,8056,6385,14,40,1403,265,172,945,790,118,113,1129,1125,3,80,7,17,27,37,0,20,0,0,17,23,0,0,0,0
NO_1124,Sola,18206,14616,6,94,2789,538,376,1187,946,273,519,4399,2922,8,126,32,38,94,44,0,25,0,7,58,41,0,0,0,0
NO_1127,Randaberg,8026,6572,16,45,1360,244,186,576,784,117,211,1751,1058,4,44,13,10,25,24,0,11,0,9,25,14,0,0,0,0
NO_1130,Strand,9265,7350,12,36,1380,251,249,936,1007,106,172,1537,1333,1,92,4,10,53,86,0,3,0,4,20,22,0,0,0,0
NO_1133,Hjelmeland,1751,1440,1,8,211,73,43,503,168,21,19,195,141,1,12,1,4,8,8,0,0,0,1,6,8,0,0,0,0
NO_1134,Suldal,2727,2263,3,8,417,132,102,827,202,41,39,226,192,2,15,1,4,11,12,0,3,0,1,5,12,0,0,0,0
NO_1135,Sauda,3408,2726,8,13,866,163,131,638,106,48,35,353,264,4,29,1,4,20,16,0,3,0,1,6,4,0,0,0,0
NO_1144,Kvitsøy,395,341,0,0,88,13,6,35,76,6,3,51,59,1,0,0,0,0,2,0,0,0,0,1,0,0,0,0,0
NO_1145,Bokn,650,562,0,7,101,14,8,187,22,4,4,108,79,0,10,0,2,3,2,0,1,0,0,1,2,0,0,0,0
NO_1146,Tysvær,7923,6436,9,29,1315,249,188,1156,442,102,151,1234,1216,5,107,3,16,68,45,0,8,0,3,38,23,0,0,0,0
NO_1149,Karmøy,30744,23275,15,148,4525,871,573,1991,2517,361,524,5123,5313,24,350,13,54,302,179,0,35,0,18,129,62,0,0,0,0
NO_1151,Utsira,147,133,0,1,55,5,1,31,2,0,4,22,9,0,0,0,0,1,0,0,0,0,0,1,0,0,0,0,0
NO_1160,Vindafjord,6030,4817,3,24,814,186,93,1391,376,66,105,798,788,2,46,2,4,22,42,0,5,0,4,8,14,0,0,0,0
NO_1505,Kristiansund,18122,13582,16,107,3055,891,1277,3718,132,346,315,857,2301,14,167,6,30,118,20,0,19,0,0,70,16,0,0,0,0
NO_1506,Molde,23611,18461,8,89,3749,1697,509,1999,931,765,647,4758,2742,8,134,9,24,63,83,0,25,0,0,89,43,0,0,0,0
NO_1507,Ålesund,47115,36972,92,273,7262,2157,1082,3786,2147,1051,1305,6983,9186,28,433,28,71,209,212,0,49,0,0,257,88,0,0,0,0
NO_1511,Vanylven,2463,1991,1,9,277,58,46,411,106,23,132,197,609,0,27,0,25,24,22,0,3,0,0,10,2,0,0,0,0
NO_1514,Sande (Møre og Romsdal),1628,1316,0,4,227,44,32,234,54,6,32,236,397,1,18,0,0,15,10,0,1,0,0,0,1,0,0,0,0
NO_1515,Herøy (Møre og Romsdal),6290,4886,6,27,763,155,69,520,440,59,89,912,1560,4,78,3,8,91,48,0,4,0,0,20,3,0,0,0,0
NO_1516,Ulstein,5969,4821,13,22,903,215,82,587,375,91,165,1072,1077,3,48,1,4,54,41,0,4,0,0,24,18,0,0,0,0
NO_1517,Hareid,3503,2759,4,12,538,117,65,377,137,38,110,446,751,7,56,3,4,33,21,0,6,0,0,16,6,0,0,0,0
NO_1520,Ørsta,7991,6319,11,45,1153,383,166,1647,258,123,149,722,1359,4,95,4,15,49,33,0,4,0,0,39,15,0,0,0,0
NO_1525,Stranda,3082,2413,1,14,400,117,52,610,123,42,48,271,668,5,13,3,2,9,5,0,1,0,0,13,2,0,0,0,0
NO_1528,Sykkylven,5500,4247,3,27,749,218,90,658,229,61,116,707,1214,3,49,3,6,32,27,0,5,0,0,16,7,0,0,0,0
NO_1531,Sula,6398,5073,18,44,930,262,98,404,462,91,101,820,1617,1,50,2,6,20,51,0,10,0,0,32,10,0,0,0,0
NO_1532,Giske,5834,4695,1,21,706,208,104,459,738,94,142,807,1210,2,64,2,7,33,38,0,3,0,0,21,14,0,0,0,0
NO_1535,Vestnes,5112,3963,9,23,549,405,94,667,161,58,62,561,1227,3,40,0,5,25,12,0,3,0,0,27,9,0,0,0,0
NO_1539,Rauma,5171,3977,4,17,804,308,93,743,157,140,97,602,857,4,57,0,17,15,10,0,7,0,0,23,5,0,0,0,0
NO_1547,Aukra,2459,1925,0,8,390,94,31,333,133,39,58,584,185,0,32,0,2,7,9,0,0,0,0,9,3,0,0,0,0
NO_1554,Averøy,4220,3195,0,15,703,146,112,783,117,54,107,239,755,1,67,3,8,32,13,0,3,0,0,13,9,0,0,0,0
NO_1557,Gjemnes,1957,1545,1,11,296,94,44,542,62,18,29,144,244,3,15,0,4,6,7,0,0,0,0,12,2,0,0,0,0
NO_1560,Tingvoll,2258,1827,3,7,396,89,65,617,56,53,37,103,323,4,27,2,4,20,1,0,3,0,0,5,5,0,0,0,0
NO_1563,Sunndal,5443,4234,7,18,1630,300,126,890,76,86,116,351,481,14,31,1,4,54,4,0,3,0,0,15,9,0,0,0,0
NO_1566,Surnadal,4602,3450,9,17,976,153,84,1343,71,64,40,258,353,0,22,1,1,12,5,0,3,0,0,13,8,0,0,0,0
NO_1573,Smøla,1568,1265,1,15,252,70,46,485,27,11,18,95,184,1,13,0,1,8,11,0,1,0,0,9,2,0,0,0,0
NO_1576,Aure,2602,2138,0,13,428,85,120,757,58,25,34,183,338,1,32,1,4,26,9,0,2,0,0,7,2,0,0,0,0
NO_1577,Volda,7967,6581,12,49,1240,679,245,1485,438,238,244,723,944,9,56,4,7,51,64,0,3,0,0,11,30,0,0,0,0
NO_1578,Fjord,1844,1446,6,8,230,113,37,446,48,20,16,194,281,0,12,0,4,6,9,0,2,0,0,5,1,0,0,0,0
NO_1579,Hustadvika,9707,7433,6,41,1322,283,164,1437,369,101,155,1298,1883,6,116,3,17,84,47,0,11,0,0,34,15,0,0,0,0
NO_1804,Bodø,39444,30499,51,234,8433,2533,1676,3190,616,1118,1387,6542,3727,13,315,0,86,54,57,0,43,9,16,127,38,0,0,0,0
NO_1806,Narvik,16262,11760,5,84,3641,913,544,1988,260,228,198,1845,1662,9,129,0,30,25,12,0,29,5,12,47,10,0,0,0,0
NO_1811,Bindal,1105,944,0,3,302,45,35,351,20,20,13,71,56,0,13,0,5,0,1,0,1,0,1,4,0,0,0,0,0
NO_1812,Sømna,1545,1254,0,1,276,64,69,627,17,7,14,59,99,0,5,0,3,4,2,0,1,0,0,3,2,0,0,0,0
NO_1813,Brønnøy,5948,4463,14,22,1293,291,272,1213,54,80,81,444,526,4,49,0,7,49,6,0,9,3,3,14,7,0,0,0,0
NO_1815,Vega,947,765,0,2,220,45,35,284,6,13,7,48,78,1,6,0,0,10,1,0,0,0,0,6,1,0,0,0,0
NO_1816,Vevelstad,379,290,0,0,79,9,15,123,6,2,2,16,35,0,0,0,0,1,0,0,0,0,1,1,0,0,0,0,0
NO_1818,Herøy (Nordland),1251,906,0,4,290,41,32,250,9,8,3,116,117,0,12,0,3,11,3,0,0,1,0,1,1,0,0,0,0
NO_1820,Alstahaug,5580,4025,5,19,1048,245,299,1261,32,66,55,385,449,6,61,0,10,30,4,0,4,0,1,22,4,0,0,0,0
NO_1822,Leirfjord,1652,1276,0,2,333,87,78,482,14,14,4,60,170,2,16,0,0,7,3,0,1,0,1,0,0,0,0,0,0
NO_1824,Vefsn,10342,7607,13,51,2389,428,527,1643,102,139,107,602,1300,7,110,0,41,14,26,0,11,1,11,22,12,0,0,0,0
NO_1825,Grane,1102,858,0,4,287,23,42,291,7,5,6,61,104,0,15,0,0,4,1,0,0,0,0,1,3,0,0,0,0
NO_1826,Aarborte - Hattfjelldal,1009,832,1,3,257,37,33,378,7,5,3,33,50,0,12,0,2,2,2,0,0,0,0,2,2,0,0,0,0
NO_1827,Dønna,1071,832,0,3,196,59,56,321,5,10,4,70,82,1,8,0,1,2,4,0,1,2,1,2,1,0,0,0,0
NO_1828,Nesna,1232,989,1,4,235,86,71,361,19,17,7,69,76,1,22,0,3,5,0,0,3,0,0,3,2,0,0,0,0
NO_1832,Hemnes,3420,2641,4,15,790,168,195,738,32,43,38,321,214,3,29,0,5,13,4,0,1,1,5,4,3,0,0,0,0
NO_1833,Rana,20209,14900,22,100,5842,1005,900,2020,176,292,354,2732,906,17,174,0,17,97,20,0,14,0,18,78,16,0,0,0,0
NO_1834,Lurøy,1420,1103,0,9,267,49,59,314,23,15,14,159,153,0,13,0,0,4,5,0,3,0,1,5,1,0,0,0,0
NO_1835,Træna,291,227,3,1,45,11,8,92,9,3,1,14,34,0,2,0,2,0,0,0,0,0,0,1,0,0,0,0,0
NO_1836,Rødøy,912,715,0,3,138,26,32,278,37,9,8,67,84,2,12,0,1,3,7,0,1,0,1,0,3,0,0,0,0
NO_1837,Meløy,4740,3462,1,33,874,170,101,760,173,40,65,508,525,1,74,0,13,41,16,0,6,3,3,21,1,0,0,0,0
NO_1838,Gildeskål,1469,1149,5,6,283,51,64,257,39,27,16,187,152,0,17,0,4,3,13,0,1,0,2,14,2,0,0,0,0
NO_1839,Beiarn,825,650,3,3,170,19,18,263,4,7,5,53,78,1,8,0,1,1,1,0,2,0,2,6,2,0,0,0,0
NO_1840,Saltdal,3559,2728,6,22,772,135,111,791,48,29,37,288,386,2,17,0,3,19,8,0,4,0,2,19,7,0,0,0,0
NO_1841,Fauske - Fuossko,7511,5570,3,34,1770,348,252,902,105,93,100,881,824,1,76,0,11,43,13,0,6,3,8,56,7,0,0,0,0
NO_1845,Sørfold,1451,1144,1,9,373,52,56,328,17,8,11,109,136,2,8,0,2,13,1,0,1,0,2,3,3,0,0,0,0
NO_1848,Steigen,1948,1484,0,8,326,144,73,481,34,33,34,138,159,1,22,0,2,3,10,0,1,0,1,5,1,0,0,0,0
NO_1851,Lødingen,1551,1201,0,5,314,80,39,287,8,16,17,157,238,3,12,0,4,1,1,0,1,0,3,5,5,0,0,0,0
NO_1853,Evenes - Evenášši,1031,831,1,3,236,44,39,173,31,13,13,126,116,0,18,0,5,7,1,0,1,0,0,1,0,0,0,0,0
NO_1856,Røst,389,286,0,2,86,5,15,79,1,3,10,50,26,0,5,0,1,0,0,0,0,0,0,0,1,0,0,0,0
NO_1857,Værøy,471,353,1,2,81,10,7,92,27,2,3,62,48,0,11,0,1,0,2,0,0,0,0,1,1,0,0,0,0
NO_1859,Flakstad,977,677,1,3,156,58,35,198,14,25,16,64,81,0,9,0,2,3,3,0,3,0,0,3,0,0,0,0,0
NO_1860,Vestvågøy,8476,6085,23,43,1371,475,209,1322,303,162,117,938,811,3,147,0,23,23,38,0,5,1,5,17,6,0,0,0,0
NO_1865,Vågan,6922,4906,2,32,1280,447,339,788,41,182,207,867,532,7,89,0,11,8,8,0,9,0,4,17,4,0,0,0,0
NO_1866,Hadsel,6132,4488,2,30,1170,331,304,1118,56,106,101,556,527,4,66,0,8,25,3,0,7,3,3,18,20,0,0,0,0
NO_1867,Bø (Nordland),2054,1538,0,9,294,109,44,446,30,14,30,276,236,0,23,0,2,4,6,0,0,0,2,1,3,0,0,0,0
NO_1868,Øksnes,3239,2296,5,25,545,140,93,574,76,22,41,270,359,2,60,0,4,12,8,0,1,1,4,14,15,0,0,0,0
NO_1870,Sortland - Suortá,7877,5658,7,44,1246,456,272,1379,88,143,114,909,756,3,86,0,17,29,14,0,2,4,11,19,15,0,0,0,0
NO_1871,Andøy,3559,2803,5,18,425,217,113,1495,40,69,43,119,174,3,27,0,4,4,4,0,2,1,2,13,7,0,0,0,0
NO_1874,Moskenes,715,478,0,3,103,44,20,126,10,10,5,65,70,0,9,0,3,1,2,0,0,0,0,3,1,0,0,0,0
NO_1875,Hábmer - Hamarøy,2080,1558,4,9,375,120,91,401,41,40,51,195,182,0,20,0,2,2,4,0,1,0,0,7,4,0,0,0,0
NO_3001,Halden,23818,17276,47,154,5299,1002,925,2446,623,598,458,2843,1915,17,252,17,29,21,108,0,40,0,17,292,19,0,0,0,0
NO_3002,Moss,36686,27842,15,241,8326,2166,1471,2321,525,1040,1201,6329,3017,32,329,38,69,38,63,0,46,0,23,249,62,0,0,0,0
NO_3003,Sarpsborg,42422,30151,31,300,10451,1558,1170,3679,1032,642,600,4840,4184,28,486,72,59,34,178,0,61,0,31,357,58,0,0,0,0
NO_3004,Fredrikstad,62299,45722,56,399,14892,3175,2362,4035,1403,1598,1449,8374,5728,52,522,100,104,67,146,0,67,0,50,673,71,0,0,0,0
NO_3005,Drammen,71680,52457,57,413,15523,3357,2086,4343,1346,1765,2273,12703,6420,47,694,63,177,93,134,0,84,0,40,199,227,0,0,0,0
NO_3006,Kongsberg,20178,15653,32,112,4487,966,486,2702,252,559,701,3052,1677,12,244,10,41,35,42,0,35,0,15,56,25,0,0,0,0
NO_3007,Ringerike,22818,17258,24,131,5068,1004,705,2930,303,452,483,3366,2077,21,237,13,48,30,38,0,52,0,18,82,45,0,0,0,0
NO_3011,Hvaler,3857,3086,4,12,862,183,158,356,60,96,85,705,446,2,42,3,8,7,11,0,1,0,3,28,2,0,0,0,0
NO_3012,Aremark,1065,879,0,4,159,24,26,396,63,8,12,88,73,0,8,0,3,0,5,0,1,0,0,4,1,0,0,0,0
NO_3013,Marker,2857,2236,12,21,623,61,56,717,133,26,48,261,191,0,26,0,4,1,11,0,6,0,1,14,3,0,0,0,0
NO_3014,Indre Østfold,32689,23782,28,213,5731,1164,831,5004,840,510,650,4454,3132,18,453,36,84,31,91,0,26,0,22,171,80,0,0,0,0
NO_3015,Skiptvet,2787,2109,0,12,469,78,70,638,92,34,36,269,295,3,60,3,2,5,10,0,1,0,2,13,5,0,0,0,0
NO_3016,Rakkestad,6108,4563,2,36,945,119,114,1677,257,66,45,554,540,10,61,5,12,10,35,0,6,0,0,13,20,0,0,0,0
NO_3017,Råde,5481,4309,12,36,962,167,126,834,277,94,99,936,566,6,45,6,9,9,24,0,4,0,4,45,12,0,0,0,0
NO_3018,Våler (Viken),3935,3050,0,23,626,143,109,746,109,70,88,558,440,4,64,5,10,7,6,0,4,0,2,10,3,0,0,0,0
NO_3019,Vestby,12815,9981,16,59,2678,716,454,955,179,507,553,2417,1068,12,141,11,22,14,28,0,14,0,9,57,11,0,1,0,0
NO_3020,Nordre Follo,42212,34600,92,202,8823,2662,1329,1961,844,1828,2586,9765,3210,34,285,48,116,46,42,0,62,0,29,297,127,0,10,0,0
NO_3021,Ås,13559,10983,17,83,2638,1107,654,1156,314,842,679,2078,1015,9,114,11,25,15,24,0,22,0,14,39,37,0,7,0,0
NO_3022,Frogn,11824,9829,30,54,2126,650,345,642,125,533,693,3262,1048,7,107,10,19,4,21,0,10,0,13,50,24,0,2,0,0
NO_3023,Nesodden,13800,11674,9,47,2605,1507,1132,550,224,1306,758,2311,870,12,123,7,31,24,21,0,17,0,11,34,27,0,1,0,0
NO_3024,Bærum,86677,73105,113,302,14151,4236,2042,2156,1209,4244,8511,29154,5079,47,512,61,138,41,100,0,109,0,66,367,161,0,4,0,0
NO_3025,Asker,65014,53338,7,236,11658,3541,1810,3044,1106,2966,4907,17547,4869,19,519,46,104,84,92,0,91,0,38,255,154,0,9,0,0
NO_3026,Aurskog-Høland,12689,9742,7,64,2969,326,304,2517,318,163,145,1229,1232,6,209,14,27,17,39,0,12,0,8,50,18,0,4,0,0
NO_3027,Rælingen,12742,9769,9,69,3268,670,345,759,206,280,442,2130,1160,8,112,30,55,9,22,0,16,0,9,78,21,0,2,0,0
NO_3028,Enebakk,7590,5874,24,62,1462,326,205,917,163,118,177,1181,941,3,97,18,23,16,11,0,9,0,10,32,15,0,2,0,0
NO_3029,Lørenskog,29866,22859,48,188,7067,1760,959,1380,411,862,1168,5475,2522,14,234,85,80,20,47,0,45,0,19,188,89,0,10,0,0
NO_3030,Lillestrøm,60313,45939,56,321,14124,3117,1838,4705,932,1476,1979,10233,5231,59,485,123,190,83,94,0,79,0,32,325,95,0,41,0,0
NO_3031,Nittedal,16945,13551,16,96,3802,1061,533,1238,243,620,779,3219,1453,13,132,42,44,22,18,0,16,0,13,62,32,0,1,0,0
NO_3032,Gjerdrum,4803,3887,11,18,1071,184,93,570,126,126,180,925,448,1,54,7,15,3,9,0,2,0,2,16,7,0,1,0,0
NO_3033,Ullensaker,26708,19660,83,188,5571,1103,747,2222,270,473,699,4235,3172,20,249,40,78,24,37,0,58,0,21,129,49,0,4,0,0
NO_3034,Nes,16728,12857,14,109,3754,694,565,2764,225,328,345,1694,1774,4,225,24,60,18,24,0,26,0,14,66,20,0,1,0,0
NO_3035,Eidsvoll,18491,13808,33,157,3853,869,680,2319,290,389,362,2283,1786,21,184,18,78,31,42,0,23,0,17,160,47,0,9,0,0
NO_3036,Nannestad,9660,7223,9,71,2036,362,235,1267,191,155,237,1207,1061,12,133,20,28,11,21,0,19,0,12,49,14,0,2,0,0
NO_3037,Hurdal,2126,1611,6,7,365,69,68,442,84,69,35,200,189,0,33,5,9,1,6,0,1,0,0,13,2,0,0,0,0
NO_3038,Hole,4711,3836,7,19,846,199,127,490,109,135,177,1199,379,5,73,1,8,4,5,0,6,0,2,11,15,0,0,0,0
NO_3039,Flå,777,595,0,2,131,13,11,228,7,9,12,105,61,0,7,0,2,2,0,0,2,0,0,1,0,0,0,0,0
NO_3040,Nesbyen,2491,1903,0,8,509,65,55,678,50,31,26,284,150,2,18,2,3,2,2,0,2,0,2,5,1,0,0,0,0
NO_3041,Gol,3355,2483,2,10,626,121,47,709,42,48,51,494,274,1,26,0,4,4,6,0,2,0,0,5,1,0,0,0,0
NO_3042,Hemsedal,1564,1309,0,5,231,56,45,364,86,48,41,266,117,0,16,3,1,3,4,0,2,0,0,3,13,0,0,0,0
NO_3043,Ål,3445,2826,7,8,609,156,75,982,142,75,74,387,265,2,12,0,4,1,4,0,4,0,0,4,7,0,0,0,0
NO_3044,Hol,3192,2519,2,14,505,117,62,742,47,56,84,572,256,1,9,2,11,9,9,0,1,0,1,4,1,0,0,0,0
NO_3045,Sigdal,2642,2054,0,13,382,50,35,948,11,21,18,286,239,3,22,1,3,1,1,0,0,0,1,4,2,0,0,0,0
NO_3046,Krødsherad,1577,1234,0,14,339,35,33,391,13,10,26,209,114,1,19,2,3,5,0,0,2,0,0,2,2,0,0,0,0
NO_3047,Modum,10566,7917,1,53,2466,316,243,1654,141,150,138,1119,1315,8,140,6,24,11,14,0,10,0,4,23,28,0,0,0,0
NO_3048,Øvre Eiker,14084,10573,16,64,2695,471,273,2103,387,228,258,2063,1577,5,189,7,29,26,33,0,23,0,11,33,18,0,0,0,0
NO_3049,Lier,18528,14888,32,110,4002,799,421,1499,277,537,726,4336,1616,24,155,11,43,33,19,0,17,0,15,66,40,0,0,0,0
NO_3050,Flesberg,2010,1545,3,11,289,44,40,571,9,24,22,200,279,1,21,1,2,3,6,0,1,0,1,4,2,0,0,0,0
NO_3051,Rollag,1087,875,2,7,241,33,21,377,25,12,11,64,55,2,6,0,0,2,2,0,0,0,1,3,4,0,0,0,0
NO_3052,Nore og Uvdal,1866,1441,1,11,304,51,36,619,26,15,9,162,151,2,25,0,1,3,7,0,0,0,2,2,3,0,0,0,0
NO_3053,Jevnaker,5111,3949,3,23,1322,209,140,738,46,76,77,677,487,10,63,4,17,8,4,0,1,0,2,13,6,0,0,0,0
NO_3054,Lunner,6700,5369,14,39,1588,280,234,1020,120,176,158,894,651,8,59,14,19,6,21,0,5,0,1,19,3,0,1,0,0
NO_3401,Kongsvinger,13940,10234,10,55,3632,614,328,2111,131,138,236,1272,1151,5,117,7,25,13,19,0,21,0,0,266,15,0,0,13,0
NO_3403,Hamar,24247,18952,16,104,6443,2209,775,2808,488,683,873,2774,1169,13,134,7,32,23,30,0,24,0,0,189,42,0,0,12,0
NO_3405,Lillehammer,21568,16710,20,93,5979,1615,849,2146,288,804,690,2700,1034,5,100,15,33,19,26,0,9,0,16,133,43,0,0,0,0
NO_3407,Gjøvik,22865,17080,23,96,6429,1050,655,2891,388,449,546,2687,1356,8,110,11,35,16,55,0,17,0,16,118,28,0,0,0,0
NO_3411,Ringsaker,26269,19519,5,151,6888,1154,593,4641,291,405,437,2245,1777,30,210,18,50,46,25,0,15,0,0,345,31,0,0,11,0
NO_3412,Løten,5858,4583,0,31,1556,209,137,1546,99,95,64,309,353,3,55,6,16,3,12,0,8,0,0,37,11,0,0,2,0
NO_3413,Stange,15812,12640,15,82,4205,960,449,3505,419,286,290,1145,880,8,93,12,29,13,46,0,11,0,0,78,29,0,0,3,0
NO_3414,Nord-Odal,4075,3050,4,21,1113,176,112,901,27,18,40,196,279,2,57,1,20,4,4,0,4,0,0,21,8,0,0,21,0
NO_3415,Sør-Odal,6200,4626,4,46,1451,250,177,1246,23,71,74,507,521,4,67,4,42,13,7,0,10,0,0,55,7,0,0,1,0
NO_3416,Eidskog,4906,3559,3,35,1102,126,93,1085,42,45,59,359,411,5,54,1,11,4,12,0,4,0,0,66,7,0,0,0,0
NO_3417,Grue,3702,2758,0,20,914,101,78,898,14,30,31,235,303,2,45,2,8,2,1,0,9,0,0,29,6,0,0,10,0
NO_3418,Åsnes,5810,4230,7,32,1368,172,129,1343,45,37,47,295,501,4,113,5,9,7,14,0,2,0,0,58,6,0,0,4,0
NO_3419,Våler (Innlandet),2871,2151,9,14,599,111,76,806,13,16,23,117,209,1,44,2,4,2,8,0,3,0,0,75,4,0,0,1,0
NO_3420,Elverum,16200,12471,17,84,3727,800,419,3823,93,256,209,1429,1097,9,160,8,29,16,11,0,3,0,0,167,22,0,0,8,0
NO_3421,Trysil,4988,3927,4,21,1221,188,84,1408,64,47,57,410,309,2,42,0,4,4,12,0,8,0,0,17,3,0,0,1,0
NO_3422,Åmot,3341,2552,9,19,705,134,90,949,7,38,46,221,210,1,64,3,5,6,3,0,3,0,0,12,3,0,0,5,0
NO_3423,Stor-Elvdal,1820,1405,0,6,437,76,54,517,3,21,17,97,112,3,22,3,0,5,5,0,1,0,0,17,2,0,0,1,0
NO_3424,Rendalen,1420,1157,0,5,345,45,34,564,7,8,5,56,52,0,15,0,1,3,0,0,0,0,0,9,2,0,0,1,0
NO_3425,Engerdal,1024,859,0,1,226,26,17,428,0,18,4,71,53,1,4,1,3,0,0,0,0,0,0,4,1,0,0,0,0
NO_3426,Tolga,1144,949,0,1,234,112,35,450,5,27,17,37,21,0,6,0,0,1,0,0,0,0,0,2,0,0,0,0,0
NO_3427,Tynset,4134,3424,8,13,919,247,84,1492,46,87,64,212,147,2,39,1,5,5,6,0,3,0,0,21,9,0,0,1,0
NO_3428,Alvdal,1787,1470,1,9,389,68,32,671,32,33,24,124,60,2,6,0,0,1,1,0,5,0,0,3,0,0,0,0,0
NO_3429,Folldal,1243,1062,0,5,314,52,44,514,5,7,8,45,47,1,4,0,0,0,2,0,0,0,0,8,1,0,0,0,0
NO_3430,Os,1468,1187,0,6,348,72,36,580,22,16,17,35,34,2,4,0,0,1,1,0,1,0,0,3,1,0,0,2,0
NO_3431,Dovre,1995,1509,1,8,473,59,33,631,13,19,17,108,107,2,14,0,3,3,2,0,4,0,2,0,2,0,0,0,0
NO_3432,Lesja,1498,1218,3,5,282,34,29,674,11,11,11,60,77,1,6,0,2,2,3,0,0,0,0,2,0,0,0,0,0
NO_3433,Skjåk,1745,1382,4,7,326,63,59,711,5,22,11,58,69,0,15,1,2,6,2,0,1,0,2,8,3,0,0,0,0
NO_3434,Lom,1773,1350,0,8,362,75,37,669,8,14,7,62,73,5,13,0,3,1,3,0,0,0,1,1,0,0,0,0,0
NO_3435,Vågå,2809,2162,1,10,704,148,71,823,12,28,14,112,174,4,34,0,2,2,2,0,1,0,0,9,1,0,0,0,0
NO_3436,Nord-Fron,4446,3208,1,22,1364,83,62,941,36,23,33,290,261,7,32,3,5,3,6,0,0,0,3,7,4,0,0,0,0
NO_3437,Sel,4427,3197,0,21,1241,167,130,942,21,41,31,246,254,3,39,2,4,10,8,0,1,0,1,9,5,0,0,0,0
NO_3438,Sør-Fron,2277,1727,0,6,634,51,30,684,7,14,11,97,154,2,19,1,4,1,0,0,0,0,0,5,1,0,0,0,0
NO_3439,Ringebu,3329,2531,0,11,914,82,68,958,14,33,30,175,171,5,20,7,9,1,3,0,1,0,0,11,7,0,0,0,0
NO_3440,Øyer,3729,2879,1,14,1106,159,78,887,58,58,49,260,137,1,24,1,8,6,1,0,1,0,3,5,8,0,0,0,0
NO_3441,Gausdal,4746,3563,0,23,1318,133,110,1261,35,65,54,219,261,1,24,0,2,1,3,0,4,0,4,15,7,0,0,0,0
NO_3442,Østre Toten,11351,8527,19,51,2987,377,285,2202,148,162,195,986,843,8,84,3,9,14,11,0,8,0,5,63,16,0,0,0,0
NO_3443,Vestre Toten,10498,7732,6,67,2877,297,316,1589,136,127,178,980,863,6,100,6,16,8,24,0,15,0,1,42,11,0,0,0,0
NO_3446,Gran,10504,8091,14,54,2471,328,270,1884,116,126,206,1358,985,8,66,14,23,15,19,0,13,0,6,48,13,0,0,0,0
NO_3447,Søndre Land,4366,3167,7,17,1156,181,124,812,33,54,54,336,288,4,44,0,6,3,5,0,3,0,1,15,7,0,0,0,0
NO_3448,Nordre Land,5130,3795,0,20,1457,190,90,1114,42,39,50,346,350,1,38,0,5,5,10,0,1,0,1,12,4,0,0,0,0
NO_3449,Sør-Aurdal,2298,1743,2,11,494,52,24,616,61,27,26,167,209,0,22,0,3,3,3,0,3,0,1,5,3,0,0,0,0
NO_3450,Etnedal,985,747,0,6,184,16,18,303,22,13,16,66,77,0,11,1,1,0,3,0,0,0,0,1,3,0,0,0,0
NO_3451,Nord-Aurdal,4883,3618,7,14,966,158,84,1155,51,71,75,533,385,8,51,0,7,3,12,0,8,0,1,10,5,0,0,0,0
NO_3452,Vestre Slidre,1636,1257,2,6,247,45,37,553,14,17,22,134,133,1,25,0,0,2,5,0,0,0,0,6,2,0,0,0,0
NO_3453,Øystre Slidre,2420,1849,2,7,375,101,44,783,14,38,35,241,143,1,34,1,3,4,4,0,0,0,1,2,9,0,0,0,0
NO_3454,Vang,1117,888,0,1,206,44,31,390,4,34,9,102,55,0,5,0,0,0,2,0,1,0,0,1,2,0,0,0,0
NO_3801,Horten,20478,15666,4,123,5026,1174,972,1109,399,634,626,3317,1653,16,193,9,58,48,44,0,16,0,15,72,35,0,0,0,0
NO_3802,Holmestrand,18289,14097,20,95,3742,727,568,2063,455,422,415,3040,1928,12,239,10,42,33,49,0,27,0,11,72,32,0,0,0,0
NO_3803,Tønsberg,42124,33438,20,250,8626,2193,1421,3349,1289,1501,1525,8349,3676,20,347,22,78,75,176,0,50,0,32,102,87,0,0,0,0
NO_3804,Sandefjord,46321,34823,13,213,8602,1937,1351,3208,1296,1204,1438,9469,4481,57,530,17,98,132,196,0,54,0,39,141,134,0,0,0,0
NO_3805,Larvik,35558,26692,27,166,7449,1548,1053,3006,982,838,914,5879,3814,30,329,9,66,56,141,0,25,0,14,117,63,0,0,0,0
NO_3806,Porsgrunn,27662,20700,22,131,6877,1370,1017,1844,735,650,587,3821,2577,17,304,26,49,213,112,0,34,0,23,124,36,0,0,0,0
NO_3807,Skien,41437,30455,20,224,9597,2015,1460,3267,1509,909,731,5409,3860,35,440,26,59,162,215,0,38,0,32,142,81,0,0,0,0
NO_3808,Notodden,9762,7301,0,39,2311,367,401,1397,355,132,141,974,878,10,95,12,13,22,65,0,7,0,3,18,22,0,0,0,0
NO_3811,Færder,20222,16332,19,107,4073,1091,790,1040,440,829,853,4777,1719,11,188,4,41,59,56,0,26,0,14,58,30,0,0,0,0
NO_3812,Siljan,1784,1407,0,6,463,47,52,342,53,36,9,158,177,1,23,2,5,9,7,0,1,0,1,4,5,0,0,0,0
NO_3813,Bamble,10774,8122,22,58,2384,331,280,1020,444,137,178,1409,1433,9,105,8,13,81,74,0,11,0,9,31,27,0,0,0,0
NO_3814,Kragerø,8009,6070,1,45,1928,299,400,787,278,184,165,1025,699,6,74,1,17,24,33,0,3,0,3,32,21,0,0,0,0
NO_3815,Drangedal,3076,2338,2,10,742,111,73,697,116,45,24,166,283,1,33,0,0,4,14,0,3,0,2,0,2,0,0,0,0
NO_3816,Nome,4897,3636,0,11,1165,184,133,977,100,100,54,375,385,3,60,2,6,12,29,0,0,0,1,15,13,0,0,0,0
NO_3817,Midt-Telemark,7512,5609,6,34,1385,368,284,1395,207,252,143,632,675,7,85,4,9,10,27,0,5,0,2,18,27,0,0,0,0
NO_3818,Tinn,4330,3309,1,26,824,376,96,964,37,74,64,406,313,4,33,2,12,14,4,0,3,0,3,20,7,0,0,0,0
NO_3819,Hjartdal,1198,959,0,3,238,26,18,377,53,12,8,79,111,1,17,0,1,2,7,0,0,0,0,2,1,0,0,0,0
NO_3820,Seljord,2177,1685,0,13,427,80,50,412,71,44,24,228,262,5,19,2,2,4,14,0,3,0,3,4,5,0,0,0,0
NO_3821,Kviteseid,1916,1486,0,14,333,52,64,446,156,34,23,136,166,1,34,0,1,0,6,0,1,0,0,1,4,0,0,0,0
NO_3822,Nissedal,1044,865,1,4,206,24,19,266,102,14,6,79,114,3,6,1,3,1,5,0,0,0,0,3,4,0,0,0,0
NO_3823,Fyresdal,915,747,0,3,215,32,25,316,7,17,5,41,53,1,8,0,0,9,4,0,1,0,3,1,3,0,0,0,0
NO_3824,Tokke,1659,1329,1,10,377,52,40,524,51,44,7,86,90,2,12,0,0,15,6,0,0,0,0,1,1,0,0,0,0
NO_3825,Vinje,2808,2244,0,7,411,200,94,932,53,45,34,174,221,1,31,1,3,14,9,0,0,0,0,3,4,0,0,0,0
NO_4201,Risør,5235,3961,2,15,1188,187,203,456,172,127,135,837,491,6,41,0,6,23,22,0,4,0,4,21,6,0,0,0,0
NO_4202,Grimstad,16978,12899,4,76,2730,729,429,1281,1637,514,494,2861,1545,7,156,0,34,48,131,0,27,0,14,46,60,0,0,0,0
NO_4203,Arendal,33389,25322,40,132,6970,1635,1016,2492,1399,765,826,5172,3718,21,330,0,110,78,177,0,36,0,26,185,62,0,0,0,0
NO_4204,Kristiansand,81560,63067,73,410,13967,4102,2384,4209,8097,2530,2858,14489,6109,35,1844,46,101,120,451,0,101,0,54,367,310,0,0,0,0
NO_4205,Lindesnes,16798,13073,31,63,2651,501,319,1749,1384,361,419,2693,2208,6,281,7,22,68,119,0,15,0,4,55,54,0,0,0,0
NO_4206,Farsund,7104,5575,7,25,1083,207,136,680,581,84,140,1197,1129,3,120,3,15,36,66,0,6,0,2,12,18,0,0,0,0
NO_4207,Flekkefjord,6471,4996,7,32,776,206,137,683,628,82,101,940,1205,3,74,1,6,25,27,0,7,0,3,11,10,0,0,0,0
NO_4211,Gjerstad,1865,1382,3,10,345,47,52,368,80,16,21,217,171,1,16,0,0,7,6,0,2,0,1,5,4,0,0,0,0
NO_4212,Vegårshei,1562,1304,0,4,327,39,33,335,196,17,13,164,132,1,14,0,2,3,12,0,2,0,1,2,3,0,0,0,0
NO_4213,Tvedestrand,4609,3495,0,6,869,175,137,559,174,105,127,832,383,2,52,0,11,19,13,0,3,0,4,12,6,0,0,0,0
NO_4214,Froland,4407,3289,3,19,690,90,90,732,365,49,48,351,617,1,66,0,8,29,87,0,7,0,1,8,9,0,0,0,0
NO_4215,Lillesand,8185,6434,5,37,1336,431,240,528,647,243,302,1626,698,4,78,0,11,18,43,0,12,0,8,78,52,0,0,0,0
NO_4216,Birkenes,3715,2828,8,16,479,76,65,655,394,62,60,532,315,0,55,0,4,21,37,0,1,0,6,9,17,0,0,0,0
NO_4217,Åmli,1321,1019,0,3,279,41,53,313,70,9,20,78,112,0,16,0,0,10,4,0,2,0,1,3,2,0,0,0,0
NO_4218,Iveland,926,742,4,5,90,15,23,218,136,10,11,74,101,0,22,0,0,7,14,0,1,0,0,4,2,0,0,0,0
NO_4219,Evje og Hornnes,2645,1993,0,11,464,85,46,410,311,26,33,271,242,1,41,0,3,6,14,0,5,0,3,5,5,0,0,0,0
NO_4220,Bygland,899,706,0,4,147,35,35,222,55,6,9,89,70,1,12,0,1,6,7,0,0,0,1,0,2,0,0,0,0
NO_4221,Valle,915,698,0,2,134,24,17,207,74,11,12,105,94,0,9,0,0,3,2,0,0,0,0,2,0,0,0,0,0
NO_4222,Bykle,661,517,1,2,99,35,17,131,39,16,25,96,39,0,9,0,0,1,4,0,0,0,1,0,0,0,0,0,0
NO_4223,Vennesla,10735,8145,3,43,1658,327,179,1238,1731,118,137,1127,1095,3,184,4,9,27,138,0,16,0,7,22,36,0,0,0,0
NO_4224,Åseral,680,554,0,1,92,8,6,205,81,1,4,67,64,0,8,0,2,0,13,0,0,0,0,1,0,0,0,0,0
NO_4225,Lyngdal,7260,5710,0,28,763,142,111,865,1203,72,103,1141,988,1,86,1,8,40,75,0,9,0,1,14,31,0,0,0,0
NO_4226,Hægebostad,1242,1025,0,3,78,12,10,301,277,6,1,103,183,0,22,0,1,2,19,0,0,0,1,0,3,0,0,0,0
NO_4227,Kvinesdal,4375,3384,6,24,625,86,53,665,480,62,48,446,673,2,68,0,3,37,46,0,8,0,6,8,14,0,0,0,0
NO_4228,Sirdal,1259,1015,1,5,152,24,20,264,136,14,23,156,167,0,22,0,0,5,15,0,2,0,0,2,2,0,0,0,0
NO_4601,Bergen,206977,167112,340,1226,38859,18710,9583,8827,5817,8702,9619,43496,15409,113,1367,266,265,511,530,37,304,46,155,1339,308,0,57,0,0
NO_4602,Kinn,12266,9469,14,64,2447,542,585,1457,273,226,377,1774,1374,9,90,0,14,62,51,0,5,0,0,29,12,0,0,0,0
NO_4611,Etne,2908,2307,3,10,388,76,63,644,167,28,70,339,434,1,18,1,2,30,10,0,4,1,1,4,3,0,0,0,0
NO_4612,Sveio,4023,3244,0,13,559,153,86,594,202,68,74,694,607,8,65,5,9,29,24,4,13,0,1,17,6,0,0,0,0
NO_4613,Bømlo,8544,6901,2,34,1301,272,149,784,885,127,163,1522,1241,5,71,6,9,141,98,1,13,0,3,26,13,0,1,0,0
NO_4614,Stord,13535,10786,2,77,3086,711,338,966,685,220,270,2144,1736,11,132,2,26,85,66,3,15,1,19,52,60,0,2,0,0
NO_4615,Fitjar,2269,1870,0,11,300,70,34,300,281,22,21,362,376,2,31,0,1,11,15,2,3,0,1,6,9,0,1,0,0
NO_4616,Tysnes,2156,1779,4,13,298,139,45,313,79,48,31,454,284,0,19,0,3,11,6,0,2,0,4,11,2,0,0,0,0
NO_4617,Kvinnherad,9820,7511,11,51,1552,388,274,1378,340,165,119,1599,1288,8,53,2,18,128,44,3,5,1,3,25,5,0,0,0,0
NO_4618,Ullensvang,8246,6565,3,35,1669,355,375,1893,143,117,118,876,767,3,52,3,5,39,23,2,6,4,6,29,7,0,0,0,0
NO_4619,Eidfjord,670,535,0,1,130,35,16,167,16,6,5,93,50,0,5,1,0,4,2,0,1,0,0,2,0,0,0,0,0
NO_4620,Ulvik,774,643,1,4,115,66,36,252,9,20,27,53,43,0,2,1,1,0,0,1,0,1,0,0,5,0,2,0,0
NO_4621,Voss,11735,9300,13,57,2263,719,391,2942,241,311,257,1173,626,6,99,3,11,44,23,0,5,2,2,30,24,0,1,0,0
NO_4622,Kvam,6224,5090,5,18,1029,322,181,1137,360,154,126,782,769,1,33,1,5,61,48,2,4,0,2,17,15,0,0,0,0
NO_4623,Samnanger,1871,1528,4,14,374,73,62,285,93,31,24,210,273,0,11,0,1,28,12,0,0,1,0,12,6,0,0,0,0
NO_4624,Bjørnafjorden,17447,14174,8,83,2770,877,428,1651,577,461,460,3458,2867,4,144,10,12,108,50,3,17,4,5,75,18,0,1,0,0
NO_4625,Austevoll,3530,2937,2,21,392,112,64,201,184,46,50,1032,728,1,28,3,1,11,23,2,1,0,1,12,0,0,1,0,0
NO_4626,Øygarden,27198,21845,29,156,4124,1117,590,1763,1709,416,547,6001,4101,13,264,48,48,239,151,13,52,13,21,225,39,0,10,0,0
NO_4627,Askøy,20643,16453,20,141,3927,1242,575,1072,706,466,591,4342,2540,9,180,15,27,79,52,20,31,2,18,238,15,0,4,0,0
NO_4628,Vaksdal,2895,2363,8,21,694,188,105,449,108,47,29,320,276,2,36,1,2,17,14,2,3,1,2,15,2,0,0,0,0
NO_4629,Modalen,268,210,0,1,48,10,8,64,13,10,5,26,12,0,4,1,3,2,1,0,1,0,0,0,0,0,0,0,0
NO_4630,Osterøy,5828,4769,6,40,993,308,161,774,304,109,107,928,824,1,59,7,5,20,32,2,12,0,3,23,11,0,0,0,0
NO_4631,Alver,21103,17273,8,132,3375,875,524,2921,1615,336,399,3617,2621,16,173,25,29,109,148,7,28,0,15,122,39,0,7,0,0
NO_4632,Austrheim,2072,1688,3,9,392,43,34,248,85,18,33,463,294,0,16,1,3,18,6,2,6,0,0,1,4,0,0,0,0
NO_4633,Fedje,402,356,0,0,97,10,4,38,51,2,6,84,49,0,6,0,2,3,1,0,1,0,0,2,0,0,0,0,0
NO_4634,Masfjorden,1234,1051,4,3,210,30,24,318,54,10,12,214,137,2,8,1,2,10,5,1,0,0,0,3,0,0,0,0,0
NO_4635,Gulen,1644,1376,1,13,265,39,31,498,66,18,22,218,162,0,8,0,2,8,4,0,1,0,0,6,1,0,0,0,0
NO_4636,Solund,570,445,0,5,94,18,16,145,8,10,6,93,33,0,4,0,1,2,0,0,1,0,0,2,2,0,0,0,0
NO_4637,Hyllestad,978,804,0,5,227,27,35,300,33,8,8,74,57,1,12,0,2,6,2,0,1,0,0,1,0,0,0,0,0
NO_4638,Høyanger,3091,2431,3,9,846,134,214,609,44,31,31,224,192,6,19,0,0,41,5,0,2,0,0,10,2,0,0,0,0
NO_4639,Vik,1907,1504,1,10,444,57,19,691,26,11,19,105,91,1,8,0,0,3,4,0,0,0,0,4,0,0,0,0,0
NO_4640,Sogndal,8604,6975,3,33,1811,606,220,2059,318,258,235,840,450,7,37,0,13,14,11,0,1,0,0,11,15,0,0,0,0
NO_4641,Aurland,1245,1027,1,5,295,49,43,310,8,42,26,142,83,1,2,0,1,4,4,0,2,0,0,2,2,0,0,0,0
NO_4642,Lærdal,1569,1262,2,4,371,86,48,428,8,24,18,151,99,0,11,0,3,2,1,0,0,0,0,1,1,0,0,0,0
NO_4643,Årdal,3963,3190,9,13,1831,91,112,610,14,41,39,227,138,4,11,0,4,12,3,0,3,0,0,9,6,0,0,0,0
NO_4644,Luster,3837,3141,0,10,929,137,85,1163,157,71,62,269,192,1,16,0,2,3,17,0,0,0,0,10,7,0,0,0,0
NO_4645,Askvoll,2255,1792,1,7,327,110,48,607,110,24,51,255,193,2,16,0,1,4,14,0,4,0,0,6,5,0,0,0,0
NO_4646,Fjaler,1973,1553,1,3,359,120,62,527,46,53,52,174,121,0,7,0,2,11,1,0,1,0,0,6,4,0,0,0,0
NO_4647,Sunnfjord,15800,12860,13,69,3372,961,484,3295,524,421,401,2096,857,5,78,0,21,65,54,0,15,0,0,35,25,0,0,0,0
NO_4648,Bremanger,2584,2027,1,4,527,99,123,508,80,33,64,285,236,3,19,0,7,15,6,0,2,0,0,5,6,0,0,0,0
NO_4649,Stad,6946,5527,3,34,910,252,175,1619,281,108,466,644,858,0,51,0,7,32,25,0,3,0,0,10,15,0,0,0,0
NO_4650,Gloppen,4283,3535,0,15,629,224,93,1516,246,113,115,289,183,0,27,0,4,2,22,0,4,0,0,12,26,0,0,0,0
NO_4651,Stryn,4782,3854,3,14,742,123,96,1292,147,50,143,669,452,3,37,0,5,7,29,0,2,0,0,14,12,0,0,0,0
NO_5001,Trondheim,152037,121579,154,776,36350,13801,8256,9202,2221,7839,6876,21963,8875,124,863,0,216,268,158,0,163,45,159,2186,308,0,0,0,0
NO_5006,Steinkjer,18365,13952,20,70,4892,754,652,4147,149,258,308,1267,930,21,147,3,27,56,11,0,10,0,16,137,7,0,0,0,0
NO_5007,Namsos - Nåavmesjenjaelmie,11464,8582,19,32,2923,520,337,2301,229,148,159,934,669,5,74,4,25,64,25,0,12,0,5,49,16,0,0,0,0
NO_5014,Frøya,3191,2316,4,12,636,94,152,341,36,35,39,448,391,0,31,0,2,16,1,0,2,0,4,55,5,0,0,0,0
NO_5020,Osen,723,549,0,7,168,23,15,187,6,4,12,40,57,0,4,0,1,5,0,0,1,0,2,8,2,0,0,0,0
NO_5021,Oppdal,5217,4166,4,23,1114,228,100,1197,168,133,139,557,363,7,45,0,4,11,16,0,2,0,4,22,6,0,0,0,0
NO_5022,Rennebu,1892,1515,7,4,361,58,40,610,130,31,21,120,86,1,21,0,1,5,1,0,4,0,1,6,3,0,0,0,0
NO_5025,Røros,4335,3572,1,25,1218,384,183,888,26,76,77,414,165,5,26,0,5,16,1,0,5,1,1,28,2,0,0,0,0
NO_5026,Holtålen,1575,1346,0,6,411,49,36,629,2,7,7,66,76,1,25,0,1,6,0,0,0,0,1,13,4,0,0,0,0
NO_5027,Midtre Gauldal,4440,3489,9,16,928,128,89,1399,112,25,47,285,297,3,44,0,10,6,17,0,1,1,3,47,6,0,0,0,0
NO_5028,Melhus,12421,9734,40,39,2753,476,294,2438,427,174,192,1385,1072,10,95,0,17,45,33,0,10,4,9,160,22,0,0,0,0
NO_5029,Skaun,5904,4781,1,24,1304,284,171,1191,173,93,136,711,507,8,38,0,4,16,6,0,11,2,2,57,18,0,0,0,0
NO_5031,Malvik,10037,8178,9,56,2751,650,408,975,158,324,301,1396,775,9,62,0,19,49,7,0,8,1,5,144,15,0,0,0,0
NO_5032,Selbu,3122,2418,8,11,763,105,87,795,28,31,31,299,179,2,21,0,3,10,0,0,2,1,0,30,1,0,0,0,0
NO_5033,Tydal,626,526,0,1,116,14,15,281,0,7,7,30,41,0,5,0,0,0,0,0,0,0,0,8,0,0,0,0,0
NO_5034,Meråker,1822,1361,1,9,449,82,94,397,10,16,31,105,109,0,18,1,4,3,2,0,0,0,1,18,2,0,0,0,0
NO_5035,Stjørdal,18095,14083,29,75,4656,828,584,2845,349,364,368,2031,1401,17,126,4,28,78,30,0,12,0,11,139,33,0,0,0,0
NO_5036,Frosta,1952,1571,6,7,451,56,39,445,55,26,43,262,126,1,10,1,5,2,1,0,5,0,2,18,3,0,0,0,0
NO_5037,Levanger,14902,11672,30,66,4081,818,419,2857,501,263,266,1213,756,10,89,5,21,36,36,0,4,0,10,99,26,0,0,0,0
NO_5038,Verdal,11532,8586,2,52,3170,405,303,2570,96,113,108,806,647,6,71,0,9,54,11,0,9,0,4,82,16,0,0,0,0
NO_5041,Snåase - Snåsa,1579,1325,2,6,333,76,69,657,3,18,10,71,40,4,17,1,2,3,1,0,0,0,0,4,2,0,0,0,0
NO_5042,Lierne,1021,771,0,6,243,9,8,379,14,4,11,38,41,0,1,0,2,1,0,0,2,0,0,6,0,0,0,0,0
NO_5043,Raarvihke - Røyrvik,343,291,0,2,81,13,5,128,12,2,3,15,16,1,6,0,0,0,4,0,0,0,0,1,0,0,0,0,0
NO_5044,Namsskogan,646,500,0,2,170,19,26,183,4,6,5,25,40,0,12,0,2,1,1,0,0,0,0,2,0,0,0,0,0
NO_5045,Grong,1747,1409,1,4,398,96,55,616,11,20,12,91,64,4,13,0,1,3,1,0,0,0,0,11,4,0,0,0,0
NO_5046,Høylandet,908,769,0,3,241,18,4,426,2,9,5,22,25,2,3,0,1,1,0,0,1,0,0,2,1,0,0,0,0
NO_5047,Overhalla,2745,2175,1,11,543,110,56,1077,11,24,18,142,135,1,12,1,1,12,2,0,0,0,1,5,1,0,0,0,0
NO_5049,Flatanger,855,684,1,3,165,57,36,179,16,11,8,103,82,0,10,0,1,3,2,0,0,0,0,4,0,0,0,0,0
NO_5052,Leka,433,343,0,1,96,15,10,171,1,3,0,15,21,4,1,0,2,0,0,0,0,0,0,1,1,0,0,0,0
NO_5053,Inderøy,5177,4243,5,16,1376,320,170,1332,109,83,60,396,216,2,40,1,5,16,29,0,2,0,1,36,12,0,0,0,0
NO_5054,Indre Fosen,7499,5694,14,20,1271,281,158,1771,159,102,79,713,711,6,73,0,7,33,12,0,3,0,4,248,9,0,0,0,0
NO_5055,Heim,4599,3498,3,20,1080,117,112,1129,71,48,56,396,344,3,34,0,5,33,5,0,3,0,0,15,4,0,0,0,0
NO_5056,Hitra,3513,2578,10,23,593,116,146,493,40,47,39,445,428,1,38,0,4,12,6,0,4,0,1,108,1,0,0,0,0
NO_5057,Ørland,7800,5774,13,62,1541,248,209,1368,97,94,103,931,724,10,110,0,10,78,5,0,11,0,6,81,11,0,0,0,0
NO_5058,Åfjord,3285,2535,7,16,555,91,83,787,125,33,40,323,377,4,24,0,4,10,5,0,2,0,4,24,5,0,0,0,0
NO_5059,Orkland,13786,10460,19,58,3350,446,268,2957,210,144,221,1223,1108,22,141,0,14,33,31,0,14,8,6,110,19,0,0,0,0
NO_5060,Nærøysund,7063,5247,12,31,1462,193,168,1379,154,56,142,585,828,1,104,2,9,26,23,0,3,0,4,29,5,0,0,0,0
NO_5061,Rindal,1587,1248,4,7,358,42,30,543,22,21,12,92,74,0,23,0,3,6,1,0,1,0,0,1,1,0,0,0,0
NO_5401,Tromsø,55703,43181,62,381,11093,6452,2682,5286,875,1872,1474,6116,5316,31,524,99,96,107,74,0,107,0,53,0,100,0,0,0,0
NO_5402,Harstad - Hárstták,18875,13913,40,110,4057,1067,567,2121,237,345,365,2444,2078,8,195,12,49,47,24,0,8,0,3,0,26,0,0,0,0
NO_5403,Alta,15073,10991,12,67,1385,422,542,813,256,332,225,530,1646,11,132,0,53,19,37,0,21,0,0,0,26,0,0,0,4395
NO_5404,Vardø,1436,1100,1,9,391,103,60,301,6,27,10,54,93,0,21,0,6,2,4,0,0,0,0,0,0,0,0,0,3
NO_5405,Vadsø,4310,3281,6,15,1363,208,194,802,52,96,41,243,160,2,25,0,8,16,5,0,8,0,0,0,8,0,0,0,14
NO_5406,Hammerfest - Hámmerfeasta,8092,5833,6,62,2828,406,238,725,107,119,42,444,505,16,134,0,14,82,13,0,12,0,0,0,2,0,0,0,16
NO_5411,Kvæfjord,2198,1622,0,12,443,157,63,386,24,28,44,193,233,1,12,0,3,3,2,0,0,0,2,0,4,0,0,0,0
NO_5412,Dielddanuorri - Tjeldsund,3252,2469,0,17,770,105,71,465,30,49,28,395,421,1,46,0,25,11,8,0,1,0,4,0,5,0,0,0,0
NO_5413,Ibestad,1051,762,0,3,210,21,21,207,10,6,9,132,110,0,16,0,2,10,1,0,0,0,0,0,1,0,0,0,0
NO_5414,Gratangen,805,590,0,5,136,38,23,198,12,5,4,47,106,0,7,0,1,0,2,0,0,0,0,0,1,0,0,0,0
NO_5415,Loabák - Lavangen,777,598,3,3,192,14,19,199,10,4,3,68,60,1,16,0,1,1,0,0,1,0,0,0,0,0,0,0,0
NO_5416,Bardu,3069,2462,0,30,711,116,53,862,17,51,53,286,212,0,24,0,0,4,2,0,5,0,0,0,6,0,0,0,0
NO_5417,Salangen,1623,1243,2,11,295,130,49,468,27,23,10,85,106,1,15,0,1,4,3,0,1,0,1,0,0,0,0,0,0
NO_5418,Målselv,5163,3928,2,38,1213,216,133,1360,32,53,84,315,345,4,53,3,5,15,7,0,10,0,2,0,0,0,0,0,0
NO_5419,Sørreisa,2616,1938,0,20,593,136,51,523,33,17,22,191,280,0,33,1,3,5,3,0,5,0,1,0,1,0,0,0,0
NO_5420,Dyrøy,881,698,5,8,158,65,12,209,6,7,4,61,113,0,31,2,1,2,6,0,0,0,0,0,0,0,0,0,0
NO_5421,Senja,10911,7923,15,62,2176,528,255,1842,220,123,97,1030,1216,12,162,3,17,51,18,0,17,0,4,0,13,0,0,0,0
NO_5422,Balsfjord,4300,3173,0,38,708,178,111,1016,57,42,24,275,564,2,64,2,5,19,20,0,7,0,2,0,1,0,0,0,0
NO_5423,Karlsøy,1687,1269,1,13,306,153,35,330,6,10,13,84,255,0,33,2,3,1,2,0,4,0,1,0,4,0,0,0,0
NO_5424,Lyngen,2208,1646,2,11,437,90,42,376,90,29,14,157,340,0,29,2,1,6,1,0,4,0,2,0,2,0,0,0,0
NO_5425,Storfjord - Omasvuotna - Omasvuono,1436,1142,0,5,259,71,53,351,21,31,11,118,173,4,22,2,1,4,1,0,5,0,0,0,5,0,0,0,0
NO_5426,Gáivuotna - Kåfjord - Kaivuono,1634,1168,2,6,305,81,72,331,73,22,6,60,172,0,16,0,3,4,6,0,3,0,0,0,0,0,0,0,0
NO_5427,Skjervøy,1994,1418,2,14,305,135,41,347,123,11,10,115,274,1,15,0,0,5,0,0,2,0,1,0,3,0,0,0,0
NO_5428,Nordreisa - Ráisa - Raisi,3682,2671,0,17,620,234,85,668,133,35,19,270,485,0,45,0,5,18,6,0,6,0,7,0,1,0,0,0,0
NO_5429,Kvænangen,926,655,1,7,181,42,17,153,26,5,4,51,139,0,12,2,3,2,0,0,1,0,0,0,2,0,0,0,0
NO_5430,Guovdageaidnu - Kautokeino,2138,1507,0,8,200,55,62,422,38,27,51,91,66,0,15,0,10,5,18,0,3,0,0,0,2,0,0,0,426
NO_5432,Loppa,661,479,0,1,172,29,21,76,5,9,3,55,74,2,16,0,0,2,0,0,3,0,0,0,0,0,0,0,10
NO_5433,Hasvik,642,474,0,6,155,22,21,133,6,4,4,28,69,1,11,0,1,1,1,0,0,0,0,0,1,0,0,0,4
NO_5434,Måsøy,839,569,2,6,240,11,19,151,3,5,3,64,42,0,10,0,0,3,0,0,0,0,0,0,1,0,0,0,3
NO_5435,Nordkapp,2242,1628,9,20,588,169,41,370,13,25,20,121,162,1,52,0,1,3,1,0,2,0,0,0,3,0,0,0,7
NO_5436,Porsanger - Porsángu - Porsanki,3119,2254,3,27,721,139,122,522,25,39,27,240,254,6,45,0,5,12,13,0,7,0,0,0,4,0,0,0,16
NO_5437,Kárášjohka - Karasjok,2053,1435,5,9,447,77,119,546,23,27,11,57,52,1,15,0,2,1,7,0,1,0,0,0,4,0,0,0,22
NO_5438,Lebesby,901,667,0,4,242,47,35,150,22,6,4,37,77,2,14,0,1,4,13,0,2,0,0,0,2,0,0,0,1
NO_5439,Gamvik,685,507,1,4,198,38,25,154,2,6,2,13,44,0,4,0,0,3,3,0,2,0,0,0,0,0,0,0,4
NO_5440,Berlevåg,685,473,2,5,204,49,14,90,1,2,2,44,47,2,4,0,0,1,0,0,0,0,0,0,0,0,0,0,1
NO_5441,Deatnu - Tana,2226,1647,5,13,495,84,83,475,20,34,26,102,199,2,63,0,4,6,5,0,5,0,0,0,4,0,0,0,9
NO_5442,Unjárga - Nesseby,698,546,0,5,203,29,35,159,4,11,6,41,32,0,8,0,0,2,5,0,0,0,0,0,1,0,0,0,0
NO_5443,Båtsfjord,1371,914,1,12,334,27,31,229,4,11,11,78,128,2,22,0,2,3,1,0,1,0,0,0,2,0,0,0,3
NO_5444,Sør-Varanger,7446,5367,4,43,2062,500,297,1039,61,112,76,422,570,2,76,0,6,14,12,0,3,0,0,0,9,0,0,0,16
