gisco_id,name,registered,turnout,invalid,blank,A-HSP,BM365,Deblokirajmo Hrvatsku,NHR-HSP,DSS,Hrast-HKS-HSP AS-UHD,HBPS,HDS,HDZ,HNS-LD,HSS-GLAS-IDS-HSU-PGS-Demokrati-Laburisti,HSLS,HSR,Kolakušić,MVH,Most,Možemo!-NL-OraH,NS-R,P-UK,Petir,PMH,RF-SRP,SDSS,SSH,SH,SNAGA,SDP,START,SHZ,ZSZ,ZL,ŽZ
HR_HRZZAF,Afghanistan,73,73,9,0,0,3,1,7,1,7,0,1,22,0,0,0,0,3,0,6,1,0,0,4,0,0,0,0,0,1,4,1,0,0,0,2
HR_HRZZAL,Albania,7,7,0,0,0,0,0,0,0,0,0,0,4,1,0,0,0,0,0,0,0,0,0,0,0,0,0,0,0,0,1,1,0,0,0,0
HR_00019,Andrijasevci,3250,889,39,0,5,2,1,43,1,120,0,12,305,32,11,2,0,69,1,42,1,3,5,26,5,0,2,0,1,4,72,4,0,0,2,79
HR_00027,Antunovac,3105,970,20,0,7,1,4,53,2,90,1,9,388,35,8,1,0,74,0,33,1,1,2,35,3,0,1,0,0,5,111,9,0,0,14,62
HR_HRZZAR,Argentina,82,82,0,0,0,1,0,26,3,12,1,3,24,0,1,0,0,0,0,1,1,0,1,4,0,0,1,0,0,0,2,1,0,0,0,0
HR_HRZZAU,Australia,397,397,5,0,1,1,2,116,2,131,1,5,78,0,5,0,0,11,1,11,1,0,1,4,0,0,0,0,0,0,7,1,1,0,2,10
HR_HRZZAT,Austria,214,214,1,0,0,3,1,35,0,44,0,2,29,2,11,0,0,6,0,7,9,1,5,1,1,0,5,0,0,0,30,6,0,0,4,11
HR_00035,Babina Greda,2955,748,22,0,2,5,6,31,0,56,1,15,176,9,48,1,0,19,0,20,1,1,2,29,1,0,1,1,1,1,253,4,0,0,2,40
HR_00043,Bakar,7050,2108,67,0,9,7,8,61,2,138,3,15,462,16,131,6,2,198,4,78,28,8,43,56,6,6,29,1,0,22,464,80,2,0,12,144
HR_00051,Bale - Valle,1070,274,13,0,1,0,1,3,0,3,0,4,14,4,115,1,1,19,1,7,4,0,1,1,1,2,4,2,0,0,32,6,0,0,1,33
HR_00060,Barban,2191,811,30,0,3,2,5,9,1,3,1,2,64,9,356,8,0,36,0,10,5,4,10,11,6,3,0,1,2,4,153,14,0,1,2,56
HR_00078,Barilovic,2656,745,28,0,7,9,1,27,5,73,3,2,258,79,23,0,0,30,0,16,5,0,0,31,2,1,47,1,1,3,47,3,0,0,4,39
HR_00086,Baška,1800,542,15,0,10,3,3,18,1,18,0,3,113,1,36,2,1,56,0,16,4,4,15,23,0,1,3,1,0,2,135,13,1,0,3,41
HR_00094,Baska Voda,2997,1084,36,0,3,11,1,55,1,106,3,16,370,2,4,0,6,67,1,57,6,1,17,29,3,1,2,1,1,1,177,16,1,0,6,83
HR_00108,Bebrina,2561,650,29,0,7,10,6,21,1,41,3,41,246,6,28,1,2,22,1,19,2,0,0,39,2,1,3,0,1,0,66,4,1,0,0,47
HR_00116,Bedekovcina,6552,1376,35,0,6,27,6,6,0,59,3,8,292,49,28,1,5,97,1,26,102,20,11,69,3,4,0,0,2,4,391,16,2,7,2,94
HR_05509,Bedenica,1110,302,11,0,1,16,4,4,0,22,0,2,47,13,8,0,3,23,2,2,3,2,3,29,0,2,1,0,0,1,45,4,0,1,3,50
HR_00124,Bednja,3620,825,23,0,6,3,3,16,0,28,3,4,297,91,9,8,1,42,1,25,1,119,2,14,2,0,0,0,0,0,68,5,1,2,2,49
HR_HRZZBE,Belgium,452,452,7,0,0,1,0,20,0,18,0,0,61,5,36,1,0,15,0,14,42,0,26,15,0,4,11,0,0,4,135,21,0,1,7,8
HR_00132,Beli Manastir,7912,2201,88,0,10,12,6,45,16,135,4,22,714,24,40,4,3,139,4,48,16,0,5,28,4,6,326,2,2,2,335,17,3,0,7,134
HR_00159,Belica,2713,689,13,0,2,1,2,12,0,7,0,5,71,292,15,4,1,46,1,8,1,24,1,11,0,0,0,0,1,0,128,4,1,0,1,37
HR_00167,Belisce,8716,2133,48,0,15,14,8,98,1,236,2,24,416,58,63,3,3,233,1,80,7,2,14,79,7,2,15,0,3,6,467,34,3,0,10,181
HR_00175,Benkovac,13242,2511,76,0,7,14,6,246,95,224,2,32,978,48,15,43,6,63,2,129,6,10,7,29,6,1,239,1,2,3,119,19,8,0,2,73
HR_00183,Berek,1080,404,10,0,5,2,1,4,0,10,8,8,195,0,23,4,1,28,2,10,0,1,1,19,1,0,0,0,1,0,34,5,0,0,5,26
HR_00191,Beretinec,1872,468,15,0,3,1,2,4,0,16,1,4,114,40,30,1,1,57,1,20,1,50,1,15,0,1,1,1,1,0,39,2,0,1,1,44
HR_00205,Bibinje,3434,733,15,0,0,4,1,56,1,132,1,5,306,1,7,6,0,29,4,34,7,3,1,29,0,1,2,0,0,0,50,8,1,0,1,28
HR_06211,Bilice,2228,493,9,0,1,6,0,22,0,65,1,16,159,1,3,1,0,52,0,30,1,2,6,9,2,0,0,0,0,0,80,5,0,0,0,22
HR_00213,Bilje,4586,1125,37,0,9,8,6,30,1,90,3,16,256,55,17,4,1,100,1,54,8,0,11,31,1,0,9,1,2,16,216,33,2,1,7,99
HR_00221,Biograd na Moru,5313,1477,42,0,8,9,5,138,1,174,0,18,419,8,31,7,1,92,3,59,17,7,15,40,2,3,11,0,1,2,280,29,1,0,2,52
HR_03107,Biskupija,1303,665,14,0,1,1,0,3,3,10,2,3,28,0,0,0,1,2,1,0,0,0,0,1,2,1,560,0,0,0,17,0,0,0,0,15
HR_05479,Bistra,5629,1223,25,0,1,55,2,45,1,126,2,6,255,22,40,3,0,140,1,61,19,1,14,68,6,1,1,1,1,3,165,15,4,4,2,133
HR_00230,Bizovac,3701,905,28,0,1,7,9,37,1,146,2,9,216,7,31,0,0,67,4,53,0,2,0,54,1,0,0,0,1,1,138,12,1,1,5,71
HR_00248,Bjelovar,32862,8473,147,0,29,111,33,315,12,764,9,75,1484,105,368,472,5,889,7,315,83,26,63,380,17,20,103,2,11,24,1898,160,6,9,59,472
HR_00256,Blato,3261,1399,34,0,12,3,2,26,1,136,5,16,669,4,12,6,1,32,0,59,8,2,9,12,3,6,1,0,2,2,285,8,1,0,1,41
HR_00264,Bogdanovci,1564,444,17,0,0,3,2,33,0,92,1,10,138,10,1,2,0,19,0,12,1,1,0,18,0,2,10,0,0,1,34,2,0,0,1,34
HR_00272,Bol,1624,509,11,0,1,5,0,19,0,51,0,5,66,0,12,7,1,47,0,27,3,2,27,22,1,5,1,0,1,6,146,5,1,0,3,34
HR_00299,Borovo,3862,1183,31,0,2,6,0,1,23,5,0,2,7,1,4,1,1,1,0,3,0,3,2,0,1,2,1040,0,0,1,34,0,0,0,1,11
HR_00302,Bosiljevo,1074,364,8,0,7,1,2,9,0,21,0,8,137,17,70,0,1,10,2,6,0,2,0,8,2,1,1,0,0,0,36,1,0,0,0,14
HR_HRZZBA,Bosnia and Herzegovina,10952,10952,113,0,26,49,4,586,7,1003,3,72,8168,19,35,8,2,61,5,132,20,7,21,206,10,3,83,2,1,1,212,19,1,4,3,66
HR_00329,Bosnjaci,3188,656,23,0,2,16,1,36,1,137,3,12,127,1,64,1,1,38,0,17,1,1,3,53,2,1,1,0,0,0,64,6,2,0,1,41
HR_HRZZBR,Brazil,8,8,0,0,0,0,0,0,0,0,0,0,3,0,1,0,0,0,0,2,0,0,1,0,0,0,0,0,0,0,1,0,0,0,0,0
HR_00337,Brckovljani,5870,1155,27,0,3,33,17,40,0,105,2,15,186,15,31,7,2,114,3,43,8,10,8,152,5,1,1,0,1,6,205,14,1,2,7,91
HR_00345,Brdovec,9932,2620,73,0,8,80,18,83,2,186,3,18,431,35,160,7,1,246,2,108,39,4,35,105,6,8,5,1,6,19,632,49,1,6,8,235
HR_00779,Brela,1586,582,25,0,0,5,4,27,0,45,2,14,224,3,14,1,0,20,2,35,5,0,16,20,1,2,3,1,1,1,87,5,0,0,3,16
HR_00353,Brestovac,3285,1146,45,0,4,11,8,32,6,94,3,16,513,5,21,1,0,68,2,33,0,3,6,34,4,2,23,0,0,0,121,4,0,0,2,85
HR_00361,Breznica,1764,421,21,0,1,9,2,10,0,18,2,5,91,24,20,0,0,21,1,6,1,52,0,18,2,0,1,1,0,0,76,1,0,0,1,37
HR_01511,Breznicki Hum,1102,257,9,0,2,2,1,8,1,9,0,1,69,14,9,0,0,26,1,6,2,33,1,8,3,0,0,0,0,0,29,3,0,0,3,17
HR_00370,Brinje,2643,498,20,0,11,6,5,10,0,51,3,7,200,2,54,0,0,17,1,7,0,2,0,17,1,3,13,0,1,1,24,6,1,1,3,31
HR_00388,Brod Moravice,669,221,10,0,0,6,0,5,0,10,1,1,75,1,4,1,0,11,1,13,0,0,0,3,1,1,0,1,0,5,50,9,1,0,1,10
HR_00396,Brodski Stupnik,2479,638,22,0,4,4,4,29,0,63,1,7,196,2,31,1,0,46,0,43,4,2,2,42,1,0,4,1,0,0,61,8,0,0,0,60
HR_00400,Brtonigla - Verteneglio,1526,483,18,0,0,6,0,3,1,11,2,7,36,1,262,0,0,13,1,13,1,0,2,4,2,0,3,0,0,6,33,6,0,0,2,50
HR_00418,Budinscina,1924,427,16,0,7,40,1,5,0,14,2,2,122,38,20,2,1,24,1,2,0,28,2,13,0,0,0,1,0,3,50,4,0,2,1,26
HR_HRZZBG,Bulgaria,21,21,1,0,0,0,0,0,0,0,0,2,4,0,7,0,0,3,0,0,0,0,0,0,0,0,0,0,0,0,3,1,0,0,0,0
HR_00426,Buje - Buie,4583,1192,38,0,7,6,2,13,1,40,1,7,72,6,522,4,0,93,1,19,9,0,8,10,4,5,12,0,2,1,186,20,0,1,6,96
HR_05673,Bukovlje,2783,787,23,0,8,3,7,30,1,56,4,16,319,15,15,0,0,47,1,28,4,0,3,10,1,2,3,3,1,1,132,5,0,0,2,47
HR_00434,Buzet,5094,2115,74,0,4,2,11,7,1,16,1,5,82,25,1130,4,1,89,5,46,23,6,20,36,5,7,8,0,1,4,288,44,5,0,22,143
HR_00442,Cerna,3671,927,56,0,9,5,3,53,0,124,3,10,279,38,25,3,0,41,1,36,1,1,3,26,4,1,1,1,2,0,102,6,0,0,4,89
HR_00469,Cernik,3086,853,31,0,2,12,4,30,1,78,0,24,315,5,12,1,1,49,2,24,0,2,2,25,4,4,10,0,1,3,161,10,0,0,0,40
HR_00477,Cerovlje,1336,521,25,0,3,0,1,5,0,13,1,8,43,5,259,1,0,15,2,16,5,2,2,7,0,0,3,0,0,1,42,6,0,0,2,54
HR_00485,Cestica,4619,1476,55,0,6,1,4,6,0,23,2,15,149,410,13,5,1,68,2,27,2,207,8,13,6,1,2,1,2,1,268,19,3,0,7,149
HR_00493,Cetingrad,1889,344,9,0,3,4,0,11,0,17,1,7,212,0,11,1,1,9,0,11,1,0,0,8,1,2,4,0,0,0,16,0,0,0,0,15
HR_00507,Cista Provo,2211,809,29,0,2,3,3,103,0,103,1,9,408,2,1,1,1,21,1,57,0,0,2,34,0,0,0,0,0,0,6,0,0,0,0,22
HR_00515,Civljane,237,39,0,0,0,0,0,4,0,0,0,0,5,0,0,1,0,1,0,3,0,0,0,0,0,0,21,0,0,0,3,0,0,0,0,1
HR_00523,Cres,2714,905,20,0,5,14,7,13,4,50,0,6,88,15,37,3,1,82,2,25,12,2,222,38,5,1,4,4,4,5,176,15,1,0,3,41
HR_00531,Crikvenica,11677,2691,57,0,8,39,21,86,7,150,0,21,575,48,135,11,3,275,1,100,20,7,17,44,8,9,31,1,2,5,752,84,5,1,18,150
HR_HRZZME,Montenegro,120,120,0,0,1,8,0,7,0,8,0,2,53,2,1,1,0,1,0,2,0,0,0,3,1,0,4,0,0,0,21,2,0,0,1,2
HR_00540,Crnac,1139,353,9,0,2,1,3,16,0,29,0,3,161,0,4,2,0,21,0,22,0,4,1,5,1,0,3,0,1,1,22,2,1,0,1,38
HR_HRZZDK,Denmark,24,24,0,0,0,0,0,0,0,0,0,0,1,0,2,1,0,4,0,3,6,0,0,1,0,1,0,0,0,0,2,3,0,0,0,0
HR_00663,Darda,5436,1197,42,0,5,6,2,47,1,78,1,10,283,27,21,1,5,91,2,27,3,4,3,27,6,2,216,0,2,2,167,12,1,0,6,97
HR_00671,Daruvar,9814,2726,62,0,10,27,6,63,12,166,7,88,608,16,118,13,1,236,1,72,8,2,66,86,3,6,116,2,1,7,642,90,4,1,57,129
HR_00680,Davor,2377,557,15,0,2,3,3,16,0,51,0,8,242,1,31,1,0,26,2,29,1,0,0,42,0,0,0,0,0,0,51,7,0,0,0,26
HR_06033,Dekanovec,671,205,6,0,1,3,1,13,1,11,0,2,42,60,1,3,0,6,0,2,0,2,0,2,0,0,1,0,0,0,24,3,0,0,0,21
HR_00698,Delnice,4818,1237,36,0,7,15,9,52,1,65,5,7,208,1,49,2,1,89,0,43,16,4,22,27,7,4,3,0,1,2,399,24,3,0,11,124
HR_00701,Desinic,2155,509,36,0,3,14,0,11,2,16,3,11,183,10,15,3,2,16,0,20,4,2,5,18,2,0,1,1,0,1,76,3,2,4,3,42
HR_00710,Dezanovac,2132,538,15,0,6,8,1,10,1,42,1,11,135,2,28,4,1,12,1,20,0,5,2,36,2,0,50,1,0,6,73,3,1,1,20,40
HR_00728,Dicmo,2259,692,27,0,4,1,0,74,0,81,0,8,243,6,1,5,0,35,0,99,2,0,1,40,0,0,17,0,2,1,18,5,1,0,4,17
HR_00744,Dobrinj,2364,592,7,0,2,6,2,17,0,47,4,4,73,2,39,4,0,63,0,26,7,1,23,22,0,3,2,0,0,1,168,20,0,0,4,45
HR_00752,Domasinec,1916,496,13,0,2,2,0,0,0,8,0,4,83,197,17,2,0,21,0,2,0,12,1,7,1,3,1,0,3,2,69,1,0,0,0,45
HR_00787,Donja Dubrava,1708,452,8,0,2,5,4,3,0,9,0,2,90,179,7,7,0,15,1,4,4,4,0,15,0,0,0,1,1,0,66,3,0,0,1,21
HR_05762,Donja Moticina,1345,306,9,0,4,1,0,12,0,43,0,2,102,2,10,0,1,11,1,8,1,1,2,13,0,0,1,0,1,1,47,0,0,0,1,32
HR_00795,Donja Stubica,4609,1316,34,0,3,264,8,7,0,74,1,7,182,24,24,2,0,112,3,40,15,6,12,68,1,5,3,0,2,2,285,21,3,20,6,82
HR_00809,Donja Voca,2093,321,16,0,1,2,0,2,1,9,0,7,42,14,10,0,1,30,1,5,0,78,0,10,0,1,1,0,0,2,46,1,0,0,1,40
HR_00817,Donji Andrijevci,3141,945,46,0,9,6,3,40,0,92,3,10,439,4,5,3,1,60,1,48,1,0,3,25,1,2,8,1,2,2,57,1,3,1,1,67
HR_00825,Donji Kraljevec,3699,1072,22,0,3,9,3,13,0,31,1,7,231,281,26,5,0,65,2,10,2,16,6,30,1,0,0,1,3,1,232,7,0,0,1,63
HR_00833,Donji Kukuruzari,1252,397,13,0,3,2,1,5,12,18,0,5,168,2,47,1,1,6,1,6,2,2,0,17,0,0,59,0,0,1,17,2,0,0,0,6
HR_00841,Donji Lapac,1607,493,19,0,1,5,0,5,7,17,2,1,58,2,2,1,1,5,0,2,0,1,0,5,2,1,265,1,0,1,86,1,0,0,0,2
HR_00868,Donji Miholjac,7644,1897,44,0,11,7,3,71,1,211,4,15,563,45,47,3,2,159,2,111,0,7,9,84,3,2,10,1,1,4,324,26,2,1,2,122
HR_00892,Donji Vidovec,1162,208,8,0,0,1,0,2,0,6,0,1,32,51,1,13,1,11,0,5,0,1,0,6,0,0,0,0,0,0,47,5,0,0,0,17
HR_05681,Dragalic,1153,336,9,0,1,2,2,14,0,37,0,4,92,2,23,2,0,11,0,4,0,0,1,11,1,0,37,0,1,0,58,1,1,0,1,21
HR_00906,Draganic,2355,593,15,0,1,22,3,20,1,67,0,11,200,6,14,0,0,51,0,17,4,1,1,41,3,1,0,0,0,2,53,11,3,0,3,42
HR_00914,Draz,2235,633,30,0,8,4,4,26,5,40,0,5,249,8,9,0,0,53,1,17,0,2,2,26,1,1,2,0,0,4,69,4,2,0,5,56
HR_00949,Drenje,2077,495,13,0,5,3,2,16,0,68,2,9,150,11,19,0,0,37,5,14,2,0,4,20,2,0,4,0,1,2,43,5,0,0,7,51
HR_00922,Drenovci,4397,916,33,0,6,9,1,36,2,123,4,14,323,7,50,2,0,44,1,30,1,1,0,42,2,0,4,1,1,0,99,3,0,1,2,74
HR_00957,Drnis,6339,1989,71,0,4,58,6,170,8,233,3,26,777,45,16,9,1,91,1,99,5,2,8,80,3,2,76,3,0,5,110,15,2,0,2,58
HR_00965,Drnje,1457,320,16,0,3,22,2,1,0,10,1,7,41,21,14,1,1,21,2,12,1,2,1,15,1,1,0,1,0,0,86,5,0,0,4,28
HR_00973,Dubrava,3758,1160,34,0,5,34,5,16,0,45,2,7,386,6,54,3,0,73,3,55,3,3,8,58,7,1,2,1,1,1,236,12,0,2,2,95
HR_05495,Dubravica,1142,320,8,0,3,8,1,6,0,14,0,8,116,0,27,5,0,27,0,8,1,0,1,30,0,1,0,1,1,0,24,2,0,1,0,27
HR_05983,Dubrovacko primorje,1714,571,12,0,0,3,1,20,2,64,0,9,298,7,13,1,0,21,0,30,6,3,1,14,1,0,0,0,0,2,42,0,0,0,1,20
HR_00981,Dubrovnik,38738,10350,239,0,23,115,24,454,9,957,7,61,3001,119,278,83,7,777,12,718,191,143,151,268,20,29,81,5,11,57,1762,255,3,2,36,452
HR_00990,Duga Resa,9324,3187,78,0,10,27,13,113,3,325,13,24,897,134,149,19,5,188,4,115,14,9,23,153,8,5,21,1,3,13,471,47,5,4,28,265
HR_01007,Dugi Rat,6475,1540,41,0,9,9,7,143,1,215,1,20,320,15,14,2,2,111,5,158,12,3,67,76,2,3,3,1,0,2,199,20,2,1,9,67
HR_01015,Dugo Selo,16284,3648,87,0,8,111,9,206,0,454,3,36,640,73,86,5,1,296,6,173,56,13,36,292,13,1,20,2,4,21,650,77,2,5,18,244
HR_05851,Dugopolje,3153,1019,50,0,15,4,1,53,0,58,2,12,442,2,7,10,2,54,1,84,1,0,17,42,1,0,0,0,1,0,99,4,1,0,3,53
HR_01023,Dvor,4160,1277,40,0,7,8,1,14,26,29,1,6,146,2,2,1,0,23,0,19,1,69,1,29,0,3,734,0,1,0,72,6,1,1,1,33
HR_HRZZEG,Egypt,17,17,0,0,1,0,1,4,0,3,0,0,0,0,0,0,0,1,0,0,0,0,1,2,0,0,1,0,0,0,1,2,0,0,0,0
HR_01104,Erdut,5995,1749,38,0,7,5,1,45,16,103,3,4,210,19,11,1,0,47,0,28,2,4,2,21,4,1,979,1,0,1,86,1,3,1,1,104
HR_01112,Ernestinovo,1853,406,13,0,0,2,1,28,0,35,1,4,146,13,5,1,0,28,1,25,0,0,1,7,0,0,8,1,0,0,52,4,0,0,4,26
HR_01139,Ervenik,747,415,7,0,0,0,0,0,3,0,0,1,3,0,0,1,0,1,1,0,0,0,1,0,1,0,391,1,0,0,2,1,0,0,0,1
HR_01147,Farkasevac,1398,402,16,0,2,41,3,4,0,24,0,2,94,0,59,1,0,11,1,12,1,3,2,26,2,1,1,0,0,0,56,3,0,0,0,37
HR_06190,Fažana - Fasana,3447,1297,43,0,8,3,7,19,1,45,0,5,72,11,364,1,1,105,3,24,22,2,7,15,6,13,21,0,1,5,384,31,1,1,13,63
HR_01155,Ferdinandovac,1346,332,11,0,2,7,0,4,0,24,0,2,108,14,13,0,1,18,0,7,2,0,3,8,1,0,0,1,0,0,71,1,0,0,1,33
HR_01163,Fericanci,1725,495,19,0,5,2,3,29,0,39,1,4,130,25,8,2,0,43,1,32,2,3,1,12,2,1,0,1,0,0,69,5,0,0,4,52
HR_HRZZFI,Finland,8,8,1,0,0,0,0,0,0,0,0,0,2,0,0,0,0,0,0,0,0,0,0,1,0,0,1,0,0,0,1,0,0,0,2,0
HR_HRZZFR,France,116,116,1,0,0,0,0,14,0,15,0,0,32,1,2,4,0,5,0,6,7,1,1,7,0,0,2,0,0,0,14,2,0,0,2,0
HR_06297,Funtana - Fontane,870,237,2,0,1,0,3,6,0,8,0,1,39,2,81,0,0,47,2,2,0,0,1,9,1,1,1,0,0,3,16,4,0,0,1,6
HR_01171,Fuzine,1406,353,9,0,4,3,2,7,0,20,1,3,57,2,41,3,0,20,0,6,2,6,3,11,1,0,2,1,0,1,114,8,2,1,3,20
HR_05711,Galovac,1085,211,12,0,3,1,0,3,0,21,0,1,92,17,1,1,0,6,0,10,0,2,1,3,0,0,0,0,0,0,27,3,0,0,1,6
HR_01198,Garesnica,8534,2531,69,0,21,32,5,79,6,116,16,31,757,9,97,144,1,156,5,67,4,5,14,67,5,3,80,5,2,4,476,30,3,2,85,135
HR_01180,Garcin,3876,1070,27,0,6,5,6,51,0,89,3,15,447,3,16,4,0,51,1,53,3,1,2,40,4,2,12,4,2,1,102,6,5,0,9,100
HR_01201,Generalski Stol,2233,624,25,0,5,9,3,30,0,92,3,13,210,22,16,0,0,21,2,16,2,2,2,26,1,1,0,1,0,1,66,1,2,0,0,52
HR_01210,Glina,7127,1786,75,0,6,48,8,64,180,108,2,10,580,8,17,22,0,67,17,62,5,20,0,129,5,1,132,1,3,1,114,15,3,2,2,79
HR_01228,Gola,1828,409,3,0,7,2,1,14,0,33,0,8,174,7,14,0,2,24,0,7,1,1,0,35,1,0,0,2,0,1,38,6,1,0,5,22
HR_01236,Gorican,2387,649,14,0,2,3,2,13,0,22,2,6,135,222,34,12,0,20,0,5,0,4,4,20,0,0,1,2,0,3,80,3,0,0,1,39
HR_01244,Gorjani,1321,393,9,0,2,4,1,20,1,23,0,3,157,4,8,1,1,20,2,19,1,0,0,17,0,0,1,0,1,0,56,1,1,0,1,39
HR_06181,Gornja Rijeka,1367,396,12,0,1,6,2,6,0,23,2,3,124,4,14,0,2,16,1,12,1,4,3,52,4,3,0,0,0,0,62,0,0,1,0,38
HR_01252,Gornja Stubica,4369,1133,32,0,4,29,5,8,0,65,2,3,174,235,50,4,0,76,2,21,11,7,6,78,3,0,0,2,0,3,148,42,0,8,4,111
HR_05690,Gornja Vrba,2181,454,13,0,2,4,2,31,0,44,1,7,136,4,13,1,1,42,0,29,3,2,2,20,1,1,1,0,0,2,53,0,1,0,0,38
HR_01279,Gornji Bogicevci,1705,441,32,0,5,14,3,10,3,43,3,34,150,5,4,0,1,9,1,17,0,0,1,11,0,1,21,0,2,1,55,1,1,0,0,13
HR_01295,Gornji Kneginec,4691,1285,26,0,4,1,3,10,2,65,0,13,337,107,80,2,2,116,4,39,12,94,10,29,2,4,2,2,2,2,198,25,1,2,10,79
HR_06041,Gornji Mihaljevec,1614,404,10,0,1,4,2,1,0,8,0,4,66,147,3,7,0,17,0,5,2,4,2,6,2,0,1,0,0,1,64,10,0,2,2,33
HR_01309,Gospic,10856,3112,84,0,74,55,11,583,7,246,3,40,1131,11,31,20,0,109,6,59,6,7,13,140,2,4,66,5,2,6,237,68,2,1,4,79
HR_01333,Grad Zagreb,692321,229715,4325,0,458,10292,762,11968,199,22635,194,966,30737,2364,8247,1043,77,21563,147,10189,10875,610,4854,13146,623,732,3237,41,253,1032,48115,7382,100,482,1712,10355
HR_01341,Gradac,3081,1289,80,0,7,16,4,21,1,78,5,14,374,2,3,5,1,41,0,81,9,2,6,19,6,4,7,0,0,2,421,15,2,0,4,59
HR_01350,Gradec,2947,935,34,0,5,52,3,16,0,38,0,4,104,8,41,4,0,49,0,343,4,4,3,31,3,2,2,0,1,1,122,10,4,0,2,45
HR_01368,Gradina,3042,908,24,0,8,3,4,12,2,49,4,13,451,4,16,4,0,43,0,24,3,0,2,31,0,0,44,1,1,0,64,10,0,0,0,91
HR_01376,Gradiste,2330,403,21,0,1,1,0,17,0,59,1,3,100,5,10,3,2,43,1,20,2,2,0,15,3,0,1,0,0,0,54,4,0,0,3,32
HR_01317,Gracac,3981,983,35,0,3,6,4,28,14,59,2,11,251,16,10,2,1,22,2,31,3,7,1,5,0,4,382,1,1,1,44,6,1,0,0,30
HR_01325,Gracisce,1187,351,8,0,0,1,3,2,0,12,0,2,13,4,140,2,2,16,0,11,13,1,7,12,1,5,4,0,0,1,40,9,0,0,2,40
HR_01384,Grožnjan - Grisignana,663,182,6,0,1,1,0,1,0,3,0,1,1,1,116,0,1,3,0,0,4,1,1,0,0,1,0,0,0,0,17,0,0,0,2,21
HR_01392,Grubisno Polje,5204,1496,71,0,6,20,10,54,3,71,2,21,466,7,24,15,2,71,4,47,3,6,2,57,5,3,57,1,3,1,357,13,2,0,17,75
HR_HRZZGR,Greece,15,15,0,0,0,1,0,0,0,0,0,0,5,0,0,0,0,1,0,0,2,0,2,0,0,0,0,0,0,0,2,2,0,0,0,0
HR_01406,Gundinci,1540,382,13,0,4,3,0,29,0,45,1,7,111,0,3,1,0,19,0,11,0,1,0,24,3,1,0,0,0,0,64,0,0,0,1,41
HR_01414,Gunja,3243,469,22,0,3,14,0,25,1,67,1,3,116,10,16,6,1,18,2,18,0,4,1,16,0,0,4,0,2,0,70,5,0,1,2,41
HR_05100,Gvozd,2736,629,24,0,5,2,3,4,14,20,1,8,117,2,1,1,0,8,2,11,2,0,0,8,1,2,342,0,1,0,32,1,1,0,1,15
HR_01449,Hercegovac,1936,481,15,0,1,9,2,7,0,19,1,5,74,3,53,30,1,25,1,19,1,0,2,66,0,0,2,0,0,0,88,2,0,0,20,35
HR_01457,Hlebine,1008,286,10,0,8,16,1,6,0,17,2,1,90,7,7,9,0,12,1,11,0,1,2,18,0,0,0,1,0,0,36,4,0,0,3,23
HR_01465,Hrascina,1275,310,7,0,1,12,0,6,0,9,0,1,53,6,36,0,0,11,0,4,2,35,1,15,1,1,1,0,0,0,69,1,0,2,1,35
HR_01481,Hrvace,3251,1060,26,0,3,0,1,116,0,77,2,17,497,2,5,0,0,42,1,161,0,3,3,27,1,0,7,0,0,3,29,1,2,0,2,32
HR_01490,Hrvatska Dubica,1640,420,18,0,5,2,2,18,1,25,0,3,135,2,3,1,0,19,1,17,2,2,1,41,1,1,53,0,0,0,42,1,0,0,0,24
HR_01503,Hrvatska Kostajnica,2171,642,14,0,3,8,2,9,3,25,0,8,197,3,14,12,2,25,0,10,2,3,3,98,3,2,93,0,1,2,68,6,1,1,1,23
HR_01520,Hum na Sutli,4086,808,31,0,1,12,0,14,0,20,2,10,169,15,16,5,2,65,5,21,1,9,2,51,3,1,2,1,0,2,247,17,0,4,3,77
HR_01538,Hvar,4175,964,19,0,3,6,4,51,2,79,3,12,243,17,31,2,0,96,1,45,18,1,25,19,1,2,2,0,0,1,215,18,2,0,2,44
HR_01546,Ilok,5361,1454,46,0,20,13,3,39,4,212,8,14,510,14,28,12,3,57,1,82,2,7,7,53,2,2,50,0,1,1,136,16,1,1,9,100
HR_01554,Imotski,8850,2726,81,0,12,14,7,483,0,304,8,33,1089,34,14,6,2,126,5,189,2,1,12,94,5,3,18,0,1,0,108,3,1,0,5,66
HR_HRZZIN,India,5,5,0,0,0,1,0,0,0,0,0,0,1,0,0,0,0,0,0,0,0,0,0,0,0,0,0,0,0,0,0,2,0,0,1,0
HR_HRZZID,Indonesia,11,11,1,0,0,0,0,1,0,1,0,0,1,1,1,0,0,0,0,0,0,0,0,0,0,0,1,0,0,0,3,0,0,0,1,0
HR_HRZZIE,Ireland,53,53,1,0,0,0,0,2,0,1,0,0,1,1,4,0,0,7,0,3,6,0,2,2,0,0,1,0,0,1,9,0,0,0,0,12
HR_HRZZIT,Italy,201,201,1,0,1,3,0,9,0,25,0,2,50,1,7,0,1,4,0,17,7,0,5,37,0,2,0,0,0,0,15,6,0,0,2,6
HR_01562,Ivanec,11338,2828,111,0,11,10,7,45,2,88,2,13,468,498,59,8,2,178,3,63,16,363,9,39,11,8,2,3,1,8,546,56,3,9,6,180
HR_01589,Ivanic-Grad,12246,3363,75,0,15,56,10,61,2,243,7,24,553,192,108,20,5,351,2,94,38,21,40,267,13,6,15,1,5,4,777,71,2,3,42,240
HR_01597,Ivankovo,6372,1559,32,0,10,10,6,87,1,346,1,14,445,9,28,4,1,115,3,63,4,4,6,79,3,1,1,2,1,5,141,13,0,1,4,119
HR_01619,Ivanska,2252,600,22,0,4,5,3,26,1,48,1,5,95,18,28,46,0,40,1,36,3,3,0,49,1,0,6,1,0,0,83,3,1,1,20,50
HR_HRZZIL,Israel,12,12,0,0,0,1,0,1,0,3,0,1,1,2,0,0,0,0,0,0,1,0,0,0,0,0,0,0,0,1,0,1,0,0,0,0
HR_06092,Jagodnjak,1446,420,12,0,2,1,0,1,3,7,1,1,12,9,3,0,0,4,0,6,0,4,0,1,0,1,315,0,0,0,15,1,0,0,1,20
HR_01635,Jakovlje,3210,729,17,0,5,37,4,22,0,44,4,7,156,13,32,3,0,59,1,28,7,3,10,36,2,2,0,0,3,4,143,9,2,3,4,69
HR_01643,Jaksic,3300,1076,34,0,5,13,6,59,1,104,2,8,338,4,38,4,1,83,3,66,1,2,2,72,4,1,8,0,2,1,135,7,0,1,2,69
HR_01651,Jalzabet,2643,806,28,0,6,4,2,6,0,74,1,5,267,16,21,3,1,30,2,23,0,89,13,11,4,1,1,1,1,1,91,6,4,2,5,87
HR_05991,Janjina,575,206,4,0,2,1,1,10,0,17,1,3,64,2,2,1,0,13,1,5,4,0,1,10,1,0,0,0,0,0,49,6,0,0,1,7
HR_HRZZJP,Japan,17,17,0,0,0,1,0,1,0,0,0,0,4,1,1,0,0,0,0,1,0,0,1,0,0,0,0,0,0,0,6,0,0,0,0,1
HR_01660,Jarmina,2005,520,19,0,3,5,4,19,1,68,0,7,210,0,3,1,0,37,2,22,2,0,0,16,6,1,2,0,0,1,45,7,0,0,0,39
HR_01678,Jasenice,1492,465,14,0,0,2,2,16,0,45,0,7,219,15,1,2,0,14,0,45,0,1,0,17,1,0,16,0,1,2,26,1,0,0,2,16
HR_01686,Jasenovac,1649,754,37,0,11,8,7,46,1,44,1,7,356,7,8,4,1,28,2,18,4,1,2,56,3,2,12,0,0,2,53,4,1,1,4,23
HR_01694,Jastrebarsko,13745,4396,183,0,23,134,19,161,3,404,9,46,957,33,111,3,4,346,3,154,44,8,41,304,14,8,8,0,1,13,901,64,5,4,103,285
HR_01708,Jelenje,4538,1157,51,0,7,11,9,27,0,65,3,10,166,7,108,1,1,114,2,52,5,6,22,25,5,4,1,0,2,11,270,41,4,1,8,118
HR_01716,Jelsa,3492,1207,38,0,6,2,5,76,2,82,2,15,332,30,75,2,1,114,0,66,12,2,14,21,0,3,2,0,2,4,235,18,0,1,8,37
HR_05525,Jesenje,1254,385,24,0,6,7,1,5,0,15,2,7,91,28,10,0,1,38,1,7,2,10,6,20,1,1,0,0,0,1,80,4,1,2,1,13
HR_01724,Josipdol,3059,940,39,0,13,9,4,25,5,128,3,15,358,38,8,1,0,34,2,41,0,3,6,29,2,1,18,0,0,1,106,11,0,0,2,38
HR_HRZZZA,South Africa,20,20,1,0,0,0,0,3,0,4,0,0,3,0,4,0,0,0,0,0,0,0,0,0,0,0,0,1,0,0,3,1,0,0,0,0
HR_01732,Kali,1723,424,7,0,2,0,0,5,0,74,1,3,85,8,13,1,0,31,0,16,10,2,1,11,2,0,1,0,1,2,102,14,0,0,2,30
HR_05592,Kalinovac,1218,427,14,0,4,13,1,5,0,15,0,9,164,5,18,4,0,12,1,16,0,1,0,7,0,0,0,0,2,7,101,5,0,0,4,19
HR_05606,Kalnik,1073,430,17,0,1,5,0,2,0,7,4,7,99,0,19,0,1,5,1,3,0,0,3,21,2,0,0,0,0,0,197,2,0,0,2,32
HR_06238,Kamanje,752,242,8,0,0,4,0,4,0,5,0,2,39,0,6,0,0,12,0,5,2,4,0,7,2,0,0,0,0,0,122,1,0,0,0,19
HR_HRZZCA,Canada,200,200,2,0,0,1,0,69,0,70,0,2,20,0,0,0,0,9,0,9,3,0,0,2,0,0,2,0,0,0,7,2,0,0,1,1
HR_01759,Kanfanar,1341,398,17,0,0,0,2,7,0,8,0,2,23,5,167,24,0,24,1,15,5,0,2,12,0,1,4,0,2,1,44,3,1,0,6,22
HR_01767,Kapela,2392,620,13,0,6,14,5,16,0,43,2,10,166,12,30,26,2,31,0,24,1,1,0,24,0,0,2,2,0,1,115,3,3,0,4,64
HR_01775,Kaptol,2847,843,37,0,5,5,3,23,0,73,7,16,282,15,27,3,0,48,0,44,1,2,1,45,6,0,1,0,1,3,84,5,1,0,2,103
HR_01783,Karlobag,929,352,7,0,6,4,0,32,0,43,2,3,167,1,5,1,0,19,3,10,0,1,2,2,2,0,1,0,0,0,24,9,1,1,2,4
HR_01791,Karlovac,47208,15486,364,0,70,176,55,388,34,1438,27,125,4391,132,428,38,8,1159,14,436,272,38,134,742,21,44,502,3,9,30,2898,361,16,11,78,1044
HR_05967,Karojba,1215,366,12,0,1,1,3,8,0,25,2,5,56,4,146,0,0,20,0,11,0,3,2,7,2,0,0,0,0,0,27,4,1,0,5,21
HR_01805,Kastav,9225,2484,55,0,3,19,14,72,8,153,2,12,296,11,200,6,1,242,3,86,57,25,68,54,6,9,67,0,0,32,689,108,1,1,18,166
HR_HRZZQA,Qatar,14,14,0,0,0,0,0,0,0,0,0,0,1,1,0,0,0,1,0,0,0,0,1,0,0,0,0,0,0,1,6,0,0,0,0,3
HR_01813,Kastela,35633,8125,201,0,26,28,22,822,5,1051,12,77,2152,67,58,37,1,650,7,631,46,12,154,413,18,16,25,6,5,23,1044,78,9,1,26,402
HR_05975,Kaštelir-Labinci - Castelliere-S. Domenica,1293,288,4,0,1,2,0,1,3,8,0,2,29,3,125,0,0,20,0,6,1,0,2,6,1,3,2,0,0,1,34,2,0,0,2,30
HR_01830,Kijevo,331,123,3,0,0,3,0,11,0,20,1,1,54,0,0,0,0,5,0,11,0,0,1,5,1,0,0,0,0,0,3,1,0,0,0,3
HR_HRZZCN,China,7,7,0,0,0,0,0,0,0,0,0,0,2,0,1,0,0,1,0,0,0,0,1,0,0,0,0,0,0,0,0,2,0,0,0,0
HR_01848,Kistanje,2584,1051,36,0,5,5,1,37,9,31,1,45,154,1,3,0,0,4,3,6,0,1,1,10,3,2,643,1,0,1,37,0,1,0,0,10
HR_01856,Klakar,1879,522,19,0,2,1,2,35,0,33,0,4,234,2,7,2,1,24,0,26,4,0,3,27,2,0,1,0,0,0,40,4,0,0,3,46
HR_01864,Klana,1604,501,25,0,5,6,1,19,0,27,1,4,55,1,56,0,2,36,1,17,3,1,4,12,0,1,2,0,0,3,167,13,0,0,7,32
HR_01872,Klanjec,2409,656,16,0,3,9,3,14,0,32,1,6,122,15,21,47,3,48,4,21,10,0,3,23,3,1,4,2,1,0,188,7,1,1,1,46
HR_01899,Klenovnik,1637,431,16,0,0,1,1,3,0,11,0,7,98,73,9,2,0,18,1,9,3,73,0,8,2,0,0,0,1,0,45,8,0,0,0,42
HR_01902,Klinca Sela,4449,1238,33,0,11,30,3,45,1,144,0,21,268,17,60,2,0,88,1,53,12,1,16,75,3,0,1,1,10,0,238,25,0,2,3,74
HR_01929,Klis,4208,1383,44,0,5,14,2,108,0,105,4,26,466,20,15,19,0,73,3,131,5,6,13,93,4,4,5,0,1,3,144,11,2,0,3,54
HR_01937,Klostar Ivanic,5267,1266,39,0,2,21,7,41,0,104,3,21,218,43,37,1,4,100,1,48,5,3,5,161,1,1,3,0,0,0,260,22,2,2,9,102
HR_01945,Klostar Podravski,2479,765,35,0,6,6,3,12,0,33,3,10,308,10,36,6,2,40,2,15,4,3,2,40,1,1,2,0,0,0,119,2,1,1,3,59
HR_01953,Knezevi Vinogradi,3495,759,43,0,3,2,3,17,3,42,3,9,190,3,4,2,3,53,1,15,2,2,2,15,1,1,162,0,1,0,89,7,0,0,5,76
HR_01961,Knin,12240,3493,115,0,20,43,10,145,14,332,5,31,1028,57,28,6,1,161,4,152,23,6,15,79,5,5,800,3,0,3,218,29,4,0,3,148
HR_06220,Kolan,770,219,7,0,1,2,0,31,0,26,0,0,50,0,7,0,0,17,0,4,0,0,3,35,0,0,0,0,0,1,23,7,0,0,0,5
HR_01970,Komiža,1590,405,14,0,7,4,0,23,0,21,3,3,88,30,8,0,1,40,0,16,8,1,4,5,3,3,4,0,0,0,102,6,0,0,3,8
HR_01988,Konavle,7335,2527,103,0,10,12,8,79,4,229,3,21,947,38,106,4,1,139,5,209,24,8,24,59,10,1,3,1,1,5,284,36,2,4,9,138
HR_02003,Konjscina,3011,1081,34,0,4,19,1,16,0,27,0,5,240,23,69,4,2,85,1,32,37,8,1,31,6,2,5,1,1,4,285,15,2,8,10,103
HR_01996,Koncanica,1873,415,19,0,9,8,3,10,2,10,1,7,106,1,30,7,0,21,1,9,0,2,2,15,0,0,16,1,0,0,85,11,1,0,4,34
HR_02011,Koprivnica,26273,7821,165,0,68,74,25,161,8,468,6,74,1300,228,249,59,10,624,4,292,101,36,107,252,20,25,39,4,6,29,2625,179,5,7,97,474
HR_02020,Koprivnicki Bregi,1838,469,19,0,3,20,0,5,0,48,0,5,90,13,14,3,2,25,1,16,3,0,2,24,1,0,0,0,1,0,106,5,0,1,30,32
HR_02038,Koprivnicki Ivanec,1760,449,10,0,4,3,0,11,0,21,0,6,128,7,33,7,0,29,0,15,4,3,4,26,0,0,2,1,0,0,86,2,0,0,19,28
HR_02046,Korčula,5070,1803,85,0,11,7,3,74,0,231,3,17,560,13,28,6,1,70,3,81,48,3,21,30,4,5,5,0,2,5,391,19,0,1,7,69
HR_HRZZXK,Kosovo,31,31,0,0,1,0,1,4,0,2,0,0,7,0,3,0,0,1,0,2,2,0,0,1,0,0,0,0,0,0,4,2,0,0,1,0
HR_05380,Kostrena,3927,1042,25,0,2,3,2,34,1,45,1,4,179,6,72,4,0,115,1,42,15,1,58,27,4,5,15,2,1,12,256,45,1,0,2,62
HR_02062,Kotoriba,2509,682,19,0,8,2,0,15,0,17,0,8,120,154,9,23,0,19,1,12,2,8,0,12,2,0,1,0,0,0,181,7,1,0,3,58
HR_02054,Koska,3153,747,23,0,4,6,1,51,1,99,2,9,266,27,4,1,2,38,1,36,1,0,3,15,4,2,9,0,0,1,75,5,1,1,0,59
HR_02089,Kraljevec na Sutli,1359,343,13,0,2,7,0,5,2,29,2,9,120,15,19,1,0,18,0,10,1,1,3,13,1,3,2,1,0,0,45,1,1,3,1,15
HR_02097,Kraljevica,3895,1141,26,0,3,8,7,31,1,55,3,3,320,2,83,2,1,100,1,27,11,3,16,19,4,2,12,0,1,8,243,61,2,0,18,68
HR_02119,Krapina,10283,3310,162,0,10,217,13,51,6,125,5,42,913,70,111,9,0,231,4,84,42,34,14,114,9,4,3,1,8,7,717,60,2,13,18,211
HR_02127,Krapinske Toplice,4546,1481,102,0,14,141,7,20,0,50,4,11,289,38,39,4,3,119,4,63,16,4,8,46,5,4,0,1,1,1,349,21,0,11,8,98
HR_05452,Kravarsko,1624,587,13,0,4,28,1,7,0,39,1,5,200,2,25,2,1,45,2,24,1,2,5,58,0,0,0,0,0,0,67,5,1,4,4,41
HR_05339,Krasic,2120,616,30,0,7,7,2,44,0,70,2,11,162,2,9,4,2,37,1,12,2,1,6,118,1,0,0,0,1,0,44,3,0,1,3,34
HR_02135,Kriz,5752,1919,56,0,7,92,13,35,1,80,6,108,228,18,60,8,3,152,0,45,20,7,10,344,4,8,0,2,4,3,418,20,5,2,8,152
HR_02143,Krizevci,17250,4316,123,0,20,82,12,99,8,265,4,210,853,58,192,19,6,382,3,145,32,17,38,240,9,8,30,3,20,13,1005,92,4,3,30,291
HR_02151,Krk,6345,1688,57,0,3,10,3,50,2,169,1,13,212,26,194,8,3,137,2,44,19,5,47,71,3,2,14,0,2,11,405,57,0,1,2,115
HR_02160,Krnjak,1464,535,15,0,4,2,1,6,5,4,0,3,84,2,0,0,0,3,0,4,0,1,0,1,0,4,364,0,0,0,17,2,0,0,0,13
HR_02178,Krsan,2679,764,25,0,4,6,3,4,0,7,1,3,66,4,362,1,1,43,4,15,1,4,8,8,2,0,3,0,1,2,97,14,1,0,3,71
HR_05720,Kukljica,887,270,14,0,5,0,0,10,0,22,3,4,45,0,1,2,0,30,0,17,0,0,0,5,0,0,2,0,0,0,82,5,1,1,3,18
HR_02194,Kula Norinska,1431,615,20,0,3,7,0,24,0,23,0,2,228,2,13,11,0,9,0,158,4,0,3,8,0,1,0,0,1,2,60,2,0,0,1,33
HR_05533,Kumrovec,1341,443,10,0,2,18,2,5,0,16,0,3,60,137,12,4,1,16,0,6,8,3,7,7,3,2,5,1,0,1,86,7,2,3,1,15
HR_02208,Kutina,18938,5646,129,0,16,73,14,194,13,293,12,28,1115,91,174,344,2,452,4,185,42,21,45,791,7,12,89,3,8,31,1060,75,3,4,15,301
HR_02216,Kutjevo,5263,1323,32,0,8,18,6,51,3,143,4,14,423,20,34,4,3,61,1,63,2,5,4,88,3,3,2,1,1,1,186,6,3,0,2,128
HR_02224,Labin,10229,3315,78,0,10,11,17,25,6,42,2,7,116,12,1769,2,1,186,6,46,32,10,24,20,7,12,14,1,2,4,515,88,1,3,16,230
HR_02232,Lanisce,288,104,8,0,1,1,0,1,0,3,0,1,21,1,31,0,1,6,0,5,0,1,0,3,1,0,1,0,0,0,8,0,0,0,0,10
HR_02259,Lasinja,1425,359,10,0,3,8,5,11,1,42,0,6,113,1,4,4,1,10,0,5,0,1,2,51,1,0,11,0,0,1,48,7,0,0,2,11
HR_02267,Lastovo,854,232,3,0,1,1,3,4,0,34,0,2,56,1,5,0,0,12,0,11,2,1,3,3,0,0,4,0,0,1,66,8,0,0,3,8
HR_02275,Legrad,1874,551,18,0,8,8,3,4,0,19,3,10,141,49,15,1,0,15,1,9,1,1,0,17,1,2,0,1,0,0,163,12,0,0,20,29
HR_02283,Lekenik,4963,1256,39,0,9,11,4,32,0,94,3,17,239,17,29,0,2,82,0,36,5,19,15,226,1,0,3,2,1,1,238,20,1,0,4,106
HR_02291,Lepoglava,6188,1658,55,0,9,20,5,17,1,68,3,24,355,327,45,8,0,83,4,24,6,186,5,31,4,4,14,1,1,3,255,21,5,3,1,70
HR_02305,Levanjska Varos,787,303,12,0,3,0,2,14,0,31,1,3,145,0,5,0,0,7,0,6,0,0,1,5,0,0,10,0,0,0,35,2,0,0,3,18
HR_05860,Lecevica,515,146,8,0,0,0,1,7,0,11,0,4,89,0,0,0,0,5,0,10,0,0,0,9,0,0,0,0,0,0,2,0,0,0,0,0
HR_HRZZLB,Lebanon,51,51,5,0,1,2,0,2,0,5,0,0,13,0,2,0,0,11,0,1,0,1,0,1,1,0,0,0,0,0,1,0,0,0,0,5
HR_02313,Lipik,4977,1413,83,0,8,16,7,48,6,75,4,21,465,8,33,8,0,90,0,60,3,3,5,42,5,8,97,0,2,3,208,9,4,0,2,90
HR_02321,Lipovljani,2714,609,20,0,2,8,0,12,1,46,1,8,104,13,53,9,1,57,1,14,1,1,2,85,1,1,1,1,2,0,103,11,0,0,8,42
HR_02348,Lisane Ostrovicke,773,262,13,0,5,4,0,47,0,18,1,2,121,1,1,1,0,4,0,6,2,0,0,4,1,0,18,0,0,0,8,0,0,0,1,4
HR_02356,Ližnjan - Lisignano,3627,1106,42,0,4,4,3,6,5,38,0,10,80,12,407,1,1,118,0,15,13,0,8,15,2,11,8,1,2,6,160,19,2,2,6,105
HR_02470,Ljubescica,1570,630,17,0,5,2,0,2,0,22,1,10,382,15,6,2,1,22,0,6,3,24,2,8,2,0,0,1,0,0,54,4,0,0,1,38
HR_02364,Lobor,2283,804,31,0,3,23,2,8,2,16,3,8,392,21,15,2,1,41,1,17,3,10,1,24,2,0,2,1,0,1,106,7,0,4,2,55
HR_02372,Lokve,822,296,12,0,0,5,2,5,0,13,3,2,88,1,19,2,0,23,0,4,1,2,2,4,0,1,0,0,0,0,81,4,1,0,3,18
HR_05878,Lokvicici,783,213,3,0,1,1,0,15,0,15,0,4,137,5,1,0,0,3,2,10,0,0,0,4,0,0,0,0,0,0,7,0,0,0,0,5
HR_06246,Lopar,1114,464,20,0,1,5,1,10,2,35,1,3,165,2,10,2,0,38,2,21,0,1,10,8,2,1,0,1,0,2,102,4,0,0,1,14
HR_02399,Lovas,939,480,23,0,9,7,1,14,3,65,2,7,201,0,3,0,0,10,0,68,1,0,0,9,3,0,13,1,0,0,22,0,1,1,0,16
HR_02402,Lovinac,985,294,10,0,5,4,3,27,3,40,1,4,120,2,2,0,1,7,0,6,0,1,0,4,0,1,23,0,1,1,13,2,1,0,0,12
HR_02429,Lovran,3548,1004,18,0,2,5,0,13,1,32,0,5,105,5,182,0,0,75,1,25,15,1,16,22,5,8,15,0,1,8,329,55,0,1,5,54
HR_02437,Lovrec,1585,547,27,0,5,3,1,107,0,88,2,4,220,6,3,0,1,8,0,30,0,0,1,14,1,0,0,0,0,0,8,0,0,0,0,18
HR_02445,Ludbreg,7682,2006,57,0,13,6,6,30,1,99,0,21,259,198,59,9,3,139,4,46,13,208,17,70,4,3,18,1,0,6,527,31,1,2,5,150
HR_05487,Luka,1143,198,8,0,0,1,1,14,0,17,0,2,50,3,5,1,0,16,0,11,1,0,0,19,1,0,0,0,0,2,26,3,0,2,0,15
HR_02453,Lukac,2954,1030,39,0,16,3,5,20,4,51,3,18,531,7,11,3,1,58,1,29,2,2,1,22,2,0,8,0,0,0,116,5,1,2,4,65
HR_06009,Lumbarda,1094,352,7,0,2,2,1,6,0,68,0,2,113,7,14,7,1,10,1,12,14,1,1,6,1,0,0,0,0,3,50,3,0,0,1,19
HR_02461,Lupoglav,747,256,12,0,1,1,0,0,0,3,0,7,18,0,129,1,0,4,0,10,2,2,4,8,0,0,1,0,0,0,22,1,0,1,2,27
HR_05789,Magadenovac,1500,470,25,0,2,1,3,13,0,37,1,2,102,26,18,0,1,18,0,11,0,0,0,59,3,2,30,1,0,1,76,5,0,1,2,30
HR_05550,Majur,961,366,15,0,0,1,0,8,7,11,1,7,75,2,3,1,0,4,1,8,1,2,1,145,1,0,40,0,0,1,20,0,0,0,0,11
HR_02496,Makarska,14838,3647,101,0,7,20,10,195,1,302,2,26,929,19,60,4,2,250,3,174,37,4,52,78,6,8,23,3,1,9,1018,94,3,0,18,188
HR_02500,Mala Subotica,3781,1038,35,0,4,9,3,8,0,29,1,10,164,362,11,2,0,50,1,19,5,11,2,16,2,1,1,3,1,0,199,7,0,1,5,76
HR_02518,Mali Bukovec,1708,471,16,0,5,4,4,6,1,22,1,4,74,58,58,5,0,26,1,10,0,60,0,26,2,0,0,0,0,1,47,0,0,1,2,37
HR_02526,Mali Lošinj,7679,2322,62,0,8,9,10,34,5,169,3,16,323,8,132,8,0,299,6,84,26,2,139,105,9,7,51,1,2,9,561,67,4,0,8,155
HR_02534,Malinska-Dubasnica,3877,748,14,0,3,3,4,34,3,63,0,9,137,3,50,4,1,81,0,20,4,4,19,48,4,0,7,1,0,1,164,22,0,1,5,39
HR_02569,Marija Bistrica,5032,942,28,0,2,42,1,23,1,57,2,6,135,22,38,1,0,128,0,30,15,3,1,94,4,0,1,0,0,0,196,22,1,13,11,65
HR_05398,Marija Gorica,1875,463,14,0,3,14,2,7,0,26,1,4,98,2,31,1,0,41,0,24,5,1,5,27,1,1,0,0,1,2,90,12,1,5,3,41
HR_02577,Marijanci,1931,526,13,0,7,2,5,24,0,62,1,4,175,54,5,0,2,15,1,28,1,1,1,20,1,1,3,0,0,0,40,2,0,1,1,56
HR_02585,Marina,4327,1052,51,0,4,3,1,29,1,72,5,10,311,35,6,3,2,74,3,82,7,3,13,21,2,1,3,0,4,1,213,9,2,0,4,77
HR_06106,Markusica,1976,647,25,0,0,0,0,1,12,0,1,0,7,1,8,1,0,1,0,1,0,0,1,0,0,0,572,0,0,0,12,0,1,0,0,3
HR_00850,Martijanec,2513,499,17,0,3,5,1,23,0,28,1,4,98,24,12,4,1,15,0,8,1,81,1,16,0,1,1,0,0,0,87,5,0,0,0,62
HR_02593,Martinska Ves,2687,782,38,0,6,8,6,23,0,47,1,9,190,8,34,4,1,31,1,23,4,17,2,199,3,0,2,0,1,6,68,3,3,2,6,36
HR_02607,Marusevec,5208,1449,49,0,3,4,4,16,2,53,4,7,240,134,33,4,2,109,1,30,3,236,9,54,3,2,2,1,1,3,298,14,1,1,10,116
HR_02542,Marcana,3857,1203,50,0,2,8,6,13,1,27,1,2,58,19,483,10,3,95,2,37,11,0,5,11,1,2,2,0,1,7,222,26,1,0,7,90
HR_02615,Matulji,9955,2695,67,0,7,19,13,44,4,96,2,22,320,13,387,4,3,304,2,122,52,4,55,55,14,10,27,1,4,12,709,103,3,0,22,195
HR_02488,Mace,2033,487,20,0,4,12,1,12,0,12,0,7,150,6,13,0,0,28,1,15,6,14,2,23,3,0,0,0,0,1,115,1,3,0,1,37
HR_HRZZHU,Hungary,53,53,1,0,0,0,0,2,0,0,0,0,19,0,2,0,0,1,0,6,6,0,0,2,0,1,0,0,0,0,8,2,1,0,0,2
HR_02631,Medulin,6521,1941,47,0,4,12,6,26,2,91,3,7,150,70,600,5,1,210,5,37,51,4,13,21,2,7,26,2,0,6,329,68,0,0,11,125
HR_02640,Metkovic,13842,5328,193,0,19,94,10,179,3,311,2,42,1854,24,89,6,1,144,2,1588,13,5,22,131,7,6,39,1,3,10,386,15,2,2,3,122
HR_02658,Mihovljan,1568,418,10,0,1,4,0,7,0,17,3,8,167,7,48,2,0,24,0,7,1,7,1,20,2,0,1,0,1,1,52,3,0,1,1,22
HR_02666,Mikleus,1260,333,10,0,5,4,0,6,1,28,0,2,188,2,2,2,0,5,1,9,0,0,0,6,1,0,17,1,0,0,24,1,1,0,0,17
HR_02674,Milna,1143,354,9,0,8,18,1,7,0,15,0,7,72,2,9,1,0,27,0,8,3,2,9,6,0,0,2,0,0,0,115,8,1,0,0,24
HR_02682,Mljet,1089,616,10,0,2,2,0,6,0,50,0,3,344,2,21,0,0,27,0,18,4,1,2,8,0,0,1,0,0,1,87,11,2,0,0,14
HR_02704,Molve,1644,412,17,0,5,20,3,4,0,16,1,5,99,7,56,3,2,26,2,15,4,0,1,51,0,0,1,2,1,0,37,4,1,0,5,24
HR_02747,Motovun - Montona,753,260,16,0,0,0,5,2,0,3,0,3,15,2,85,0,0,17,2,11,0,0,4,5,2,0,0,0,0,0,40,3,0,0,1,44
HR_02739,Mošćenička Draga,1305,457,10,0,2,1,1,4,1,15,0,4,51,3,72,0,0,36,2,15,6,4,15,3,3,2,3,1,0,3,147,16,1,0,3,33
HR_02755,Mrkopalj,996,336,11,0,3,7,1,18,0,29,2,0,75,2,8,1,0,19,0,23,5,1,6,18,0,0,3,0,0,3,64,6,0,0,1,30
HR_02763,Mursko Sredisce,5422,1538,23,0,3,5,5,14,0,43,0,46,365,434,36,10,4,84,1,20,9,20,3,16,0,5,0,1,0,2,223,22,3,0,3,138
HR_06173,Murter - Kornati,1919,632,10,0,4,2,0,33,1,61,0,129,93,1,2,1,0,56,1,29,4,1,6,9,1,1,3,0,1,0,140,7,0,1,3,32
HR_00876,Muc,3098,620,34,0,5,4,2,48,0,58,4,12,177,17,6,1,0,52,2,80,1,2,8,20,1,1,2,1,0,1,55,2,0,0,3,21
HR_02780,Nasice,13435,3835,106,0,13,25,9,166,5,311,3,35,1282,78,49,6,2,340,6,172,11,7,27,100,8,5,18,3,3,7,714,71,4,1,17,231
HR_02798,Nedelisce,9526,2703,111,0,2,7,3,30,4,67,2,15,276,709,87,2,2,203,6,47,13,36,15,40,7,3,0,0,1,14,768,44,6,1,8,174
HR_06122,Negoslavci,981,440,12,0,0,0,0,0,8,0,0,0,1,0,0,1,0,0,0,1,0,0,1,0,0,0,410,0,0,0,3,0,2,0,0,1
HR_02801,Nerezisca,830,363,25,0,5,3,0,4,0,15,3,2,94,2,4,1,0,29,0,32,3,0,4,14,5,0,0,1,1,0,81,2,3,0,2,28
HR_02810,Netretic,2424,819,21,0,3,9,2,22,0,95,2,14,283,26,45,1,2,32,1,26,4,0,2,57,3,1,2,0,0,2,76,4,1,0,2,81
HR_02950,Nijemci,3679,985,34,0,3,4,3,40,13,209,4,11,293,2,16,2,1,25,2,47,1,3,4,51,2,1,90,2,1,3,63,3,0,1,4,47
HR_02828,Nin,2789,743,19,0,2,7,1,27,0,86,3,6,244,10,9,8,0,58,0,50,5,2,0,13,2,1,12,0,0,1,126,9,0,2,2,38
HR_HRZZNL,Netherlands,62,62,1,0,1,1,3,4,0,1,0,0,8,4,3,0,0,0,0,4,8,0,5,0,0,0,3,0,0,0,10,3,0,0,1,2
HR_HRZZDE,Germany,2212,2212,13,0,8,11,0,437,1,648,0,18,360,14,16,4,1,104,2,86,74,3,16,63,3,4,12,0,1,5,65,13,0,0,9,221
HR_HRZZNO,Norway,34,34,0,0,0,0,0,0,0,9,0,0,2,1,0,0,0,4,0,3,0,0,5,1,0,0,1,0,0,0,3,0,0,0,0,5
HR_02836,Nova Bukovica,1378,502,15,0,5,0,0,22,2,30,3,4,219,2,9,0,2,5,1,4,1,1,2,12,0,1,23,0,0,1,83,34,1,0,0,20
HR_02844,Nova Gradiska,12017,3418,93,0,9,20,18,114,1,233,0,109,898,10,60,1,1,179,7,87,16,6,14,83,8,8,61,2,4,3,1191,34,1,0,9,138
HR_02852,Nova Kapela,3346,1051,42,0,7,7,6,48,2,95,2,11,366,6,94,2,1,57,2,30,6,5,2,56,1,2,2,2,0,0,102,11,1,0,2,81
HR_02879,Nova Raca,2674,632,18,0,4,5,5,14,2,45,5,7,163,2,57,13,0,32,2,22,0,1,0,78,0,2,2,1,0,1,94,3,1,1,8,44
HR_02887,Novalja,3627,1007,29,0,5,7,5,54,2,100,0,10,322,6,35,8,0,84,2,50,2,2,4,48,3,1,3,0,1,2,176,17,0,0,3,26
HR_05541,Novi Golubovec,809,271,6,0,0,19,0,2,0,2,0,3,151,4,5,2,0,20,0,2,2,3,1,11,1,0,0,0,0,0,21,1,1,0,0,14
HR_02895,Novi Marof,11129,3200,95,0,15,20,11,45,2,110,2,32,857,221,106,7,3,305,3,87,15,327,21,104,13,6,5,3,2,5,420,41,1,6,20,290
HR_02909,Novi Vinodolski,5033,1739,54,0,8,7,14,33,2,73,2,24,710,12,54,2,1,139,1,42,5,2,13,29,8,3,11,0,1,2,377,40,0,0,9,61
HR_05371,Novigrad,2193,609,14,0,6,3,0,28,0,71,1,7,244,71,9,14,0,24,3,30,3,4,0,14,1,0,1,0,1,0,39,10,2,0,2,7
HR_02917,Novigrad - Cittanova,3941,1272,38,0,4,10,7,16,5,30,2,10,107,6,592,2,0,75,4,34,16,3,11,16,5,5,13,3,1,2,128,17,1,0,16,93
HR_02925,Novigrad Podravski,2325,552,18,0,4,41,2,24,1,32,2,22,109,12,19,3,14,36,0,18,1,3,1,32,2,0,5,0,0,0,85,9,1,0,5,51
HR_05614,Novo Virje,917,198,11,0,3,9,0,0,0,6,1,1,51,0,22,2,0,11,0,9,0,0,0,20,1,1,0,0,0,0,40,0,0,0,0,10
HR_02933,Novska,11001,3945,257,0,72,67,25,132,9,264,15,58,1315,128,130,31,3,246,7,176,14,15,11,221,20,3,42,4,1,16,382,34,1,2,15,229
HR_02941,Nustar,4602,1354,56,0,7,9,4,100,0,230,7,14,393,7,20,7,1,106,3,67,4,1,9,34,2,1,10,1,1,3,142,10,0,2,4,99
HR_02968,Obrovac,5426,1515,42,0,6,0,2,54,21,76,2,11,410,62,6,20,3,29,2,204,4,1,3,13,1,0,439,4,1,2,60,6,1,1,3,26
HR_02976,Ogulin,11100,3126,74,0,15,26,16,78,66,205,9,28,1068,18,53,9,3,145,4,74,12,6,10,76,8,2,206,1,3,7,779,32,0,0,3,90
HR_05886,Okrug,3886,906,8,0,5,1,1,67,0,101,0,5,188,170,5,0,0,73,0,48,6,2,12,21,0,0,4,1,0,2,151,9,1,0,4,21
HR_02992,Okucani,2811,878,44,0,4,7,3,9,6,39,3,15,499,3,10,3,0,25,0,17,1,1,2,17,0,0,89,2,0,0,36,1,0,0,1,41
HR_03000,Omis,13735,4007,153,0,28,16,13,402,2,345,6,67,1028,45,38,6,2,323,6,427,26,10,90,208,5,6,8,2,0,5,520,34,10,1,7,168
HR_03018,Omišalj,3198,790,10,0,2,8,3,39,1,41,1,6,124,32,59,0,1,84,2,22,10,3,14,15,3,1,10,0,0,5,216,45,1,0,5,27
HR_03026,Opatija,10403,3047,64,0,10,27,7,67,3,141,0,17,317,11,396,4,3,282,3,106,75,18,68,68,6,14,48,1,1,26,919,151,4,1,23,166
HR_03034,Oprisavci,2015,555,24,0,5,1,2,17,1,40,1,1,231,7,16,3,0,21,1,37,1,0,4,25,2,0,0,1,1,1,50,5,0,0,2,55
HR_03042,Oprtalj - Portole,732,205,6,0,1,0,1,2,0,5,1,2,12,3,117,1,0,7,0,1,0,0,0,2,1,0,0,1,0,0,26,2,0,0,0,14
HR_03069,Opuzen,2606,950,50,0,1,6,7,34,0,69,2,7,327,53,5,12,2,35,1,111,2,2,8,56,2,0,1,0,0,2,95,5,1,1,3,50
HR_03077,Orahovica,4403,1514,38,0,7,2,2,35,4,106,0,12,414,17,158,5,1,115,1,111,4,8,3,25,0,3,37,0,5,7,296,20,0,0,6,72
HR_03085,Orebić,3764,1209,28,0,5,3,2,41,1,119,4,13,355,13,23,67,0,47,1,80,5,3,9,32,6,4,2,0,3,5,274,13,3,1,3,44
HR_06050,Orehovica,2099,455,14,0,1,2,1,5,1,9,1,8,56,205,4,1,0,18,0,2,0,8,2,7,2,3,0,0,0,1,60,1,0,0,1,42
HR_03093,Oriovac,4773,1308,59,0,5,7,11,52,4,96,1,8,411,10,115,3,1,74,3,67,37,2,0,29,2,3,4,0,3,5,134,21,2,1,13,125
HR_05428,Orle,1619,475,12,0,1,8,4,11,0,27,3,7,207,6,1,0,0,20,0,7,1,2,5,25,1,0,4,0,1,0,92,4,0,1,1,24
HR_03115,Oroslavje,5293,1445,35,0,5,52,10,37,1,76,1,14,238,79,61,2,0,123,3,40,23,12,8,64,3,4,3,0,0,5,352,37,1,13,12,131
HR_03123,Osijek,90121,26822,526,0,60,184,98,1300,60,2730,27,126,5670,871,484,61,19,2710,18,1313,292,41,390,803,43,47,670,9,17,134,5939,527,11,9,106,1527
HR_03140,Otok,4616,1150,27,0,6,7,3,111,2,107,3,15,358,135,9,1,4,28,1,170,5,0,4,81,0,4,0,0,0,1,39,3,2,0,2,22
HR_05355,Otok,5150,1507,59,0,12,8,4,90,0,195,4,25,619,7,28,5,0,88,2,52,5,2,0,48,4,1,0,2,0,0,119,4,2,0,1,121
HR_03131,Otocac,8041,2239,61,0,25,28,13,117,5,158,8,33,1079,5,30,9,1,91,5,66,4,9,18,81,7,1,22,3,2,3,229,35,2,0,2,87
HR_03158,Ozalj,5685,1667,59,0,16,16,11,36,1,109,4,10,440,43,43,8,0,89,2,60,7,10,18,155,6,2,10,2,1,2,343,23,5,0,6,130
HR_03166,Pag,3095,797,17,0,1,6,2,38,0,69,0,8,214,13,5,0,0,99,0,44,14,7,7,15,1,1,1,0,2,6,183,8,0,0,3,33
HR_03174,Pakostane,3944,1311,48,0,9,5,10,116,1,433,1,7,240,68,15,5,0,51,0,54,6,1,14,23,1,2,4,0,1,3,136,4,1,2,3,47
HR_03182,Pakrac,7026,2092,86,0,24,16,13,44,9,83,6,26,781,7,24,8,3,127,1,42,3,4,16,46,9,4,224,1,1,4,313,36,1,0,23,107
HR_03212,Pazin,7343,2410,82,0,6,5,11,21,1,98,3,19,166,15,964,3,3,131,2,73,43,4,52,54,5,12,11,1,2,8,327,50,2,0,14,222
HR_03204,Pašman,2351,714,41,0,6,1,3,39,2,105,2,4,180,2,9,9,1,37,1,46,1,2,4,21,4,1,3,0,0,0,134,6,1,0,3,46
HR_03239,Perusic,2129,738,23,0,9,14,3,60,2,33,3,16,401,7,3,1,2,26,1,11,0,3,1,12,1,0,9,0,1,1,76,9,1,0,0,9
HR_03247,Peteranec,2029,434,12,0,2,34,1,8,0,21,1,13,113,8,14,2,1,29,0,21,2,1,0,35,0,0,0,0,1,2,78,4,1,0,7,23
HR_03255,Petlovac,1825,512,30,0,5,4,0,15,2,46,0,11,176,43,1,0,1,21,1,21,1,2,2,21,4,0,6,0,1,0,51,8,0,0,4,35
HR_03263,Petrijanec,3803,1349,39,0,5,5,3,26,0,47,0,7,190,81,20,3,0,41,1,17,12,220,5,23,9,3,1,1,0,0,491,11,2,2,12,72
HR_03271,Petrijevci,2333,643,24,0,1,3,2,37,0,89,1,7,185,34,10,3,1,48,0,24,1,1,3,16,0,1,0,0,1,3,100,5,1,0,4,38
HR_03280,Petrinja,20989,5946,265,0,11,62,24,242,28,516,14,48,1125,30,176,20,10,380,19,193,37,1015,28,474,15,6,156,6,6,7,670,50,4,2,14,293
HR_03298,Petrovsko,2087,658,37,0,5,108,1,2,0,29,2,10,190,14,18,4,0,33,0,15,5,3,4,18,0,1,1,0,0,0,95,3,2,3,2,53
HR_05819,Pirovac,1873,578,26,0,9,6,0,22,0,75,0,11,138,63,11,1,0,58,0,22,3,2,2,12,2,0,1,0,0,3,87,4,0,0,0,20
HR_03310,Pisarovina,3044,912,38,0,10,16,10,33,0,60,1,11,228,9,34,1,1,69,2,24,9,1,5,124,6,0,2,0,1,1,105,27,1,3,6,74
HR_03328,Pitomaca,7939,2263,68,0,17,18,6,10,2,110,0,27,918,25,56,8,4,161,5,84,6,2,15,133,6,0,4,3,0,2,335,24,5,3,6,200
HR_03301,Pican,1512,433,13,0,1,0,1,2,0,8,0,4,15,2,257,1,0,12,0,15,5,0,4,9,1,0,1,0,0,0,40,7,0,0,0,35
HR_03336,Plaski,1786,550,23,0,1,1,1,9,5,10,0,2,108,1,0,0,0,11,1,5,3,1,3,4,1,0,115,2,0,0,225,0,0,0,0,18
HR_03344,Pleternica,9292,3341,126,0,24,30,14,137,4,311,10,48,1347,12,61,0,1,307,5,223,9,7,9,107,5,6,8,2,4,11,290,30,3,1,8,181
HR_04553,Plitvicka jezera,3546,965,35,0,4,8,1,29,7,77,3,12,229,8,3,1,1,52,0,48,3,4,0,14,4,2,283,0,2,1,75,11,1,2,1,44
HR_03352,Ploce,8216,3152,104,0,12,16,8,116,2,169,3,26,1011,11,79,117,1,91,5,171,21,3,19,89,4,4,13,1,0,1,907,14,7,1,2,124
HR_03379,Podbablje,3970,1799,84,0,8,29,11,377,0,158,6,20,587,12,14,4,0,72,1,201,4,4,16,62,4,0,11,1,1,2,42,4,2,3,2,57
HR_03387,Podcrkavlje,2072,684,27,0,3,1,2,23,2,38,3,9,307,2,15,2,0,22,2,33,2,1,0,37,3,0,2,0,0,0,75,7,0,2,0,64
HR_03395,Podgora,2455,739,26,0,4,8,7,26,1,62,2,10,160,10,8,0,0,55,0,37,4,0,13,15,5,5,3,1,0,0,216,24,1,0,1,35
HR_03409,Podgorac,2271,518,24,0,9,1,2,18,6,55,3,5,135,45,13,1,0,27,0,10,0,1,0,15,1,0,45,1,0,0,64,0,0,0,2,35
HR_02712,Podravska Moslavina,926,226,11,0,2,1,0,15,1,20,0,1,81,13,4,0,0,9,0,14,0,0,0,14,1,1,1,0,1,1,13,2,1,1,1,17
HR_06165,Podravske Sesvete,1339,310,13,0,5,3,1,11,0,17,0,5,65,61,13,2,1,26,0,6,1,1,0,14,0,1,0,0,1,0,27,0,1,1,1,33
HR_03417,Podstrana,9038,2074,45,0,3,4,6,289,0,231,0,17,626,24,21,7,0,165,1,201,11,4,37,111,3,0,2,0,0,4,157,21,0,0,3,81
HR_03425,Podturen,3424,794,14,0,3,1,62,6,1,22,0,9,142,185,15,12,1,63,0,15,1,4,0,8,0,2,1,2,2,3,144,2,0,0,1,73
HR_03433,Pojezerje,866,306,12,0,1,1,0,19,0,15,2,1,149,3,1,0,0,9,0,47,0,0,0,8,3,0,3,0,0,1,12,1,1,0,0,17
HR_05444,Pokupsko,1802,638,17,0,2,11,1,17,0,27,3,7,317,6,3,1,1,33,1,14,3,1,1,42,2,0,1,0,0,0,72,5,1,2,1,46
HR_03441,Polaca,1588,266,2,0,3,27,1,16,3,14,1,6,97,3,3,1,0,10,0,9,1,0,0,4,1,2,41,0,0,0,10,1,0,0,2,8
HR_03450,Policnik,4304,993,45,0,15,6,5,90,1,114,3,19,419,6,6,3,1,36,1,58,4,8,4,19,1,1,5,0,3,1,55,8,7,0,5,44
HR_HRZZPL,Poland,79,79,2,0,0,5,0,3,0,5,0,2,31,0,0,1,0,6,0,4,1,0,1,4,0,0,0,0,0,1,3,0,0,0,2,8
HR_03468,Popovac,1563,520,14,0,3,3,2,9,3,31,1,4,163,34,6,0,1,17,2,12,0,2,1,1,0,1,145,0,0,1,26,1,0,0,1,36
HR_03476,Popovaca,9909,2752,85,0,11,22,8,153,2,183,2,23,524,27,46,34,2,144,1,66,17,32,11,714,7,4,9,2,0,15,387,22,4,2,12,181
HR_03484,Poreč - Parenzo,16014,4802,111,0,11,23,12,57,6,167,5,22,289,76,2181,10,7,322,5,133,52,7,37,62,7,26,47,2,3,14,622,85,5,3,19,374
HR_HRZZPT,Portugal,22,22,0,0,0,0,0,0,0,0,0,0,4,1,1,0,0,0,0,4,2,0,3,1,0,0,0,0,0,0,3,2,0,0,0,1
HR_03492,Posedarje,3255,915,37,0,8,42,3,84,0,100,3,20,331,36,11,13,2,44,3,42,4,2,1,21,0,0,2,1,0,1,51,11,2,1,2,37
HR_03506,Postira,1509,545,23,0,11,4,1,16,0,58,0,10,183,2,2,3,0,21,0,26,5,3,6,29,0,3,1,0,0,0,110,8,1,0,1,18
HR_05738,Povljana,673,199,2,0,4,0,0,11,0,21,0,2,64,1,3,1,0,12,1,5,1,2,0,8,1,0,0,0,0,0,45,3,0,0,1,11
HR_03514,Pozega,21652,7855,236,0,33,102,29,346,9,610,16,66,2436,46,150,48,9,665,12,410,58,12,53,279,14,22,84,2,10,21,1400,123,6,5,32,511
HR_03522,Pregrada,5346,1962,152,0,10,36,8,29,2,70,13,28,325,14,122,10,2,116,6,38,22,29,9,77,7,5,0,1,3,2,627,22,2,12,5,158
HR_03549,Preko,4043,1368,46,0,7,5,3,42,3,128,2,17,403,9,13,7,1,89,2,69,15,6,12,44,9,1,0,0,2,2,307,30,2,1,11,80
HR_03557,Prelog,6530,1971,20,0,4,10,7,28,1,80,2,18,418,543,37,6,2,112,3,34,9,31,11,71,5,5,1,5,0,2,305,27,3,1,3,167
HR_03565,Preseka,1048,379,12,0,0,19,2,2,0,8,0,1,57,8,34,0,0,18,0,26,0,1,4,37,1,1,0,0,2,0,92,1,0,0,0,53
HR_05894,Prgomet,548,192,7,0,4,0,0,16,0,18,2,2,88,2,2,4,0,5,1,11,1,0,1,10,0,0,0,0,0,1,11,0,0,0,1,5
HR_06203,Pribislavec,2462,537,21,0,0,4,3,0,0,9,0,2,35,166,32,9,1,50,0,8,3,9,4,5,2,3,3,3,4,0,118,8,0,0,0,35
HR_05908,Primorski Dolac,659,122,3,0,1,0,0,9,0,9,1,0,59,1,0,0,0,5,0,10,0,0,0,7,0,0,0,0,0,0,9,1,0,0,0,7
HR_03573,Primošten,2624,642,18,0,1,4,3,29,0,91,2,4,149,4,8,0,0,68,1,36,6,2,11,19,1,1,1,0,2,2,121,19,3,0,2,34
HR_05835,Privlaka,2355,650,20,0,4,4,2,46,0,89,0,5,185,66,11,3,0,42,0,27,1,1,7,25,3,3,0,0,0,0,59,2,0,1,2,42
HR_05746,Privlaka,2297,543,10,0,8,2,2,22,1,58,1,4,229,6,8,1,1,42,0,19,2,1,4,12,2,1,1,0,0,2,65,11,0,0,1,27
HR_00884,Prolozac,3290,1117,17,0,7,2,2,123,1,81,2,4,567,59,8,80,0,22,0,57,3,1,4,15,1,0,1,0,0,0,33,3,0,3,2,19
HR_02984,Promina,913,342,11,0,1,1,1,22,1,25,0,10,185,4,3,2,0,20,0,20,0,0,1,7,0,0,0,1,1,0,21,0,2,0,2,1
HR_03590,Pula - Pola,49640,16646,468,0,31,102,108,208,27,448,11,71,1080,240,5275,26,4,1684,12,377,469,37,207,230,36,176,392,5,12,109,2785,520,15,4,135,1342
HR_03603,Punat,2065,544,7,0,2,8,1,16,1,38,2,4,62,2,56,3,1,41,0,19,3,1,8,20,1,3,7,1,0,1,168,22,0,0,5,41
HR_03611,Punitovci,1431,420,14,0,1,2,4,11,0,48,2,2,173,40,5,0,0,10,1,12,0,0,0,17,1,0,1,0,0,0,39,1,0,0,0,36
HR_03581,Pucisca,1895,611,23,0,0,10,2,8,0,33,2,6,219,4,0,3,0,42,1,38,2,1,23,24,3,2,2,3,0,2,123,2,2,1,3,27
HR_03620,Pusca,2211,589,19,0,3,30,1,16,0,36,2,5,75,11,29,2,0,63,0,24,4,1,6,39,2,0,6,0,0,2,124,15,0,3,3,68
HR_03638,Rab,7192,2151,69,0,8,8,8,69,0,162,2,19,675,10,67,2,0,173,1,82,8,6,27,54,4,22,3,1,4,5,518,30,0,1,16,97
HR_03646,Radoboj,2703,1053,44,0,6,450,3,6,0,26,3,1,148,23,41,1,0,44,0,13,5,5,7,21,3,3,0,0,3,4,126,10,0,3,1,53
HR_05363,Rakovec,970,547,16,0,0,13,3,7,1,23,0,1,120,2,22,0,0,21,1,8,1,0,1,131,1,0,2,0,0,0,61,9,1,1,47,54
HR_03654,Rakovica,2162,472,9,0,9,2,4,38,0,80,0,3,177,15,8,3,0,8,1,23,1,0,1,15,0,0,2,0,0,0,33,8,0,1,2,29
HR_03662,Rasinja,2547,645,13,0,8,1,1,7,3,21,1,4,129,115,13,18,0,28,0,17,1,4,2,26,0,0,19,1,0,0,151,4,2,0,2,54
HR_03697,Ravna Gora,1987,683,19,0,2,4,2,29,0,31,2,5,237,3,47,1,2,42,0,23,1,3,2,10,2,2,1,0,1,0,162,10,1,0,8,31
HR_03689,Raša,2774,782,35,0,5,1,0,6,0,10,0,1,53,11,350,1,0,44,0,18,2,1,5,11,2,3,1,0,0,1,142,18,0,0,1,60
HR_03719,Razanac,2831,955,38,0,17,2,2,133,0,104,3,6,373,4,6,3,1,45,1,38,3,2,4,22,5,0,1,0,0,3,97,2,3,0,2,35
HR_03727,Resetari,3862,904,48,0,8,9,8,29,0,115,2,11,263,4,30,14,1,54,1,33,0,1,5,41,3,1,2,0,3,0,135,7,0,1,3,72
HR_05568,Ribnik,400,147,2,0,0,21,0,0,0,10,1,1,26,0,9,0,0,15,0,4,1,2,0,4,0,0,1,1,1,1,16,1,0,0,1,29
HR_03735,Rijeka,107566,28804,597,0,78,249,113,758,75,1720,29,159,3844,178,2145,65,14,2828,27,1249,768,78,653,666,75,129,905,9,32,179,8052,1361,23,6,152,1588
HR_05827,Rogoznica,2583,808,23,0,8,4,3,25,1,54,3,9,336,4,14,4,1,48,0,45,6,2,5,20,0,1,7,0,0,0,141,6,1,0,3,34
HR_03743,Rovinj - Rovigno,13481,3665,84,0,11,9,15,43,2,115,2,15,229,23,1633,0,2,260,3,81,41,4,30,43,7,10,44,1,1,15,608,77,5,2,18,232
HR_03751,Rovisce,3889,1051,28,0,6,25,4,50,1,105,0,19,407,7,27,18,0,45,0,46,1,2,4,42,0,2,1,0,3,2,108,13,0,1,8,76
HR_03760,Rugvica,7058,1871,53,0,7,75,3,46,2,206,6,14,576,28,108,6,0,99,2,77,11,6,6,115,2,1,3,0,2,4,248,9,0,1,8,147
HR_HRZZRO,Romania,16,16,0,0,0,0,0,1,0,0,0,0,8,0,2,0,0,0,0,1,0,0,0,0,0,0,1,0,0,0,2,0,0,0,0,1
HR_05916,Runovici,2064,736,20,0,3,11,1,137,1,51,4,6,253,116,15,2,1,16,1,32,0,0,5,19,2,0,0,1,1,1,15,1,1,1,0,19
HR_HRZZRU,Russia,19,19,0,0,0,0,0,0,0,2,0,0,4,0,1,1,0,0,0,1,1,0,0,0,0,0,0,0,0,1,5,0,0,0,0,3
HR_03778,Ruzic,1242,345,22,0,2,0,2,41,1,48,1,12,142,1,10,0,1,15,0,22,2,1,0,9,0,1,0,0,0,1,7,0,0,0,0,4
HR_03786,Saborsko,576,156,6,0,1,0,0,5,0,6,2,1,71,0,3,0,0,3,0,4,1,0,0,6,0,0,35,0,0,1,7,0,0,0,0,4
HR_HRZZUS,United States,148,148,3,0,0,1,0,34,1,29,0,1,24,1,2,2,0,2,0,2,11,0,1,5,1,0,5,0,0,0,15,4,0,1,1,2
HR_03794,Sali,2253,777,25,0,7,2,2,9,1,80,0,7,208,6,25,7,1,40,3,29,13,3,6,32,0,3,1,0,0,1,201,20,1,0,6,38
HR_03808,Samobor,32748,10530,295,0,22,193,40,302,5,769,9,66,1267,257,2002,34,5,885,6,351,225,44,163,579,32,27,32,5,10,49,1966,232,7,11,60,580
HR_03816,Satnica Đakovačka,1831,418,14,0,3,5,1,19,0,63,0,4,107,21,19,1,1,18,0,38,0,1,2,26,1,0,0,0,1,0,44,0,1,0,2,26
HR_03824,Seget,4324,1682,64,0,3,2,0,66,0,97,3,34,951,24,10,3,1,54,2,58,4,0,29,22,2,7,6,0,2,1,181,16,0,0,2,38
HR_03832,Selca,1758,578,19,0,5,12,3,7,1,43,1,3,128,1,7,3,1,45,1,47,4,1,9,20,5,0,1,1,0,1,155,10,3,1,1,39
HR_03859,Selnica,2637,600,19,0,1,3,1,2,0,19,2,11,57,171,11,2,0,31,1,5,2,114,0,12,2,0,0,1,1,0,80,3,0,0,2,47
HR_03867,Semeljci,3487,692,29,0,5,5,1,26,0,102,4,8,174,14,15,0,0,52,1,32,3,0,1,95,2,0,1,0,1,1,79,2,0,1,1,37
HR_03875,Senj,6422,2698,84,0,20,18,6,89,1,130,9,27,1439,58,30,11,5,189,4,74,5,5,14,45,5,6,6,3,4,7,302,27,0,3,5,67
HR_05622,Severin,699,137,4,0,0,0,0,9,1,7,0,3,28,1,7,0,0,18,0,5,0,2,0,16,0,1,2,1,0,0,21,1,0,1,0,9
HR_03883,Sibinj,5866,1334,72,0,7,17,3,45,1,237,2,22,370,13,50,6,1,107,3,44,5,3,3,46,4,0,5,1,1,3,132,22,5,0,5,99
HR_05703,Sikirevci,2000,478,21,0,1,5,0,18,0,70,1,13,160,1,11,0,0,11,0,23,2,1,1,41,2,0,3,0,0,0,48,4,3,0,1,37
HR_03891,Sinj,20915,5646,190,0,23,40,14,379,2,406,10,48,1301,103,52,23,3,352,10,1405,38,5,82,176,9,10,29,1,4,7,698,44,8,0,10,164
HR_03905,Sirac,1887,400,18,0,3,7,0,9,2,22,0,12,78,1,33,11,0,20,0,10,2,0,0,40,2,0,33,0,0,0,46,14,2,1,5,29
HR_03913,Sisak,39447,11343,306,0,52,111,66,337,21,877,12,69,2629,102,295,69,8,885,43,364,98,145,96,1012,30,21,314,5,9,44,2465,184,9,4,81,580
HR_HRZZMK,North Macedonia,69,69,1,0,0,1,0,1,0,5,0,0,14,0,1,0,0,3,0,0,0,2,0,15,0,0,1,0,0,0,8,1,0,0,2,14
HR_03930,Skrad,895,292,8,0,2,4,4,4,0,13,1,1,107,2,4,0,0,9,0,9,0,0,1,7,1,0,0,0,0,3,92,4,0,0,0,16
HR_03948,Skradin,4162,1307,30,0,6,5,4,80,5,140,4,7,580,0,3,1,1,31,4,31,1,2,4,17,2,1,225,2,0,7,74,2,0,0,2,36
HR_03956,Slatina,11373,2858,67,0,16,12,10,83,6,217,2,20,1080,25,47,44,1,205,2,99,19,5,13,67,5,8,122,0,4,6,485,40,4,1,5,138
HR_03964,Slavonski Brod,51233,13485,327,0,48,82,41,638,13,1231,18,129,3826,82,234,50,12,1495,6,658,101,22,82,475,24,23,130,7,10,44,2526,187,18,4,60,882
HR_03972,Slavonski Samac,1845,453,19,0,2,1,1,15,1,35,2,64,180,2,3,1,0,30,0,23,0,1,1,6,0,1,0,0,0,1,45,1,3,0,0,15
HR_03999,Slivno,1749,704,40,0,1,1,0,30,1,60,1,7,290,19,6,4,0,22,2,85,0,1,0,19,1,1,2,1,0,1,68,5,1,0,2,33
HR_HRZZSK,Slovakia,15,15,0,0,0,0,0,2,0,3,0,1,1,0,3,0,0,0,0,0,0,0,1,0,0,0,0,0,1,0,1,1,0,0,0,1
HR_HRZZSI,Slovenia,40,40,0,0,0,0,0,6,0,6,0,1,9,0,3,0,0,3,0,2,2,0,1,4,0,1,0,0,0,0,1,0,0,0,1,0
HR_04006,Slunj,4453,1292,62,0,8,19,4,67,4,119,6,17,489,10,12,4,0,58,2,54,2,3,2,36,2,1,65,2,0,4,132,10,1,1,2,94
HR_04022,Smokvica,798,392,3,0,2,0,1,9,0,128,0,1,95,0,3,0,0,8,0,31,4,0,1,2,0,2,0,0,0,0,97,2,0,0,0,3
HR_04057,Sokolovac,2661,740,25,0,6,6,3,9,4,30,0,13,279,17,5,6,2,29,0,13,2,4,1,21,2,3,23,0,1,0,159,6,3,0,3,65
HR_04065,Solin,21009,5370,161,0,13,21,14,488,5,563,10,56,1461,42,50,26,5,465,8,507,47,2,154,266,9,7,12,1,7,18,594,60,3,3,14,278
HR_04073,Sopje,1855,712,24,0,6,3,1,14,1,22,0,8,416,1,11,4,1,23,1,14,0,1,0,17,0,0,14,2,0,3,75,2,1,0,8,39
HR_04090,Split,149711,42011,1015,0,110,171,121,3140,19,3396,42,245,7722,527,658,210,15,4010,24,3223,847,69,2094,1854,55,99,358,18,24,142,9166,749,28,4,154,1702
HR_04103,Sracinec,4127,1242,38,0,5,2,10,9,0,34,2,4,88,335,23,4,0,64,0,18,4,303,11,34,5,1,2,0,2,1,142,10,0,0,1,90
HR_HRZZRS,Serbia,1994,1994,12,0,8,18,0,6,49,13,0,14,183,1,4,1,0,6,1,17,5,3,3,17,2,5,1557,1,0,0,42,5,0,1,2,18
HR_04111,Stankovci,1784,410,17,0,9,2,1,25,2,42,1,4,165,7,3,4,0,23,0,33,0,0,0,4,0,0,3,2,0,2,33,8,1,0,1,18
HR_04120,Stara Gradiska,1114,380,13,0,6,3,2,13,2,20,1,9,124,5,6,0,2,10,0,12,0,2,0,11,0,1,42,0,0,1,71,2,0,0,1,21
HR_04138,Stari Grad,2745,801,28,0,1,6,2,26,0,44,0,7,275,2,28,1,0,43,2,38,14,1,10,29,1,1,5,0,1,1,188,10,0,0,2,35
HR_04146,Stari Jankovci,3673,942,42,0,6,7,9,40,7,159,1,9,340,1,19,0,1,52,2,27,0,2,3,28,3,1,99,0,0,0,32,1,2,1,5,43
HR_04154,Stari Mikanovci,2322,679,16,0,1,1,1,54,0,80,0,6,91,9,36,3,2,44,0,29,0,1,0,56,12,0,0,0,0,1,197,5,0,1,1,32
HR_04162,Starigrad,1941,497,15,0,2,5,1,38,0,43,1,8,224,3,8,4,0,31,0,15,2,2,1,17,2,0,3,0,1,1,52,6,0,0,1,11
HR_04189,Staro Petrovo Selo,4352,1107,39,0,7,5,1,41,0,140,2,50,439,7,41,1,0,56,1,29,2,3,8,40,2,1,2,1,1,1,115,9,1,0,4,58
HR_04197,Ston,2157,680,18,0,2,5,0,31,1,113,3,3,194,34,6,1,0,23,2,63,1,1,2,21,0,0,0,0,0,1,99,9,0,0,4,43
HR_06068,Strahoninec,2307,773,29,0,0,0,0,3,0,24,0,6,70,258,14,8,0,41,1,12,6,13,9,15,0,2,0,0,2,0,194,18,0,0,1,47
HR_04219,Strizivojna,2071,431,4,0,4,0,0,27,0,56,1,2,129,2,9,0,0,16,1,17,1,1,1,93,0,0,0,0,0,1,31,1,0,0,0,34
HR_04227,Stubicke Toplice,2498,726,23,0,5,89,3,14,1,41,0,3,99,18,21,2,1,72,1,34,14,2,7,25,2,3,1,0,1,4,148,27,1,6,8,50
HR_05517,Stupnik,3259,853,24,0,4,30,9,47,1,114,0,6,107,19,30,3,0,84,2,41,10,3,17,72,4,2,3,0,3,2,138,15,3,1,4,55
HR_04243,Suhopolje,5546,1779,57,0,24,8,5,58,5,86,6,27,841,11,23,20,2,94,1,68,3,4,7,40,4,2,48,2,2,4,210,12,0,1,5,99
HR_04251,Sukosan,4204,1162,30,0,9,6,6,79,0,146,5,10,442,17,11,3,0,56,0,99,4,1,5,29,0,2,1,0,1,6,139,17,3,0,2,33
HR_04260,Sunja,4910,1322,63,0,11,9,9,25,14,94,7,28,371,99,15,5,3,49,0,19,8,19,2,127,1,2,122,2,0,3,136,7,3,0,2,67
HR_04278,Supetar,4186,1225,31,0,4,5,3,36,0,49,2,5,281,4,35,3,0,102,0,49,7,2,23,20,3,3,7,0,1,6,454,17,1,0,11,61
HR_05924,Sutivan,966,342,5,0,4,1,1,18,0,29,0,1,68,0,1,0,0,31,0,18,6,0,8,27,0,0,0,0,0,1,100,8,0,0,0,15
HR_04235,Sućuraj,531,214,3,0,2,1,0,12,0,3,0,2,81,4,3,0,0,20,0,5,0,0,0,7,0,0,2,0,0,0,62,2,0,0,0,5
HR_06076,Sveta Marija,1912,461,10,0,5,2,0,2,0,12,1,0,36,158,44,8,0,19,0,9,1,5,1,11,1,0,0,3,1,1,87,3,1,1,1,38
HR_04324,Sveta Nedelja,2631,856,22,0,2,5,4,1,2,7,0,6,28,6,545,0,0,30,1,8,2,2,3,9,2,1,0,0,0,2,106,15,3,0,3,41
HR_04367,Sveta Nedelja,15961,4870,117,0,15,80,30,211,3,406,14,20,698,887,253,15,4,425,4,162,87,12,69,219,25,2,19,2,3,21,657,108,3,13,26,260
HR_04286,Sveti Filip i Jakov,4076,1138,76,0,3,11,6,85,1,134,1,11,431,7,7,5,0,48,1,88,12,8,8,21,4,0,0,0,2,2,103,9,1,0,4,49
HR_04383,Sveti Ilija,2891,957,28,0,6,6,4,8,3,47,4,7,257,44,36,5,1,79,1,19,1,152,6,18,2,1,1,0,1,4,135,5,3,0,5,68
HR_04294,Sveti Ivan Zelina,13506,3791,113,0,14,324,19,116,1,233,3,31,641,156,145,15,3,346,3,110,16,17,20,273,12,2,5,0,1,9,740,81,6,8,25,303
HR_04391,Sveti Ivan Zabno,4017,907,21,0,4,31,6,27,0,68,3,15,201,15,23,1,1,60,0,61,1,2,2,65,0,1,1,1,2,1,200,8,0,0,6,80
HR_04405,Sveti Juraj na Bregu,4514,1145,16,0,0,7,6,9,1,42,1,6,106,359,46,7,0,86,1,25,6,13,8,24,1,3,0,1,4,9,230,17,3,2,2,104
HR_04308,Sveti Kriz Zacretje,5017,1228,48,0,3,51,6,22,1,40,4,22,291,51,51,7,2,97,2,27,9,7,13,48,8,2,1,0,0,4,282,24,1,4,4,96
HR_04316,Sveti Lovrec,868,256,14,0,0,0,1,1,1,3,0,0,8,0,147,0,0,17,0,5,0,0,0,4,0,1,0,0,0,1,24,1,1,0,3,24
HR_04413,Sveti Martin na Muri,2386,498,11,0,2,2,0,2,0,27,1,6,73,165,8,13,2,18,1,12,0,12,0,11,0,1,1,2,0,1,81,4,0,0,4,38
HR_04421,Sveti Petar Orehovec,3540,768,22,0,2,7,2,13,0,46,1,14,298,11,23,2,0,38,2,15,1,0,1,64,0,1,0,0,3,0,144,5,2,0,2,49
HR_04332,Sveti Petar u Sumi,866,294,6,0,1,1,1,2,0,5,1,7,92,4,71,1,1,10,1,11,5,0,3,12,2,0,0,0,0,0,21,10,2,0,3,21
HR_04375,Sveti Đurđ,2984,730,22,0,4,4,0,7,0,29,1,3,83,209,19,1,0,29,2,10,2,65,3,19,2,0,1,1,0,1,145,8,1,1,0,58
HR_04359,Svetvincenat,1864,626,39,0,4,3,3,7,1,25,1,3,41,36,235,1,0,31,1,16,11,1,6,5,3,5,3,0,0,1,69,19,0,1,5,50
HR_06319,Tar-Vabriga - Torre-Abrega,1961,486,11,0,1,4,1,5,0,15,2,2,25,4,229,0,0,33,2,13,1,1,0,3,1,1,3,0,1,5,64,8,1,0,2,48
HR_04537,Tinjan,1396,379,13,0,1,3,1,4,2,8,0,1,31,5,166,0,0,15,0,11,2,2,4,7,1,2,0,0,1,0,62,2,0,0,1,34
HR_04545,Tisno,2967,878,18,0,6,6,7,37,1,84,1,19,175,13,18,3,0,58,1,31,4,2,10,24,2,1,4,0,0,3,281,17,1,0,6,45
HR_05754,Tkon,687,172,9,0,0,0,1,5,0,12,1,1,30,1,1,0,0,14,0,16,1,1,7,8,2,0,0,0,0,0,53,2,0,0,0,7
HR_04561,Tompojevci,1232,465,13,0,3,2,0,16,2,120,2,7,124,1,3,0,0,9,2,66,3,0,1,13,3,0,25,0,2,0,22,2,1,0,1,22
HR_04570,Topusko,2596,534,15,0,2,8,4,9,8,37,0,3,193,1,5,1,0,20,1,10,2,5,0,25,1,1,93,1,0,0,58,2,0,0,1,28
HR_04588,Tordinci,1674,461,21,0,2,1,3,18,2,63,0,9,154,38,15,12,1,22,1,10,0,2,1,20,1,0,10,0,0,1,33,1,0,0,1,19
HR_05576,Tounj,910,252,16,0,1,3,0,4,0,31,1,6,69,5,3,0,0,18,2,11,2,0,1,16,0,2,1,0,0,0,22,1,0,0,4,33
HR_04596,Tovarnik,2173,722,16,0,2,1,5,49,0,121,0,11,242,1,12,4,0,55,6,82,0,0,2,29,3,0,20,0,0,2,34,2,1,0,4,18
HR_06262,Tribunj,1546,482,13,0,2,5,0,33,0,43,1,10,125,5,13,0,0,48,1,35,4,1,0,9,1,3,2,0,1,0,96,1,1,0,1,28
HR_04600,Trilj,7962,2363,86,0,26,8,7,194,3,187,5,20,1058,10,32,9,0,109,1,266,4,3,15,73,1,2,2,2,2,0,145,9,13,0,4,67
HR_04618,Trnava,1324,325,17,0,6,2,0,26,4,28,1,3,108,4,7,0,0,12,0,12,1,2,0,13,1,0,9,0,1,0,38,0,0,0,4,26
HR_04626,Trnovec Bartolovecki,5805,1487,36,0,4,3,4,8,2,60,2,8,190,291,52,3,2,113,1,28,8,204,28,40,3,1,0,1,4,8,261,19,1,0,6,96
HR_04634,Trogir,12312,3203,88,0,8,12,7,200,0,246,2,25,741,239,32,9,3,203,2,158,16,4,56,115,4,16,13,1,2,2,820,26,2,1,11,139
HR_06017,Trpanj,746,263,9,0,1,0,2,5,0,29,2,2,91,8,4,8,1,20,0,14,0,1,1,7,2,0,1,0,2,0,44,3,0,0,3,3
HR_04642,Trpinja,4239,1185,31,0,5,5,0,4,35,10,0,2,41,3,2,0,0,4,0,1,0,0,0,1,0,2,968,0,1,0,49,0,1,0,0,20
HR_04669,Tuhelj,1751,580,9,0,3,16,2,5,1,21,1,10,184,6,9,2,1,26,0,5,7,3,2,21,0,2,0,0,0,0,195,3,1,3,2,40
HR_HRZZTR,Turkey,13,13,0,0,0,0,0,0,0,3,0,0,3,0,0,0,0,1,0,0,0,0,0,1,0,0,0,0,0,0,4,1,0,0,0,0
HR_05932,Tucepi,1695,543,20,0,2,1,3,21,0,28,1,5,139,4,3,0,1,24,1,35,9,0,10,12,1,9,0,1,1,0,160,12,2,0,1,37
HR_04677,Udbina,1455,555,7,0,4,4,1,1,2,21,1,4,84,3,2,0,1,11,0,8,0,0,0,11,2,1,345,1,0,0,24,8,0,0,1,8
HR_HRZZUA,Ukraine,20,20,0,0,0,0,0,1,0,0,0,3,2,1,0,0,1,1,1,0,1,0,1,1,0,0,0,0,0,1,4,0,0,0,0,2
HR_04685,Umag - Umago,12863,2815,82,0,13,4,12,37,5,99,3,18,239,102,787,8,3,275,3,55,32,4,18,26,6,8,50,1,7,29,563,67,0,1,11,247
HR_04693,Unesic,1249,589,10,0,3,2,2,30,0,49,4,5,389,3,1,2,0,18,3,39,0,2,0,8,1,0,0,0,0,0,1,2,1,0,2,12
HR_04715,Valpovo,9286,2722,64,0,10,11,11,123,1,274,3,24,780,31,55,9,3,266,3,148,15,6,11,90,2,4,17,1,2,4,522,33,0,1,8,190
HR_04723,Varazdin,39649,12776,282,0,19,52,65,165,3,722,18,43,1663,716,356,35,7,1433,9,263,166,1421,314,309,21,31,57,3,15,70,3220,388,14,13,133,750
HR_04731,Varazdinske Toplice,5381,1733,62,0,6,6,6,30,0,77,3,12,338,67,47,27,2,98,3,34,4,374,8,45,2,2,4,3,2,5,240,25,0,1,6,194
HR_04740,Vela Luka,3547,1204,54,0,4,1,2,27,1,150,0,3,291,14,23,45,0,44,0,32,7,3,17,5,1,1,1,3,0,1,411,12,2,2,2,45
HR_04758,Velika,4601,1390,51,0,6,19,1,42,3,118,4,16,519,11,35,4,3,93,2,83,3,2,9,58,3,3,18,0,0,1,165,16,1,0,8,93
HR_HRZZGB,United Kingdom,59,59,1,0,0,0,0,4,0,3,0,0,12,0,3,0,0,5,0,1,9,0,2,0,0,1,2,0,0,0,10,4,0,0,0,2
HR_05410,Velika Gorica,54937,17105,370,0,67,588,75,815,13,1715,33,126,3259,115,498,79,8,1767,22,924,205,57,222,1100,47,35,119,7,19,51,3320,328,11,21,115,974
HR_04766,Velika Kopanica,2807,874,31,0,3,4,5,20,2,105,3,7,231,2,10,1,3,41,0,269,4,2,2,27,0,0,1,2,1,1,53,4,1,0,2,37
HR_04774,Velika Ludina,2082,658,22,0,6,5,2,8,0,50,0,14,81,6,10,0,0,47,1,14,5,5,6,239,0,4,0,1,1,1,76,7,1,0,3,43
HR_04782,Velika Pisanica,1351,349,8,0,3,10,0,20,2,25,3,6,90,1,12,1,0,16,0,9,0,0,0,31,0,1,21,0,1,0,52,6,0,0,1,30
HR_05657,Velika Trnovitica,1084,307,8,0,1,1,3,21,0,26,0,3,109,2,28,5,0,8,0,7,1,2,0,20,0,0,0,0,0,0,36,2,0,0,6,18
HR_05584,Veliki Bukovec,1147,356,13,0,2,2,2,3,0,30,2,4,71,34,21,0,0,16,0,8,0,23,0,20,1,0,0,0,0,0,50,5,1,0,1,47
HR_04804,Veliki Grđevac,2261,552,24,0,14,11,1,27,0,56,3,3,155,25,4,9,1,21,1,18,5,3,0,34,2,1,5,1,0,1,68,8,1,0,3,47
HR_04812,Veliko Trgovisce,3988,896,30,0,3,33,3,11,0,42,1,9,233,10,25,2,2,92,3,31,11,4,3,65,1,1,4,0,4,0,176,10,0,9,7,71
HR_04839,Veliko Trojstvo,2225,561,18,0,0,9,2,10,0,29,3,6,106,5,104,9,0,62,0,17,0,3,0,35,1,0,1,0,0,1,94,3,1,0,2,40
HR_04847,Vidovec,4408,1003,35,0,8,9,5,13,0,26,3,7,301,66,32,5,1,79,2,17,4,117,11,29,7,3,0,0,1,4,127,13,0,1,4,73
HR_04855,Viljevo,1618,393,17,0,3,4,2,18,1,48,0,7,148,3,8,0,0,10,2,18,0,2,0,17,1,0,56,2,0,0,15,1,1,0,0,9
HR_04863,Vinica,2751,779,19,0,3,6,2,9,0,22,0,8,193,162,8,2,3,58,0,17,3,79,2,9,2,0,0,0,2,0,89,6,1,1,4,69
HR_04871,Vinkovci,29337,9386,311,0,30,38,40,576,5,1174,18,61,2516,74,283,65,6,881,13,595,52,22,70,257,20,12,176,5,8,39,1321,126,10,5,34,543
HR_04880,Vinodolska opcina,3300,750,17,0,2,4,3,19,1,26,2,8,162,5,15,9,0,84,1,29,6,4,13,17,2,3,3,1,1,0,237,12,1,0,5,58
HR_04898,Vir,4002,1186,33,0,4,129,3,52,2,102,5,7,254,5,14,12,1,112,1,50,16,3,1,32,3,0,5,0,1,1,237,14,4,1,0,82
HR_04901,Virje,3522,781,21,0,19,14,6,18,1,44,3,11,176,22,24,4,2,84,0,26,5,7,6,45,1,2,0,1,1,2,154,18,1,0,3,60
HR_04910,Virovitica,18356,6407,175,0,31,26,17,171,11,416,7,65,2312,52,133,16,0,571,8,317,37,16,41,159,22,9,64,12,4,15,1172,116,4,3,30,375
HR_04928,Vis,1936,642,20,0,9,0,3,20,0,41,0,4,119,8,17,1,1,73,0,31,13,3,11,22,0,4,3,0,0,0,195,10,0,0,3,31
HR_04936,Visoko,1194,497,10,0,3,1,0,3,1,13,0,10,289,14,13,3,0,18,2,5,2,15,1,16,1,1,0,1,0,1,45,1,0,1,2,25
HR_04944,Viskovci,1527,310,11,0,3,3,1,37,0,46,0,2,68,2,4,0,0,28,0,18,0,2,2,13,2,0,1,0,0,0,42,0,0,0,5,20
HR_04952,Viskovo,13851,3169,80,0,8,28,18,90,9,263,5,19,554,17,214,9,1,334,3,184,59,5,62,68,2,6,100,0,9,35,652,116,1,0,17,201
HR_04979,Višnjan - Visignano,1982,481,15,0,2,0,5,7,0,12,1,4,19,3,222,1,1,19,2,7,4,1,2,5,3,0,2,0,0,5,67,8,4,0,2,58
HR_04987,Vižinada - Visinada,992,312,15,0,0,0,1,2,0,5,1,0,12,0,148,1,0,9,0,3,2,0,0,2,2,3,1,0,1,0,81,3,0,0,1,19
HR_05797,Vladislavci,1579,432,16,0,5,1,4,13,2,44,3,5,161,6,5,1,0,25,1,26,0,1,2,10,1,1,7,1,0,0,47,1,1,0,3,39
HR_05002,Vodice,9527,2772,81,0,8,17,13,126,1,389,5,26,865,11,51,5,1,234,5,137,23,9,19,65,6,5,31,2,8,7,439,28,4,2,6,143
HR_05029,Vodnjan - Dignano,5415,1620,86,0,4,4,13,12,3,51,1,10,77,22,747,1,1,125,0,40,15,5,12,18,4,11,12,0,1,6,187,23,0,1,5,123
HR_05037,Vojnic,3688,883,39,0,6,11,3,9,19,24,1,10,239,17,4,3,0,13,0,19,1,1,1,9,4,0,244,2,0,4,158,3,1,0,0,38
HR_04995,Vocin,1813,498,28,0,2,2,3,4,1,20,1,5,234,4,1,5,0,11,1,14,0,3,2,4,0,0,49,0,0,1,73,0,0,2,1,27
HR_05843,Vođinci,1546,488,17,0,2,2,0,20,0,237,0,4,71,9,5,3,0,27,0,19,0,3,1,12,0,0,1,0,1,0,22,2,1,0,1,28
HR_05045,Vratisinec,1671,443,13,0,1,1,1,6,1,12,0,3,42,161,11,2,1,25,1,6,1,3,0,12,1,0,0,1,1,0,97,2,0,0,0,38
HR_05053,Vrbanja,3299,671,24,0,3,3,3,32,1,116,1,8,248,5,9,6,2,38,0,44,3,1,1,35,1,0,1,0,0,0,31,2,1,0,7,45
HR_05061,Vrbje,1920,535,16,0,5,2,11,21,0,47,1,15,250,5,29,0,2,13,2,14,1,0,1,34,1,1,0,0,0,0,20,3,0,0,1,40
HR_05070,Vrbnik,1214,452,6,0,3,3,2,14,0,56,0,6,95,3,23,1,0,22,0,21,2,0,13,42,0,1,3,0,0,0,93,9,0,0,5,29
HR_05088,Vrbovec,12028,3779,104,0,17,328,16,63,2,206,7,27,659,114,201,17,4,264,1,204,30,38,64,198,8,7,7,1,2,9,837,58,3,6,26,251
HR_05096,Vrbovsko,4284,1035,37,0,4,75,6,34,10,83,0,8,199,3,26,2,0,46,0,26,7,0,8,24,3,2,149,0,1,1,203,14,1,0,4,59
HR_05118,Vrgorac,5522,1613,63,0,9,2,7,54,0,64,6,56,595,21,13,7,2,68,2,229,2,4,18,24,3,1,0,2,1,0,316,10,1,1,3,29
HR_05126,Vrhovine,796,344,5,0,0,1,0,0,3,5,2,1,11,3,1,0,0,8,0,2,0,1,0,1,2,0,256,5,0,0,26,2,2,0,0,7
HR_05134,Vrlika,1859,679,17,0,10,1,2,68,1,51,1,14,318,10,4,0,0,17,1,61,1,2,0,18,2,0,32,0,1,0,30,3,0,0,1,13
HR_05142,Vrpolje,2928,781,26,0,6,1,2,24,0,99,0,8,340,3,10,2,0,38,2,56,1,0,1,54,3,0,1,2,0,0,55,2,2,0,2,41
HR_05169,Vrsar - Orsera,2006,551,12,0,1,1,0,4,1,18,0,4,52,6,235,0,1,42,2,7,2,1,0,4,1,1,4,0,0,0,85,9,1,0,1,56
HR_06254,Vrsi,1954,510,12,0,3,1,1,24,1,70,1,1,161,2,4,2,1,51,1,28,2,2,1,10,0,0,20,0,1,0,71,11,0,1,3,24
HR_05177,Vuka,962,217,8,0,0,2,0,4,0,31,1,1,83,7,2,0,0,14,0,4,2,0,1,5,0,0,0,1,0,0,29,3,0,0,0,19
HR_05185,Vukovar,23466,7470,182,0,28,43,22,251,131,1567,12,42,1836,125,47,9,0,253,4,181,21,4,20,129,4,18,1500,2,6,16,675,48,5,4,17,268
HR_05193,Zabok,7645,2587,99,0,8,111,14,40,4,103,5,25,402,61,56,6,4,214,3,56,51,8,23,100,7,1,8,2,2,13,877,64,3,11,9,197
HR_05207,Zadar,64246,16992,391,0,67,100,49,974,19,1765,16,117,4161,98,344,165,12,1450,17,935,276,58,229,526,41,33,208,4,13,44,3550,469,21,3,93,744
HR_05959,Zadvarje,232,96,7,0,0,3,1,5,0,14,0,0,21,11,1,0,0,5,0,10,0,0,4,4,0,0,0,0,0,0,5,1,0,0,2,2
HR_05215,Zagorska Sela,822,224,12,0,2,6,0,2,0,16,0,3,32,18,5,15,0,19,1,6,1,2,2,11,1,2,0,0,0,0,46,4,0,4,1,13
HR_05223,Zagvozd,1043,280,6,0,1,2,1,27,0,30,0,10,144,2,0,0,0,8,0,25,1,0,3,5,0,0,0,0,0,0,6,2,0,0,0,7
HR_05436,Zapresic,21868,6666,146,0,6,117,28,319,4,558,7,46,1143,97,273,45,0,703,9,286,153,26,98,400,13,9,26,6,13,69,1412,149,3,20,42,440
HR_05231,Zazablje,621,260,13,0,3,2,0,10,0,18,0,5,121,1,3,2,2,0,0,57,0,6,1,7,0,0,0,0,0,0,4,0,0,0,0,5
HR_05240,Zdenci,1514,487,29,0,3,3,3,6,2,30,1,5,150,6,18,1,1,12,1,28,2,1,2,18,2,0,14,0,0,0,98,0,1,0,4,46
HR_05258,Zemunik Donji,1995,657,30,0,6,6,1,20,1,43,0,5,334,3,2,4,0,29,2,31,2,0,2,13,2,0,43,2,1,2,52,1,0,0,1,19
HR_05266,Zlatar,4971,1096,27,0,2,20,2,21,0,77,2,7,293,8,29,5,2,78,1,13,20,71,8,43,6,0,1,1,3,0,248,10,1,4,2,91
HR_05274,Zlatar-Bistrica,2090,575,13,0,0,7,3,6,1,24,2,5,99,16,26,2,0,47,3,13,9,11,6,21,4,1,0,0,0,0,190,6,1,3,0,56
HR_05282,Zmijavci,1694,599,12,0,3,9,1,95,0,135,0,7,221,3,7,2,0,14,0,46,1,2,4,13,0,1,5,0,1,0,7,1,1,0,1,7
HR_05665,Zrinski Topolovac,637,167,2,0,1,0,0,6,0,2,0,1,68,0,4,37,0,5,0,0,0,0,0,19,0,0,1,0,0,0,2,1,0,0,1,17
HR_00558,Cabar,3380,773,21,0,2,8,4,7,0,27,3,9,136,2,24,0,0,61,1,23,2,0,7,16,2,3,3,0,0,1,236,10,3,2,3,157
HR_00582,Caglin,1896,715,34,0,6,13,1,20,3,38,2,6,267,4,53,1,0,17,2,14,4,1,1,37,0,4,23,0,0,1,98,7,1,0,3,54
HR_00604,Cakovec,23641,7598,163,0,12,36,24,80,4,255,9,28,683,2120,232,32,1,646,4,138,93,76,81,178,11,19,33,2,14,44,2011,147,3,3,22,394
HR_00612,Cavle,6220,1493,60,0,5,10,5,32,2,89,0,14,220,11,84,5,0,152,1,51,22,6,64,40,3,4,31,2,3,12,398,58,2,0,5,102
HR_00639,Cazma,6501,2033,45,0,12,21,8,36,0,119,5,15,350,74,100,9,3,186,3,59,13,4,8,383,7,5,3,2,2,2,362,28,2,1,20,146
HR_00566,Cacinci,2332,728,25,0,5,1,1,24,0,48,0,12,337,6,16,2,0,35,0,28,2,1,4,13,2,1,11,0,0,0,100,10,1,0,0,43
HR_00574,Čađavica,1580,681,21,0,7,2,2,21,2,54,2,7,383,2,14,4,2,11,1,23,2,3,0,2,0,1,35,1,1,0,47,1,0,0,1,29
HR_00647,Ceminac,2429,818,29,0,8,6,3,33,0,81,4,8,357,7,12,0,0,90,0,19,1,0,2,21,1,1,21,0,0,0,49,3,1,1,3,57
HR_00655,Cepin,9550,2409,43,0,17,11,5,185,2,334,6,11,418,204,31,5,1,195,1,136,7,1,13,113,3,3,17,1,2,4,349,40,2,0,93,156
HR_HRZZCZ,Czech Republic,32,32,0,0,0,1,0,2,0,3,0,0,1,0,2,0,0,3,0,1,6,0,0,3,0,0,1,0,0,0,5,4,0,0,0,0
HR_HRZZCL,Chile,27,27,0,0,1,0,0,0,0,1,0,0,14,1,0,0,0,0,0,3,0,0,0,0,0,0,0,0,0,0,5,2,0,0,0,0
HR_01031,Đakovo,23497,6721,249,0,23,63,38,360,6,959,17,57,1442,183,162,8,7,690,6,363,19,11,35,328,19,7,16,4,8,24,944,74,6,2,31,560
HR_01040,Đelekovec,1246,308,15,0,6,5,1,6,0,17,1,3,72,26,15,1,0,14,2,8,3,1,1,11,0,1,0,0,0,0,69,4,0,0,5,21
HR_01058,Đulovac,2516,649,26,0,4,1,5,9,2,55,2,13,308,7,18,11,0,24,0,12,0,4,4,13,1,0,58,0,1,0,35,1,1,2,5,27
HR_01082,Đurmanec,3386,1334,89,0,5,65,4,22,1,24,2,25,466,23,61,2,2,80,3,37,0,13,5,19,6,1,2,2,1,5,234,10,1,7,6,111
HR_01066,Đurđenovac,5351,1442,45,0,9,14,5,41,1,135,2,19,505,10,19,1,2,107,1,59,0,5,9,36,3,5,3,1,0,3,280,11,2,0,5,104
HR_01074,Đurđevac,6626,1676,43,0,15,312,9,30,0,79,1,11,233,26,56,3,11,123,2,34,3,4,10,58,3,4,2,0,0,4,464,25,0,1,7,103
HR_05649,Sandrovac,1286,335,6,0,0,5,1,6,1,18,0,4,82,2,45,15,1,26,1,4,0,0,0,33,1,3,3,0,1,0,60,1,0,1,2,13
HR_06084,Senkovec,2515,831,15,0,1,10,4,6,0,36,0,3,102,262,45,6,2,54,1,17,7,1,7,22,0,2,1,1,0,6,159,14,2,0,3,42
HR_04430,Sestanovac,1846,602,18,0,2,2,4,81,0,81,2,5,235,6,1,6,1,17,0,60,0,2,1,36,2,0,0,0,0,1,22,1,2,0,0,14
HR_04448,Šibenik,40658,11358,290,0,40,82,19,575,7,1437,18,103,3320,108,193,22,3,777,6,515,100,24,123,255,20,22,125,4,3,67,2419,175,10,3,24,469
HR_04456,Škabrnja,1496,379,11,0,1,3,0,42,0,37,2,8,206,1,6,3,0,11,0,14,0,3,3,6,0,1,0,0,0,0,11,1,0,0,0,9
HR_06149,Sodolovci,1340,378,17,0,1,1,2,1,9,10,0,1,21,2,2,0,0,9,0,7,0,0,1,1,0,0,232,0,0,1,51,0,2,0,2,5
HR_04472,Šolta,2259,850,28,0,4,4,9,51,1,48,0,7,137,22,8,2,0,81,1,45,15,2,17,27,1,2,7,1,1,1,248,15,1,0,6,58
HR_HRZZES,Spain,25,25,0,0,0,0,0,1,0,0,0,0,3,0,0,1,0,2,0,0,3,0,2,1,0,0,1,0,0,0,9,0,0,0,1,1
HR_04499,Spisic Bukovica,3366,975,12,0,10,4,3,15,0,67,1,20,418,9,37,2,0,52,1,23,1,2,1,74,2,0,0,0,0,2,125,10,2,0,11,71
HR_04502,Stefanje,1580,475,10,0,6,10,1,9,2,31,1,7,173,2,21,5,0,26,0,7,0,2,1,52,0,1,5,0,0,3,61,2,0,0,2,35
HR_06289,Štitar,1880,257,11,0,1,3,1,15,0,45,0,6,37,1,35,0,0,16,0,20,1,1,0,11,1,1,0,0,0,1,27,1,0,0,1,21
HR_04529,Strigova,2404,603,11,0,1,2,1,7,0,16,1,7,73,238,2,5,0,42,0,3,0,44,0,7,0,0,0,0,1,0,75,5,0,0,1,61
HR_HRZZSE,Sweden,29,29,0,0,0,3,0,7,0,1,0,0,4,0,0,0,0,0,0,0,1,0,3,1,0,0,1,0,0,1,4,1,0,0,0,2
HR_HRZZCH,Switzerland,341,341,1,0,0,2,1,49,0,123,0,0,51,11,6,1,0,7,0,9,7,0,20,9,0,1,3,1,0,0,27,3,0,2,1,6
HR_05304,Zakanje,1613,622,22,0,5,8,3,25,1,20,0,8,242,2,15,6,0,21,1,29,1,1,5,33,4,1,0,0,1,2,73,11,3,0,4,75
HR_05312,Zminj,2893,654,40,0,1,3,3,12,0,18,0,5,27,11,255,2,0,27,0,33,11,0,10,14,4,2,0,6,0,2,94,17,0,1,4,52
HR_05401,Zumberak,779,200,0,0,7,22,1,7,1,6,0,5,64,0,11,0,0,7,0,4,1,2,1,15,0,1,1,0,0,0,31,1,0,0,3,9
HR_06025,Župa dubrovačka,7407,1724,37,0,14,17,7,76,0,253,2,18,555,21,22,15,1,110,1,138,17,16,19,51,2,2,1,0,2,7,173,42,1,0,4,100
HR_05347,Zupanja,10619,2639,76,0,9,23,7,121,1,307,3,25,857,10,50,5,4,207,4,110,17,1,12,106,6,4,6,1,1,9,455,21,3,1,7,170
