gisco_id,name,registered,turnout,invalid,blank,ПП ДРОМ,ПП Движение за радикална промяна Българската пролет,Политическа партия Движение Напред България,"Нова Република – ДСБ, Съюз за Пловдив, Българска демократична общност","КОАЛИЦИЯ НА НЕДОВОЛНИТЕ (БСД – Евролевица, Българска Социалдемократическа партия, Християн-Социален Съюз)",ВОЛЯ,ПП БЪЛГАРСКИ ДЕМОКРАТИЧЕН ЦЕНТЪР - БДЦ,Коалиция АБВ – Движение 21,Движение за права и свободи – ДПС,БСП за БЪЛГАРИЯ,ПП ГЕРБ,партия на ЗЕЛЕНИТЕ,Обединение ДОСТ,ПП Възраждане,ДВИЖЕНИЕ ПРЕЗАРЕДИ БЪЛГАРИЯ,"КП ДВИЖЕНИЕ ДА БЪЛГАРИЯ (Зелените, ДЕОС)","ОБЕДИНЕНИ ПАТРИОТИ – НФСБ, АТАКА и ВМРО",КОЙ – Българската левица и Зелена партия,ПП НАЦИОНАЛНА РЕПУБЛИКАНСКА ПАРТИЯ,БЪЛГАРСКО НАЦИОНАЛНО ОБЕДИНЕНИЕ,РЕФОРМАТОРСКИ БЛОК – ГЛАС НАРОДЕН,Соня Спасова Маркова - независим-Соня Спасова Маркова,Красимир Иванчев Жейнов - независим-Красимир Иванчев Жейнов,Росица Пенчева Йорданова - независим-Росица Пенчева Йорданова,Златко Спасов Здравков - независим-Златко Спасов Здравков,Димитър Огнянов Игнатов - независим-ДИМИТЪР ОГНЯНОВ ИГНАТОВ,Румен Желязков Домбашов - независим-Румен Желязков Домбашов,Георги Стоянов Кадиев - независим-Георги Стоянов Кадиев,Димитър Кирилов Байрактаров - независим-ДИМИТЪР КИРИЛОВ БАЙРАКТАРОВ,Иван Стоянов Матев - независим-Иван Стоянов Матев
BG_BLG52,Хаджидимово,8908,5112,366,0,2,10,17,41,8,111,19,46,1343,1281,1236,7,91,23,0,12,223,1,1,34,167,2,0,0,0,0,0,0,0,0
BG_LOV18,Ловеч,46427,25197,880,0,17,64,40,359,31,988,30,394,1652,7836,7831,58,164,349,0,345,2683,21,0,25,705,0,0,0,42,0,0,0,0,0
BG_DOB20,Крушари,5608,1883,137,0,0,4,1,5,2,71,0,33,746,288,271,1,175,1,0,13,101,0,0,0,18,0,0,0,0,0,0,0,0,0
BG_SLV11,Котел,18722,8716,675,0,16,16,12,29,10,128,10,66,851,1760,3455,21,998,14,0,20,462,4,2,7,62,0,0,0,0,0,0,0,0,0
BG_BLG53,Якоруда,8955,5295,315,0,1,6,6,29,2,93,7,54,2876,480,578,6,556,16,0,13,127,0,4,1,11,6,0,0,0,0,0,0,0,0
BG_VAR01,Аврен,7031,4420,314,0,2,11,6,26,12,373,2,31,627,1021,1568,7,15,21,0,29,264,0,6,2,28,0,2,3,0,0,0,0,0,0
BG_KRZ15,Крумовград,33784,11145,360,0,2,1,12,15,8,119,10,43,5860,1010,1374,14,1956,28,0,26,157,1,0,0,35,0,0,0,0,0,0,0,0,0
BG_GAB29,Севлиево,33022,17375,672,0,14,104,26,194,30,969,26,448,1523,4809,5789,100,167,114,0,229,1453,16,19,12,210,0,0,0,0,0,0,0,0,0
BG_KRZ14,Кирково,34338,13552,855,0,7,7,18,18,9,78,5,56,4506,1242,2660,16,3757,13,0,21,133,5,0,3,43,0,0,0,0,0,0,0,0,0
BG_BLG03,Благоевград,91253,38196,1554,0,38,104,77,1397,58,989,31,776,1117,9603,15352,252,36,271,0,957,3320,17,15,58,1127,74,0,0,0,0,0,0,0,0
BG_BGS01,Айтос,28071,13973,807,0,9,17,35,80,20,640,8,75,2511,2641,3398,23,2072,53,0,72,988,4,13,3,285,0,0,0,0,0,0,0,0,0
BG_PAZ04,Белово,7935,4678,285,0,2,13,11,42,10,161,3,20,31,1681,1497,10,8,33,0,54,512,5,4,4,201,0,0,0,0,0,0,0,0,0
BG_VID09,Видин,61413,26465,783,0,25,49,80,795,41,689,0,265,1388,9187,6890,36,232,276,0,301,2176,31,10,22,1118,0,0,0,0,0,0,0,0,0
BG_VAR02,Аксаково,16647,9602,646,0,3,19,21,110,15,950,1,134,766,2340,3347,20,12,82,0,101,728,3,7,8,107,0,16,8,0,0,0,0,0,0
BG_SML11,Златоград,11196,5831,284,0,2,18,5,65,8,98,8,62,342,1857,2551,15,49,25,0,39,250,3,0,5,51,0,0,0,0,0,4,0,0,0
BG_TGV35,Търговище,56838,30218,806,0,26,55,39,361,24,1306,27,326,8233,6760,7471,35,1366,230,0,235,2135,18,20,19,245,0,0,0,0,0,0,0,0,0
BG_SFO45,Сливница,7743,4741,221,0,1,9,6,111,7,144,4,84,98,1472,1933,9,10,52,0,75,294,1,1,7,91,0,0,0,0,0,0,0,0,0
BG_VTR28,Свищов,31331,17130,757,0,9,31,34,235,36,656,12,192,944,5923,3848,39,150,192,0,369,1783,8,20,17,1361,0,0,0,0,0,0,0,0,0
BG_SLS01,Алфатар,2753,1644,67,0,0,1,3,2,2,44,2,14,224,462,569,2,20,7,0,0,170,2,1,2,31,0,0,0,0,0,0,0,0,0
BG_PAZ19,Пазарджик,104689,50721,2696,0,115,117,80,818,99,1771,56,848,4193,14008,16623,117,72,530,0,821,4859,62,40,36,1657,0,0,0,0,0,0,0,0,0
BG_BGS17,Поморие,22796,13061,644,0,70,38,20,172,16,601,9,79,2135,2590,3728,26,702,64,0,110,1318,10,5,9,490,0,0,0,0,0,0,0,0,0
BG_SZR24,Павел баня,13856,7563,534,0,15,7,10,40,10,132,7,37,1210,1652,1336,14,1664,37,0,26,691,4,8,7,39,0,0,0,0,0,0,0,0,4
BG_HKV34,Хасково,92413,48121,2068,0,61,102,51,586,47,902,36,416,6689,12382,14838,88,2542,434,0,624,3915,24,36,33,1366,0,0,0,0,0,0,0,0,0
BG_SHU25,Смядово,5731,2966,185,0,2,1,7,17,3,137,2,19,236,723,1135,6,126,8,0,4,237,4,3,4,69,0,0,0,0,0,0,0,0,0
BG_JAM22,Стралджа,10338,5692,272,0,22,11,7,46,10,101,0,126,247,2083,1528,15,93,24,0,22,914,7,7,5,69,0,0,0,0,0,0,0,0,0
BG_SOF46,Столична,1153203,603615,19776,0,1011,2269,1220,33702,870,21715,370,10439,4454,151508,203458,2631,806,8520,0,46273,47227,635,357,870,22868,0,0,0,0,0,0,2270,463,0
BG_DOB12,Генерал Тошево,13719,6940,515,0,4,13,8,172,29,487,0,82,604,2503,1400,16,104,56,0,31,714,3,0,4,92,0,0,0,0,0,0,0,0,0
BG_DOB15,Добрич-селска,21102,9788,715,0,10,16,32,71,17,410,0,125,1836,3158,1863,17,469,50,0,43,687,5,0,7,160,0,0,0,0,0,0,0,0,0
BG_SFO39,Самоков,32362,20390,1398,0,254,49,59,340,14,600,57,125,997,6120,6974,58,650,136,0,298,1456,9,14,36,363,0,0,0,0,0,0,0,0,0
BG_VRC08,Бяла Слатина,21804,12801,793,0,33,39,9,102,13,302,5,238,1191,3429,5297,21,14,48,0,55,703,8,5,6,261,0,0,0,0,0,0,0,0,0
BG_DOB27,Тервел,20080,8172,399,0,6,8,16,33,6,300,0,46,2655,1563,1204,7,1301,19,0,37,438,5,0,5,30,0,0,0,0,0,0,0,0,0
BG_HKV19,Минерални бани,6596,4003,171,0,6,4,2,16,1,28,0,27,2338,407,436,4,227,16,0,7,193,0,5,1,67,0,0,0,0,0,0,0,0,0
BG_PDV43,Сопот,9227,4926,209,0,3,3,12,45,9,219,3,99,110,1758,1240,12,15,50,0,44,538,3,1,3,400,0,0,0,0,0,0,0,0,0
BG_SLS34,Тутракан,15157,8208,249,0,8,18,9,30,8,208,8,148,2052,1980,1995,9,214,43,0,68,948,3,7,4,75,0,0,0,0,0,0,0,0,0
BG_SFO54,Антон,1307,780,42,0,0,0,1,10,3,47,0,7,48,256,206,1,0,5,0,17,81,1,0,0,33,0,0,0,0,0,0,0,0,0
BG_TGV02,Антоново,5726,3584,119,0,1,3,1,17,1,36,0,6,2007,442,600,3,145,7,0,6,120,3,2,2,21,0,0,0,0,0,0,0,0,0
BG_SFO10,Горна Малина,4858,3292,244,0,5,5,12,69,1,68,11,49,177,1019,941,16,3,14,0,147,236,3,1,3,164,0,0,0,0,0,0,0,0,0
BG_SZR07,Гълъбово,10921,6629,370,0,12,18,8,35,15,275,12,152,386,2781,1593,7,9,23,0,49,583,6,8,21,106,0,0,0,0,0,0,0,0,7
BG_TGV24,Попово,26425,12569,288,0,11,22,15,99,18,547,6,706,1646,3875,3029,21,409,83,0,62,1330,9,13,11,121,0,0,0,0,0,0,0,0,0
BG_VTR04,Велико Търново,74491,41896,1158,0,17,133,64,1059,68,1657,30,941,1453,12020,14427,123,109,579,0,1310,4521,29,25,34,1048,0,0,0,0,0,0,0,0,0
BG_SML31,Смолян,35894,20860,595,0,10,42,40,344,35,827,13,270,1074,5770,8083,68,585,181,0,328,1223,20,0,15,462,0,0,0,0,0,172,0,0,0
BG_KRZ02,Ардино,23607,7999,283,0,1,2,7,10,5,64,5,10,4805,669,1032,8,956,8,0,14,41,2,0,1,6,0,0,0,0,0,0,0,0,0
BG_VAR16,Дългопол,12931,7036,617,0,9,5,18,127,11,294,3,17,1632,1585,1233,10,878,15,0,22,393,3,4,6,63,0,21,3,0,0,0,0,0,0
BG_GAB05,Габрово,59396,32665,955,0,11,73,37,523,48,2123,36,502,489,7979,14676,83,38,346,0,470,2843,11,28,40,553,0,0,0,0,0,0,0,0,0
BG_SZR31,Стара Загора,143886,81992,3491,0,138,162,109,1700,114,3529,65,1316,3867,22843,28929,195,88,898,0,1877,7693,46,36,126,2143,0,0,0,0,0,0,0,0,468
BG_VID16,Димово,5301,3084,139,0,9,3,6,29,4,42,0,24,531,1089,761,7,74,23,0,12,167,6,2,3,72,0,0,0,0,0,0,0,0,0
BG_PDV01,Асеновград,58997,33576,1928,0,17,98,40,433,40,1138,13,435,4156,8357,10119,73,2017,166,0,615,2463,14,10,23,763,0,0,0,0,0,0,0,0,0
BG_SLV16,Нова Загора,33667,15802,938,0,21,30,50,154,36,549,15,133,909,4803,5275,34,147,117,0,127,1884,8,18,14,270,0,0,0,0,0,0,0,0,0
BG_VTR31,Стражица,11337,5672,489,0,18,9,12,47,17,144,11,31,736,2066,1395,3,16,36,0,39,423,1,4,2,61,0,0,0,0,0,0,0,0,0
BG_PVN21,Никопол,8781,4996,358,0,2,7,3,30,4,121,4,312,733,1352,979,10,431,32,0,34,425,0,7,6,55,0,0,0,0,15,0,0,0,0
BG_JAM25,Тунджа,19351,11207,496,0,25,17,11,113,10,235,0,166,198,4839,3040,22,11,63,0,40,1481,14,12,16,231,0,0,0,0,0,0,0,0,0
BG_PVN16,Левски,18330,9550,585,0,9,23,15,166,19,385,9,229,830,3051,2610,10,77,83,0,52,878,9,7,13,309,0,0,0,0,11,0,0,0,0
BG_BGS09,Карнобат,22403,11692,812,0,14,36,27,117,27,503,13,171,1074,3682,3144,21,345,85,0,99,1053,12,13,9,180,0,0,0,0,0,0,0,0,0
BG_MON26,Медковец,3322,2100,176,0,9,7,2,10,2,40,3,195,180,843,411,2,2,15,0,10,84,3,1,0,58,0,0,0,0,0,0,0,0,0
BG_KRZ21,Момчилград,30580,9997,492,0,2,1,8,29,3,58,3,16,4617,434,1295,10,2789,8,0,20,71,1,0,2,23,0,0,0,0,0,0,0,0,0
BG_PDV28,Садово,12322,6453,706,0,8,14,9,111,8,206,5,51,161,2626,1640,12,120,20,0,29,427,1,3,4,176,0,0,0,0,0,0,0,0,0
BG_SML02,Баните,4168,2685,161,0,1,2,3,51,5,51,2,10,357,894,859,3,43,4,0,6,142,0,0,1,23,0,0,0,0,0,30,0,0,0
BG_BGS13,Царево,7810,5169,353,0,10,16,4,85,7,140,5,63,78,1340,2309,32,2,31,0,69,458,2,0,9,61,0,0,0,0,0,0,0,0,0
BG_PAZ08,Велинград,31779,17798,1117,0,31,62,21,169,28,262,8,143,2765,4411,6178,21,397,140,0,135,1219,16,7,11,272,0,0,0,0,0,0,0,0,0
BG_SLS31,Силистра,50793,26605,864,0,9,58,19,265,43,1375,33,458,1306,8001,8298,62,235,256,0,473,3982,13,20,23,285,0,0,0,0,0,0,0,0,0
BG_PDV07,Брезово,5742,3552,254,0,6,12,9,26,3,147,6,77,11,1580,845,7,5,19,0,9,272,2,2,3,205,0,0,0,0,0,0,0,0,0
BG_KNL04,Бобов дол,7690,4070,211,0,4,14,7,42,7,165,8,49,32,1577,1353,6,5,47,0,19,314,4,1,6,78,0,0,0,0,0,0,0,0,0
BG_RSE33,Сливо поле,10604,5312,337,0,5,3,14,24,7,106,6,19,1447,1083,1423,11,197,31,0,17,320,6,5,3,147,0,0,0,0,0,0,0,0,0
BG_BLG02,Белица,8037,5722,352,0,3,4,9,15,3,50,1,34,3366,492,847,3,334,5,0,4,90,0,6,1,32,0,0,0,0,0,0,0,0,0
BG_KNL29,Кюстендил,67341,29125,911,0,20,73,95,456,56,1191,84,716,327,9952,10231,78,144,341,0,407,2385,18,12,35,738,0,0,0,0,0,0,0,0,0
BG_KNL05,Бобошево,2392,1389,79,0,1,2,3,22,1,30,0,20,15,418,423,8,3,4,0,35,195,1,0,3,101,0,0,0,0,0,0,0,0,0
BG_PVN10,Долна Митрополия,17237,8967,762,0,7,22,24,77,12,198,12,128,489,3072,2354,7,194,69,0,30,929,6,13,21,230,0,0,0,0,121,0,0,0,0
BG_PER36,Радомир,17423,9965,384,0,16,22,25,72,27,457,12,138,415,3427,3420,36,24,121,0,103,775,3,8,7,253,0,0,0,0,0,0,0,0,0
BG_SHU11,Хитрино,9797,3849,253,0,0,5,6,8,3,47,2,6,984,308,1226,5,860,6,0,8,50,1,2,2,19,0,0,0,0,0,0,0,0,0
BG_KRZ35,Черноочене,12846,5988,161,0,0,0,2,5,1,11,1,4,3808,143,610,3,1174,3,0,2,25,1,0,0,3,0,0,0,0,0,0,0,0,0
BG_LOV34,Троян,28850,16641,481,0,11,54,40,193,34,1199,16,200,849,4491,5519,41,132,296,0,226,2076,8,0,22,291,0,0,0,23,0,0,0,0,0
BG_KNL48,Дупница,42694,22110,997,0,33,59,42,320,33,594,21,181,88,6869,8586,94,18,331,0,418,1627,14,14,26,1235,0,0,0,0,0,0,0,0,0
BG_BLG13,Гърмен,13303,7340,454,0,43,11,14,74,5,131,15,338,2580,983,1398,6,931,21,0,12,198,4,1,5,55,0,0,0,0,0,0,0,0,0
BG_VID06,Брегово,4658,3011,166,0,4,10,5,36,5,68,0,11,83,1641,639,5,26,10,0,4,156,1,2,2,60,0,0,0,0,0,0,0,0,0
BG_HKV30,Стамболово,11860,3909,251,0,2,5,5,19,2,20,0,8,2051,356,220,4,773,9,0,6,97,0,5,0,37,0,0,0,0,0,0,0,0,0
BG_RAZ26,Разград,53013,23372,635,0,10,30,31,1353,28,844,18,254,3617,5572,6000,49,950,182,0,229,2149,15,18,20,867,0,0,0,0,0,0,0,0,0
BG_DOB03,Балчик,18094,8676,461,0,28,24,24,89,15,623,0,246,823,2781,1716,25,221,93,0,146,1076,5,0,9,135,0,0,0,0,0,0,0,0,0
BG_MON02,Берковица,16631,8825,499,0,8,15,13,87,15,335,3,82,907,2934,2431,23,7,76,0,64,691,2,10,16,333,0,0,0,0,0,0,0,0,0
BG_RSE08,Две могили,8410,4280,208,0,4,9,7,19,10,140,5,88,769,1055,730,7,304,33,0,20,424,1,7,6,362,0,0,0,0,0,0,0,0,0
BG_VRC10,Враца,69139,36230,1267,0,25,195,74,738,53,838,32,500,914,11774,11905,113,54,291,0,526,4297,81,25,34,1513,0,0,0,0,0,0,0,0,0
BG_BLG11,Гоце Делчев,28875,16397,1094,0,7,22,63,336,9,345,20,187,2847,4156,4064,16,1357,135,0,139,921,2,10,15,365,12,0,0,0,0,0,0,0,0
BG_PER08,Брезник,5609,3373,121,0,0,9,2,34,9,204,6,129,194,1180,939,12,10,27,0,15,249,3,2,3,127,0,0,0,0,0,0,0,0,0
BG_VAR26,Суворово,6322,3500,255,0,6,8,10,22,7,274,2,15,632,870,924,5,42,13,0,17,284,6,0,3,28,0,4,3,0,0,0,0,0,0
BG_BLG01,Банско,11357,8286,531,0,4,9,35,115,7,706,12,39,302,1781,3735,7,73,64,0,47,529,4,3,5,147,2,0,0,0,0,0,0,0,0
BG_BLG37,Разлог,18095,11756,869,0,23,28,24,558,20,360,12,97,521,3489,4099,23,10,116,0,106,927,7,12,11,188,11,0,0,0,0,0,0,0,0
BG_BGS15,Несебър,19487,11359,559,0,10,52,27,210,19,761,26,148,449,3215,3553,29,59,137,0,147,1442,5,8,6,244,0,0,0,0,0,0,0,0,0
BG_PAZ20,Панагюрище,22223,12202,585,0,15,17,29,130,29,509,13,199,144,4206,4420,33,7,134,0,157,962,7,9,17,262,0,0,0,0,0,0,0,0,0
BG_PDV13,Карлово,46279,25044,1625,0,34,47,59,329,98,915,28,222,1156,8256,6803,69,323,243,0,318,2662,23,23,34,1178,0,0,0,0,0,0,0,0,0
BG_KNL27,Кочериново,3518,1970,102,0,2,4,6,17,8,35,4,68,12,748,646,6,3,11,0,20,171,3,5,4,60,0,0,0,0,0,0,0,0,0
BG_SML10,Доспат,8004,5101,123,0,0,4,9,11,7,110,1,24,520,1307,2706,3,149,2,0,7,49,1,0,2,11,0,0,0,0,0,0,0,0,0
BG_RSE27,Русе,152003,75291,2532,0,36,258,144,1720,124,3026,67,1506,2216,20300,23959,273,675,1119,0,1663,10804,108,68,76,2570,0,0,0,0,0,0,0,0,0
BG_BLG33,Петрич,54707,25184,2012,0,24,59,44,296,101,533,25,323,946,5456,9933,41,21,162,0,150,3124,19,10,18,1425,108,0,0,0,0,0,0,0,0
BG_VTR22,Павликени,21387,11083,604,0,12,29,9,96,60,509,9,127,967,4177,2763,19,12,113,0,70,1018,8,5,6,263,0,0,0,0,0,0,0,0,0
BG_PAZ03,Батак,5516,3409,142,0,1,4,2,20,0,94,2,37,1196,669,775,1,90,2,0,18,232,5,4,2,80,0,0,0,0,0,0,0,0,0
BG_RSE03,Борово,5414,2907,233,0,2,4,6,27,3,57,1,30,288,796,923,5,40,30,0,2,233,4,4,5,172,0,0,0,0,0,0,0,0,0
BG_SFO43,Своге,17937,10660,497,0,7,12,28,261,31,303,13,271,1288,2862,3318,28,10,73,0,105,824,6,15,20,374,0,0,0,0,0,0,0,0,0
BG_LOV38,Ябланица,4791,3122,186,0,3,1,3,39,1,117,6,33,765,850,669,1,9,14,0,12,272,5,0,4,84,0,0,0,0,0,0,0,0,0
BG_VRC21,Криводол,8037,5044,341,0,16,9,2,29,5,51,3,34,20,1551,1113,8,9,20,0,14,465,4,2,7,1256,0,0,0,0,0,0,0,0,0
BG_KRZ16,Кърджали,98035,35721,1553,0,6,34,22,427,23,476,27,201,12753,4720,6212,45,6029,158,0,196,1822,14,0,11,434,0,0,0,0,0,0,0,0,0
BG_SLS07,Главиница,11425,6060,275,0,3,3,4,16,1,115,6,15,2856,698,1050,9,676,13,0,8,224,4,10,3,12,0,0,0,0,0,0,0,0,0
BG_SZR23,Опан,2310,1559,105,0,0,4,4,14,3,38,2,10,44,720,426,1,1,6,0,2,128,1,0,2,19,0,0,0,0,0,0,0,0,0
BG_VTR13,Елена,8395,4707,250,0,6,12,8,88,0,165,5,64,470,1441,1547,10,39,25,0,40,393,6,4,3,39,0,0,0,0,0,0,0,0,0
BG_PVN24,Плевен,122962,65586,2420,0,18,263,121,1531,95,2390,41,1721,2029,17469,21878,129,313,1129,0,1078,8214,32,35,51,2490,0,0,0,0,334,0,0,0,0
BG_PDV12,Калояново,9624,5518,370,0,4,4,19,64,21,234,5,37,296,1488,1703,6,10,37,0,53,440,8,3,4,602,0,0,0,0,0,0,0,0,0
BG_SML09,Девин,11426,6744,309,0,5,9,19,78,22,206,7,77,929,2138,2276,19,112,29,0,48,270,3,0,2,46,0,0,0,0,0,2,0,0,0
BG_LOV19,Луковит,15139,8541,772,0,15,13,14,77,14,168,7,56,1480,2159,2777,11,40,44,0,54,578,2,0,10,105,0,0,0,4,0,0,0,0,0
BG_SFO26,Костинброд,13833,8524,343,0,27,15,21,115,9,235,9,98,453,2358,3490,42,4,81,0,182,644,7,4,15,195,0,0,0,0,0,0,0,0,0
BG_MON29,Монтана,48190,26584,900,0,50,64,66,339,39,1072,32,321,2266,8641,6459,57,44,251,0,453,2063,18,26,78,2442,0,0,0,0,0,0,0,0,0
BG_PDV26,Родопи,28055,15141,675,0,8,23,19,285,16,673,13,438,756,3801,5416,39,339,137,0,197,1389,5,8,12,543,0,0,0,0,0,0,0,0,0
BG_DOB17,Каварна,13315,6255,269,0,5,16,13,100,9,590,0,126,293,2117,1337,27,23,88,0,91,902,9,0,9,113,0,0,0,0,0,0,0,0,0
BG_PVN03,Белене,8753,4910,292,0,2,15,11,52,10,263,22,143,95,2156,862,7,6,45,0,100,512,3,7,6,119,0,0,0,0,5,0,0,0,0
BG_MON04,Бойчиновци,7607,4857,355,0,6,10,8,16,5,83,3,49,895,1259,1270,8,3,12,0,2,261,3,5,5,541,0,0,0,0,0,0,0,0,0
BG_SZR27,Раднево,17052,9968,555,0,18,14,12,97,17,447,28,193,595,3657,2677,28,13,53,0,59,991,8,8,12,231,0,0,0,0,0,0,0,0,21
BG_BGS06,Средец,11878,7164,524,0,133,19,13,46,16,231,8,84,568,1997,2196,18,10,40,0,22,1038,0,7,7,72,0,0,0,0,0,0,0,0,0
BG_MON36,Чипровци,3415,2255,91,0,1,11,2,19,0,65,6,8,85,658,882,2,8,32,0,27,217,3,1,0,81,0,0,0,0,0,0,0,0,0
BG_RAZ14,Исперих,26442,13077,887,0,25,41,7,132,6,229,6,42,4252,1052,4946,23,588,40,0,52,480,4,7,5,37,0,0,0,0,0,0,0,0,0
BG_GAB35,Трявна,10719,5790,150,0,1,18,10,67,7,506,7,220,33,1660,1856,25,7,89,0,112,737,12,4,5,114,0,0,0,0,0,0,0,0,0
BG_PDV15,Лъки,2546,1417,70,0,1,2,0,12,0,65,0,5,143,560,291,0,4,3,0,7,81,1,1,3,143,0,0,0,0,0,0,0,0,0
BG_HKV17,Любимец,8221,5193,200,0,7,8,5,44,8,87,4,27,122,1496,2623,15,4,54,0,34,326,3,4,3,53,0,0,0,0,0,0,0,0,0
BG_RAZ16,Кубрат,19485,8894,333,0,12,36,17,87,10,238,11,48,3525,1227,1588,18,939,44,0,140,343,4,14,6,109,0,0,0,0,0,0,0,0,0
BG_PDV37,Хисаря,11203,6205,379,0,16,18,15,169,14,234,7,214,20,2101,1723,27,16,71,0,53,679,9,6,9,282,0,0,0,0,0,0,0,0,0
BG_VAR08,Ветрино,4869,2916,206,0,1,1,4,23,2,170,2,15,560,852,776,1,44,12,0,7,173,0,2,1,15,0,6,0,0,0,0,0,0,0
BG_VID01,Белоградчик,5808,2966,83,0,1,8,11,234,5,89,0,69,149,1165,640,3,4,28,0,23,217,1,3,2,114,0,0,0,0,0,0,0,0,0
BG_PDV25,Раковски,23121,10670,962,0,2,29,13,152,10,335,5,100,168,2770,4699,21,8,96,0,70,743,8,4,11,267,0,0,0,0,0,0,0,0,0
BG_SHU30,Шумен,90286,44727,1544,0,59,86,87,533,49,2763,20,693,2765,11371,14321,83,1537,440,0,604,5146,31,34,59,1545,0,0,0,0,0,0,0,0,0
BG_TGV22,Омуртаг,25158,12137,542,0,15,13,11,22,9,212,2,25,6152,1143,1413,17,1987,13,0,18,303,6,13,7,48,0,0,0,0,0,0,0,0,0
BG_VID33,Ружинци,3440,2114,94,0,5,1,1,19,2,19,0,18,159,568,732,3,358,8,0,2,76,1,1,0,23,0,0,0,0,0,0,0,0,0
BG_HKV11,Ивайловград,6869,3928,144,0,0,6,3,41,3,92,1,36,356,1137,1580,7,41,9,0,24,321,2,4,2,66,0,0,0,0,0,0,0,0,0
BG_VAR04,Белослав,9363,4696,267,0,5,7,8,57,6,640,6,48,184,1320,1190,11,78,39,0,44,552,6,2,12,84,0,16,4,0,0,0,0,0,0
BG_RSE37,Ценово,5069,3069,175,0,3,6,2,13,2,52,3,11,87,1136,1098,5,2,15,0,16,321,3,1,4,56,0,0,0,0,0,0,0,0,0
BG_PDV17,Марица,25657,14130,982,0,15,25,26,212,17,720,19,201,573,4090,4704,31,38,80,0,111,1295,12,11,16,654,0,0,0,0,0,0,0,0,0
BG_SFO56,Мирково,1969,1166,70,0,2,4,1,12,3,50,2,7,44,354,264,6,0,5,0,15,123,4,1,2,155,0,0,0,0,0,0,0,0,0
BG_PER19,Земен,2204,1493,71,0,0,3,3,15,3,47,5,38,14,626,368,4,2,10,0,3,119,3,1,2,125,0,0,0,0,0,0,0,0,0
BG_SFO16,Драгоман,4384,2807,117,0,2,5,9,19,2,69,4,29,79,919,1129,8,3,24,0,31,161,1,2,4,119,0,0,0,0,0,0,0,0,0
BG_BGS23,Сунгурларе,10731,5980,465,0,25,8,8,36,15,137,8,47,1950,1164,985,11,542,20,0,10,419,3,9,4,39,0,0,0,0,0,0,0,0,0
BG_SLV20,Сливен,112208,55808,3277,0,271,114,70,1010,69,2167,58,808,2218,17535,17861,136,457,465,0,873,5710,34,35,41,1398,0,0,0,0,0,0,0,0,0
BG_BGS18,Руен,28429,17111,1163,0,13,13,18,10,9,312,6,113,7769,590,770,28,5895,13,0,21,160,6,13,2,73,0,0,0,0,0,0,0,0,0
BG_HKV33,Харманли,22530,12674,711,0,68,18,13,142,39,276,10,57,943,3866,3953,28,429,87,0,67,1406,5,12,14,335,0,0,0,0,0,0,0,0,0
BG_RSE04,Бяла,12524,6533,309,0,5,15,15,49,13,202,9,65,261,1907,2392,20,15,76,0,39,728,10,3,6,263,0,0,0,0,0,0,0,0,0
BG_PAZ32,Стрелча,4363,2613,133,0,3,3,4,23,0,81,1,132,244,898,737,1,1,22,0,22,196,2,4,5,60,0,0,0,0,0,0,0,0,0
BG_BGS12,Малко Търново,2848,1803,143,0,8,5,3,9,5,54,3,42,52,598,555,3,3,15,0,18,202,3,0,3,47,0,0,0,0,0,0,0,0,0
BG_SLV24,Твърдица,11739,5592,481,0,8,15,3,23,9,174,7,42,418,1619,1897,10,132,66,0,14,468,11,6,2,95,0,0,0,0,0,0,0,0,0
BG_VAR24,Провадия,19918,10574,735,0,20,9,21,108,22,1190,8,96,1616,3342,1884,9,112,85,0,100,941,7,5,9,93,0,19,5,0,0,0,0,0,0
BG_SFO17,Елин Пелин,18444,10206,453,0,14,18,32,138,14,350,5,115,180,3038,3364,31,16,108,0,193,1425,16,7,29,346,0,0,0,0,0,0,0,0,0
BG_PER32,Перник,84668,46343,1342,0,48,89,98,680,96,2344,56,1629,605,14586,15686,152,141,381,0,901,3551,51,38,61,2415,0,0,0,0,0,0,0,0,0
BG_RAZ29,Самуил,9121,4090,265,0,3,7,6,60,4,34,5,9,2503,154,490,3,454,2,0,2,28,2,2,0,13,0,0,0,0,0,0,0,0,0
BG_BLG42,Сатовча,15191,7909,388,0,1,22,8,20,2,63,5,36,3977,1144,1869,0,222,4,0,11,63,1,1,1,24,0,0,0,0,0,0,0,0,0
BG_SML38,Чепеларе,6414,3711,127,0,1,11,9,69,2,166,10,36,265,1197,1105,10,32,19,0,41,418,3,0,5,82,0,0,0,0,0,4,0,0,0
BG_VRC27,Мездра,18600,10702,478,0,28,22,14,122,31,314,17,1010,320,3439,2802,15,16,40,0,89,1108,9,3,12,573,0,0,0,0,0,0,0,0,0
BG_SFO20,Ихтиман,14485,8967,721,0,27,18,16,65,15,225,36,60,718,2053,3508,30,8,43,0,102,642,8,3,7,485,0,0,0,0,0,0,0,0,0
BG_HKV09,Димитровград,50444,26058,1122,0,132,61,35,251,40,739,18,222,711,7684,8323,67,76,316,0,302,2180,19,12,28,3136,0,0,0,0,0,0,0,0,0
BG_SFO07,Ботевград,28817,16352,731,0,23,53,57,227,45,653,19,531,401,4886,5288,55,22,147,0,573,1672,15,14,21,455,0,0,0,0,0,0,0,0,0
BG_RSE13,Иваново,8109,4599,316,0,3,6,4,44,3,110,3,59,293,1448,1378,4,82,42,0,19,627,4,6,3,87,0,0,0,0,0,0,0,0,0
BG_SFO06,Божурище,6057,3662,107,0,3,14,10,74,3,208,3,40,49,1038,1437,17,5,54,0,107,264,5,3,2,143,0,0,0,0,0,0,0,0,0
BG_SHU10,Върбица,10906,5156,322,0,14,5,12,8,3,96,12,10,2703,451,618,11,743,6,0,3,64,5,7,2,12,0,0,0,0,0,0,0,0,0
BG_SLS10,Дулово,29975,15085,1005,0,9,12,4,15,12,232,16,133,5418,1226,4719,16,1655,5,0,40,376,13,13,4,38,0,0,0,0,0,0,0,0,0
BG_SFO18,Етрополе,10843,6688,393,0,2,35,16,45,9,212,7,196,357,2761,1765,23,7,50,0,112,378,7,3,16,151,0,0,0,0,0,0,0,0,0
BG_VID03,Бойница,929,575,19,0,0,1,3,5,2,10,0,2,12,201,245,1,14,1,0,3,29,1,0,1,9,0,0,0,0,0,0,0,0,0
BG_JAM03,Болярово,3093,2255,264,0,1,5,2,5,1,65,0,15,2,1323,343,1,0,16,0,4,155,1,4,2,19,0,0,0,0,0,0,0,0,0
BG_SML27,Рудозем,8817,5473,156,0,2,4,20,22,6,378,7,29,2120,867,1252,8,289,21,0,17,81,3,0,3,40,0,0,0,0,0,5,0,0,0
BG_PAZ14,Лесичово,4367,2574,215,0,5,8,3,19,1,58,4,11,352,913,685,4,17,5,0,8,178,2,4,2,47,0,0,0,0,0,0,0,0,0
BG_SML05,Борино,3411,2059,50,0,1,0,0,2,3,23,0,11,1046,290,493,1,77,3,0,8,15,0,0,0,4,0,0,0,0,0,0,0,0,0
BG_SML16,Мадан,10888,6658,193,0,4,5,10,14,6,236,4,63,2974,1207,1331,8,257,13,0,35,88,2,0,1,46,0,0,0,0,0,7,0,0,0
BG_PVN27,Пордим,5184,2877,178,0,4,3,3,17,3,64,3,197,213,860,785,6,8,16,0,7,395,0,2,1,46,0,0,0,0,4,0,0,0,0
BG_HKV18,Маджарово,2733,1283,66,0,0,0,0,8,1,8,0,17,523,187,305,3,95,2,0,2,56,0,1,0,8,0,0,0,0,0,0,0,0,0
BG_JAM07,Елхово,13891,7589,267,0,20,22,10,94,15,141,0,113,179,3170,2247,15,9,70,0,37,930,8,2,8,77,0,0,0,0,0,0,0,0,0
BG_VRC05,Борован,4614,2807,220,0,9,3,10,20,1,51,12,22,316,820,783,4,6,13,0,3,161,1,1,2,307,0,0,0,0,0,0,0,0,0
BG_SZR22,Мъглиж,9751,4823,476,0,20,7,6,26,2,88,4,23,447,1265,1698,19,202,18,0,21,374,2,6,5,61,0,0,0,0,0,0,0,0,3
BG_SHU07,Венец,10183,4367,235,0,0,1,8,5,3,54,3,8,2998,213,232,5,499,3,0,3,16,1,6,2,32,0,0,0,0,0,0,0,0,0
BG_SLS32,Ситово,5307,3030,144,0,2,2,5,5,9,66,3,47,1198,619,493,7,131,3,0,5,225,3,5,4,10,0,0,0,0,0,0,0,0,0
BG_VRC35,Хайредин,4274,2487,150,0,19,1,3,32,5,48,4,51,151,851,647,3,3,15,0,6,171,1,1,4,258,0,0,0,0,0,0,0,0,0
BG_MON11,Вълчедръм,7812,4547,253,0,10,4,7,38,8,73,5,37,1126,1412,1030,6,4,18,0,7,213,3,7,8,217,0,0,0,0,0,0,0,0,0
BG_PAZ29,Септември,22388,12949,1603,0,9,23,18,96,136,313,8,64,1219,3176,4885,15,17,55,0,63,820,38,2,9,207,0,0,0,0,0,0,0,0,0
BG_VAR09,Вълчи дол,8646,5043,347,0,9,1,6,28,4,392,2,34,863,1479,1272,3,34,17,0,18,323,3,11,3,108,0,9,5,0,0,0,0,0,0
BG_SFO09,Годеч,4569,2838,133,0,2,9,4,16,6,99,1,22,48,839,1346,4,1,28,0,26,175,1,1,1,30,0,0,0,0,0,0,0,0,0
BG_SHU18,Каолиново,16968,7797,479,0,2,9,12,8,4,104,7,17,4479,294,603,8,1600,9,0,4,71,1,2,0,41,0,0,0,0,0,0,0,0,0
BG_VID15,Грамада,1630,1140,32,0,1,0,2,31,0,12,0,3,54,407,467,2,1,7,0,4,65,2,1,1,28,0,0,0,0,0,0,0,0,0
BG_BGS04,Бургас,184494,104464,3854,0,62,436,164,2237,250,3838,99,1717,2713,23627,43476,272,535,970,0,2492,11410,65,56,84,3259,0,0,0,0,0,0,0,0,0
BG_SZR04,Братя Даскалови,6458,4104,284,0,10,6,4,27,5,89,5,19,478,1635,862,12,192,24,0,4,326,3,3,5,73,0,0,0,0,0,0,0,0,5
BG_PAZ06,Брацигово,8081,4690,444,0,5,8,5,35,7,165,12,25,146,1395,1739,7,6,21,0,21,477,3,3,2,88,0,0,0,0,0,0,0,0,0
BG_BLG44,Симитли,12879,8537,678,0,6,14,8,71,14,114,24,137,115,1188,5493,28,6,20,0,21,340,6,2,2,90,38,0,0,0,0,0,0,0,0
BG_PVN39,Кнежа,11712,6403,395,0,6,27,5,60,5,171,8,37,635,1944,2014,18,7,90,0,22,644,9,7,6,130,0,0,0,0,7,0,0,0,0
BG_PVN08,Гулянци,10960,5712,336,0,6,16,15,38,10,147,5,67,204,1902,1974,6,10,54,0,21,635,5,6,10,134,0,0,0,0,15,0,0,0,0
BG_PVN37,Червен бряг,25792,12876,747,0,17,20,31,312,32,370,24,100,1057,4585,3169,28,22,72,0,109,1461,8,8,14,365,0,0,0,0,9,0,0,0,0
BG_RAZ11,Завет,11284,5264,241,0,5,7,1,136,1,77,0,16,2817,353,661,3,691,15,0,13,122,3,6,1,17,0,0,0,0,0,0,0,0,0
BG_MON07,Брусарци,4221,2606,146,0,6,1,3,5,5,58,3,10,485,812,738,4,1,11,0,5,123,4,1,2,133,0,0,0,0,0,0,0,0,0
BG_PDV23,Първомай,24140,12230,751,0,25,31,19,169,28,489,18,80,805,4170,3278,17,273,130,0,126,1214,7,9,16,348,0,0,0,0,0,0,0,0,0
BG_SZR12,Казанлък,67771,37730,1886,0,44,83,52,441,48,1232,27,380,2904,10147,14003,81,565,291,0,470,3690,18,17,53,546,0,0,0,0,0,0,0,0,43
BG_VAR13,Долни чифлик,15947,8410,1005,0,5,2,14,72,17,495,14,36,1637,2012,2115,13,140,49,0,21,537,9,14,8,94,0,22,4,0,0,0,0,0,0
BG_PER51,Трън,3566,2344,167,0,8,9,1,9,18,60,0,26,39,843,894,13,3,6,0,11,153,0,0,1,46,0,0,0,0,0,0,0,0,0
BG_VRC20,Козлодуй,17348,9248,364,0,23,19,17,100,10,313,12,61,137,3721,3133,25,7,84,0,83,633,4,4,5,260,0,0,0,0,0,0,0,0,0
BG_HKV32,Тополовград,9486,5596,292,0,13,10,13,57,13,131,6,37,243,2012,1771,18,9,45,0,53,696,6,3,3,76,0,0,0,0,0,0,0,0,0
BG_LOV33,Тетевен,18268,11085,634,0,5,24,24,55,26,235,5,132,2306,2985,3287,21,54,49,0,88,780,10,0,5,128,0,0,0,7,0,0,0,0,0
BG_PVN11,Долни Дъбник,12021,5515,466,0,5,9,8,51,8,101,7,185,575,1711,1249,10,91,42,0,20,674,6,4,1,181,0,0,0,0,9,0,0,0,0
BG_VAR05,Бяла,2654,1521,114,0,3,2,0,18,1,104,3,23,192,395,407,1,2,14,0,9,158,2,3,2,34,0,0,1,0,0,0,0,0,0
BG_VTR32,Сухиндол,2183,1219,96,0,5,5,4,6,1,42,3,7,131,538,222,2,7,7,0,3,69,3,1,2,34,0,0,0,0,0,0,0,0,0
BG_SML18,Неделино,6019,3193,168,0,2,2,3,29,2,48,6,12,820,997,860,4,16,4,0,7,155,3,0,2,22,0,0,0,0,0,3,0,0,0
BG_DOB29,Шабла,4244,2385,101,0,2,7,7,23,8,153,0,73,17,873,633,8,6,20,0,17,346,3,0,3,29,0,0,0,0,0,0,0,0,0
BG_KNL31,Невестино,2023,1275,79,0,1,1,0,8,3,30,12,103,25,529,290,1,3,7,0,2,120,0,0,1,34,0,0,0,0,0,0,0,0,0
BG_VAR06,Варна,297271,158665,4978,0,73,409,281,4480,217,19462,75,2651,4271,36379,53404,484,336,3130,0,5221,14600,117,142,142,3375,0,248,257,0,0,0,0,0,0
BG_SHU21,Никола Козлево,6775,3815,444,0,3,2,20,2,1,19,4,6,781,360,1886,1,202,2,0,4,32,0,0,0,23,0,0,0,0,0,0,0,0,0
BG_KRZ08,Джебел,20517,6305,325,0,0,1,1,6,2,32,3,8,2591,191,965,0,2057,5,0,3,60,5,0,1,9,0,0,0,0,0,0,0,0,0
BG_LOV02,Априлци,2664,1733,50,0,0,1,4,23,2,80,0,27,57,527,579,6,0,11,0,29,255,0,0,2,27,0,0,0,2,0,0,0,0,0
BG_BGS27,Приморско,5444,3501,137,0,5,6,5,21,8,125,2,39,89,711,1795,10,1,27,0,40,363,0,4,1,44,0,0,0,0,0,0,0,0,0
BG_RAZ17,Лозница,10408,5185,260,0,2,7,4,131,1,96,3,73,2376,476,1075,5,360,4,0,7,152,2,9,0,52,0,0,0,0,0,0,0,0,0
BG_RSE05,Ветово,12735,5897,431,0,29,7,14,15,11,85,2,85,2081,912,568,11,1171,17,0,11,311,9,10,1,37,0,0,0,0,0,0,0,0,0
BG_MON14,Георги Дамяново,2171,1583,85,0,4,3,1,9,3,36,5,24,47,521,596,1,6,2,0,4,86,0,0,1,117,0,0,0,0,0,0,0,0,0
BG_SFO34,Правец,6287,3834,265,0,5,8,12,18,9,118,5,134,54,1624,995,11,11,29,0,77,299,4,4,3,51,0,0,0,0,0,0,0,0,0
BG_VID30,Ново село,2489,1524,90,0,0,4,4,41,1,30,0,10,36,653,462,1,10,5,0,3,71,0,1,2,55,0,0,0,0,0,0,0,0,0
BG_SZR36,Чирпан,18641,10332,645,0,12,17,9,91,18,409,6,77,1445,3329,2418,13,67,129,0,117,1056,7,9,14,291,0,0,0,0,0,0,0,0,5
BG_BGS08,Камено,9966,4699,363,0,5,12,9,34,9,147,8,31,374,1348,1566,8,46,19,0,20,464,4,12,4,135,0,0,0,0,0,0,0,0,0
BG_BLG40,Сандански,36831,20015,1082,0,33,35,18,376,51,308,13,217,630,4219,7774,33,21,161,0,200,3988,8,17,19,391,31,0,0,0,0,0,0,0,0
BG_SHU22,Нови пазар,17480,8409,483,0,3,24,9,94,17,404,10,90,1783,2345,1792,13,382,35,0,35,659,5,6,8,96,0,0,0,0,0,0,0,0,0
BG_VRC28,Мизия,6276,3454,161,0,10,9,7,28,3,101,3,18,106,1691,847,3,1,18,0,14,248,1,0,3,116,0,0,0,0,0,0,0,0,0
BG_SLS15,Кайнарджа,4233,2062,158,0,1,5,2,3,1,22,1,14,456,357,778,0,14,9,0,1,110,1,2,2,103,0,0,0,0,0,0,0,0,0
BG_VID25,Макреш,1233,814,26,0,1,4,4,15,3,9,0,8,40,386,203,0,0,4,0,3,60,1,1,2,21,0,0,0,0,0,0,0,0,0
BG_GAB12,Дряново,8304,4622,135,0,11,10,2,74,17,323,4,131,182,1611,1101,22,6,39,0,173,593,3,3,4,67,0,0,0,0,0,0,0,0,0
BG_VTR06,Горна Оряховица,42292,21684,788,0,10,54,37,458,24,1009,27,490,1054,7155,6251,63,51,286,0,267,2474,16,19,23,547,0,0,0,0,0,0,0,0,0
BG_VID37,Чупрене,1655,971,48,0,0,1,10,10,2,20,0,14,142,404,199,0,5,4,0,8,61,0,0,1,23,0,0,0,0,0,0,0,0,0
BG_SHU19,Каспичан,6981,3707,378,0,3,11,4,13,2,173,15,95,208,1336,884,5,64,15,0,26,297,1,3,5,110,0,0,0,0,0,0,0,0,0
BG_VTR26,Полски Тръмбеш,12335,6573,355,0,7,10,8,75,12,276,9,68,982,2276,1444,10,20,32,0,40,685,6,13,12,108,0,0,0,0,0,0,0,0,0
BG_MON12,Вършец,6791,4070,223,0,12,12,7,72,9,101,7,97,524,1265,1025,6,5,15,0,15,242,2,4,8,312,0,0,0,0,0,0,0,0,0
BG_BGS21,Созопол,11284,6917,362,0,24,16,11,118,8,297,6,44,106,1900,2828,19,68,53,0,88,685,6,5,6,124,0,0,0,0,0,0,0,0,0
BG_KNL50,Трекляно,516,402,10,0,0,1,1,2,0,9,0,13,9,226,70,0,1,2,0,2,32,0,0,0,15,0,0,0,0,0,0,0,0,0
BG_VRC31,Оряхово,9930,5421,305,0,14,7,5,70,11,134,5,45,412,2156,1625,10,2,38,0,46,280,3,3,6,122,0,0,0,0,0,0,0,0,0
BG_BLG28,Кресна,4742,2860,197,0,1,3,5,77,7,72,4,100,5,1112,865,4,1,7,0,17,255,1,4,1,74,5,0,0,0,0,0,0,0,0
BG_HKV28,Свиленград,19687,11226,579,0,30,33,13,154,61,270,22,105,389,5061,2648,31,25,115,0,136,1075,11,2,11,221,0,0,0,0,0,0,0,0,0
BG_VID22,Кула,3933,2082,75,0,0,6,14,60,5,48,0,12,38,721,785,5,1,8,0,9,143,1,0,0,69,0,0,0,0,0,0,0,0,0
BG_LOV36,Угърчин,5091,3162,195,0,1,1,2,22,4,58,4,11,372,863,1296,6,22,13,0,8,183,3,0,5,38,0,0,0,3,0,0,0,0,0
BG_TGV23,Опака,6059,3447,102,0,1,3,5,8,4,52,3,13,1962,409,354,1,350,7,0,4,103,0,6,3,7,0,0,0,0,0,0,0,0,0
BG_PDV33,Съединение,8571,4761,272,0,5,9,9,107,15,263,7,196,71,1384,1395,9,6,19,0,53,673,7,3,8,155,0,0,0,0,0,0,0,0,0
BG_BLG49,Струмяни,4615,2534,240,0,3,9,5,24,13,47,0,26,255,645,851,4,2,7,0,12,225,1,5,2,126,3,0,0,0,0,0,0,0,0
BG_VTR14,Златарица,3751,2112,142,0,2,13,2,18,4,60,4,9,442,508,360,1,12,4,0,8,465,0,1,3,31,0,0,0,0,0,0,0,0,0
BG_LOV17,Летница,4286,2085,143,0,2,2,3,13,5,59,1,11,553,680,378,1,21,17,0,6,140,0,0,1,21,0,0,0,4,0,0,0,0,0
BG_SZR37,Гурково,4235,2218,188,0,0,1,8,14,2,89,2,23,476,690,413,2,39,18,0,4,161,2,2,4,36,0,0,0,0,0,0,0,0,14
BG_PDV42,Куклен,6266,3299,231,0,2,2,5,45,4,115,1,37,434,637,782,12,544,27,0,36,256,2,4,3,70,0,0,0,0,0,0,0,0,0
BG_SFO25,Костенец,11083,6499,347,0,5,13,16,77,7,252,5,42,246,2086,2147,15,5,80,0,70,573,4,3,13,294,0,0,0,0,0,0,0,0,0
BG_VAR14,Девня,7849,3889,278,0,9,4,6,167,13,404,4,89,102,944,1360,3,19,27,0,8,314,3,3,1,38,0,11,2,0,0,0,0,0,0
BG_VTR20,Лясковец,11716,6347,232,0,4,13,12,92,11,326,9,61,125,2329,1973,15,9,85,0,64,703,10,8,7,120,0,0,0,0,0,0,0,0,0
BG_MON24,Лом,25822,12085,655,0,16,19,34,166,23,321,6,81,1557,3806,3515,36,11,94,0,80,789,8,5,10,536,0,0,0,0,0,0,0,0,0
BG_SFO59,Долна баня,3896,2862,168,0,0,3,5,23,1,40,3,11,127,594,1611,7,9,15,0,22,132,0,0,3,31,0,0,0,0,0,0,0,0,0
BG_VRC32,Роман,5361,3260,220,0,7,3,6,23,5,89,4,55,287,1096,934,11,5,7,0,14,230,2,4,3,193,0,0,0,0,0,0,0,0,0
BG_PVN23,Искър,6228,3211,282,0,3,7,6,23,6,95,5,48,410,1082,601,19,54,13,0,7,293,5,4,5,176,0,0,0,0,7,0,0,0,0
BG_MON38,Якимово,3535,2094,128,0,5,3,4,9,0,34,2,8,339,731,529,2,3,12,0,5,82,2,3,6,156,0,0,0,0,0,0,0,0,0
BG_PAZ24,Ракитово,12943,6543,638,0,49,15,20,45,5,102,3,28,1652,1909,1383,5,28,22,0,21,355,35,7,8,129,0,0,0,0,0,0,0,0,0
BG_SHU23,Велики Преслав,12792,6272,341,0,2,15,10,52,10,388,10,53,696,1615,1497,12,631,50,0,34,553,6,3,6,196,0,0,0,0,0,0,0,0,0
BG_HKV29,Симеоновград,7232,3957,242,0,34,3,3,115,2,87,3,40,208,1522,1133,8,7,8,0,23,288,1,5,1,130,0,0,0,0,0,0,0,0,0
BG_SFO55,Пирдоп,7081,4289,147,0,6,10,10,42,5,190,3,38,243,1221,1441,8,6,21,0,75,505,5,3,3,185,0,0,0,0,0,0,0,0,0
BG_PER22,Ковачевци,1412,1074,69,0,1,1,2,7,1,22,2,70,12,461,232,2,0,2,0,2,62,0,0,0,105,0,0,0,0,0,0,0,0,0
BG_SZR38,Николаево,3691,2224,220,0,0,4,15,47,4,73,1,8,652,498,401,2,60,7,0,8,163,2,8,12,18,0,0,0,0,0,0,0,0,3
BG_RAZ36,Цар Калоян,6400,2943,98,0,0,3,4,36,2,56,0,11,1268,280,440,3,490,3,0,7,169,0,3,1,8,0,0,0,0,0,0,0,0,0
BG_SFO47,Златица,4933,2869,133,0,1,8,4,18,5,257,5,20,20,907,946,4,1,14,0,33,300,1,3,6,95,0,0,0,0,0,0,0,0,0
BG_PDV41,Стамболийски,18276,9083,502,0,13,14,9,202,16,435,8,109,65,2571,3699,16,10,79,0,119,706,4,6,12,279,0,0,0,0,0,0,0,0,0
BG_PAZ21,Пещера,18843,9387,869,0,16,45,31,110,8,284,7,62,997,2525,2700,30,82,90,0,80,987,10,5,10,262,0,0,0,0,0,0,0,0,0
BG_SFO24,Копривщица,2017,1325,68,0,2,3,1,28,1,53,2,11,13,507,371,3,1,7,0,18,141,1,0,2,52,0,0,0,0,0,0,0,0,0
BG_PDV39,Кричим,7189,3690,287,0,4,2,6,42,6,164,0,13,588,1045,764,3,311,22,0,35,262,3,2,5,73,0,0,0,0,0,0,0,0,0
BG_PAZ39,Сърница,4221,2686,63,0,0,3,4,11,0,27,0,17,1705,246,433,2,71,2,0,5,5,0,3,0,72,0,0,0,0,0,0,0,0,0
BG_KNL41,Сапарева баня,6625,4032,174,0,1,7,12,30,8,77,6,46,14,1248,1773,9,5,76,0,31,311,4,4,1,101,0,0,0,0,0,0,0,0,0
BG_KNL38,Рила,2635,1366,80,0,1,4,4,20,5,44,2,26,7,513,432,2,0,12,0,7,136,0,0,0,40,0,0,0,0,0,0,0,0,0
BG_PDV40,Перущица,4233,2141,142,0,1,5,8,125,4,84,1,12,106,655,676,3,9,9,0,21,140,0,0,1,82,0,0,0,0,0,0,0,0,0
BG_PDV22,Пловдив,305177,164981,7498,0,58,277,238,6128,348,7131,84,1790,2917,40917,61074,477,2280,2043,0,6714,15747,101,68,150,4291,0,0,0,0,0,0,0,0,0
BG_DOB28,Добрич,87159,42805,1679,0,30,87,97,680,61,3619,0,776,1416,11693,12950,96,440,962,0,812,5059,22,0,49,1382,0,0,0,0,0,0,0,0,0
BG_SFO57,Чавдар,1060,637,31,0,1,0,2,10,3,26,1,6,21,254,151,0,0,3,0,0,81,0,0,2,22,0,0,0,0,0,0,0,0,0
BG_SFO58,Челопеч,1264,822,29,0,1,0,3,11,1,37,1,6,19,289,316,2,0,4,0,3,68,0,1,1,14,0,0,0,0,0,0,0,0,0
BG_JAM26,Ямбол,68613,34009,958,0,29,95,49,776,60,985,0,652,1083,11207,10791,84,253,343,0,435,4496,23,23,39,758,0,0,0,0,0,0,0,0,0
BG_BGZZAE,United Arab Emirates,36,312,7,0,0,2,0,20,0,6,0,6,2,56,107,3,1,1,0,60,22,0,0,0,13,0,0,0,0,0,0,0,0,0
BG_BGZZAL,Albania,24,176,46,0,0,0,2,2,0,1,1,2,0,34,44,1,0,0,0,2,38,0,0,0,1,0,0,0,0,0,0,0,0,0
BG_BGZZAM,Armenia,10,15,0,0,0,0,0,2,0,0,0,1,0,3,6,0,0,0,0,2,0,0,0,0,1,0,0,0,0,0,0,0,0,0
BG_BGZZAR,Argentina,21,37,1,0,0,0,0,2,0,1,1,1,0,15,8,0,0,1,0,5,1,0,0,0,1,0,0,0,0,0,0,0,0,0
BG_BGZZAT,Austria,970,3871,78,0,0,13,18,233,12,104,4,65,95,541,1121,33,202,66,0,768,274,9,2,4,108,0,0,0,0,0,0,0,0,0
BG_BGZZAU,Australia,291,405,3,0,1,7,1,36,0,14,1,2,0,57,97,5,0,23,0,88,34,1,0,6,24,0,0,0,0,0,0,0,0,0
BG_BGZZAZ,Azerbaijan,12,28,0,0,0,0,1,1,0,1,0,1,0,7,10,0,1,0,0,2,4,0,0,0,0,0,0,0,0,0,0,0,0,0
BG_BGZZBA,Bosnia and Herzegovina,3,35,0,0,0,0,0,3,0,1,0,3,0,14,8,0,0,0,0,4,1,0,0,0,0,0,0,0,0,0,0,0,0,0
BG_BGZZBE,Belgium,715,3728,155,0,17,8,9,223,4,83,1,43,307,466,857,23,507,57,0,536,221,4,3,4,127,0,0,0,0,0,0,0,0,0
BG_BGZZBR,Brazil,0,18,0,0,0,0,0,0,0,0,0,0,0,7,1,1,0,0,0,8,0,0,0,0,0,0,0,0,0,0,0,0,0,0
BG_BGZZBY,Belarus,2,31,2,0,0,1,2,1,0,0,0,1,0,11,4,0,0,0,0,2,5,0,0,0,0,0,0,0,0,0,0,0,0,0
BG_BGZZCA,Canada,512,1964,56,0,1,9,3,166,5,26,2,12,1,366,600,4,2,105,0,259,222,5,1,0,86,0,0,0,0,0,0,0,0,0
BG_BGZZCH,Switzerland,576,1604,26,0,0,5,5,152,3,32,6,15,5,234,451,8,10,49,0,389,104,0,0,4,68,0,0,0,0,0,0,0,0,0
BG_BGZZCN,China,41,105,1,0,0,1,1,4,0,0,0,0,0,28,25,0,1,2,0,23,10,0,0,0,6,0,0,0,0,0,0,0,0,0
BG_BGZZHR,Croatia,21,60,1,0,0,0,0,5,0,1,0,1,0,9,28,1,0,0,0,9,1,0,0,0,1,0,0,0,0,0,0,0,0,0
BG_BGZZCU,Cuba,10,22,0,0,0,1,0,1,0,0,0,1,1,5,5,0,1,0,0,4,0,1,1,0,0,0,0,0,0,0,0,0,0,0
BG_BGZZCY,Cyprus,439,2599,116,0,5,10,11,37,11,115,4,36,20,485,1200,10,12,45,0,57,288,4,1,11,68,0,0,0,0,0,0,0,0,0
BG_BGZZCZ,Czech Republic,186,993,29,0,1,5,4,59,3,20,2,13,74,167,260,10,3,28,0,146,101,1,0,2,36,0,0,0,0,0,0,0,0,0
BG_BGZZDE,Germany,1137,8369,217,0,16,25,15,521,8,244,6,97,201,1105,2247,72,470,220,0,1692,646,16,4,14,318,0,0,0,0,0,0,0,0,0
BG_BGZZDK,Denmark,735,1233,50,0,9,2,3,64,4,44,2,25,53,117,301,11,88,44,0,237,75,1,0,4,55,0,0,0,0,0,0,0,0,0
BG_BGZZDZ,Algeria,0,40,0,0,0,0,0,4,0,1,1,1,0,23,5,1,0,2,0,0,1,0,0,0,0,0,0,0,0,0,0,0,0,0
BG_BGZZEG,Egypt,0,27,1,0,0,1,0,1,0,2,0,1,0,7,5,0,0,0,0,3,5,0,0,0,0,0,0,0,0,0,0,0,0,0
BG_BGZZES,Spain,2808,11223,308,0,21,47,49,272,24,303,7,157,280,2159,4656,50,127,333,0,472,1333,12,4,19,271,0,0,0,0,0,0,0,0,0
BG_BGZZFI,Finland,119,296,6,0,0,0,1,11,0,4,0,2,35,51,90,2,5,6,0,32,22,0,0,0,14,0,0,0,0,0,0,0,0,0
BG_BGZZFR,France,1441,3726,141,0,10,16,18,231,4,81,1,68,155,538,1012,24,191,88,0,614,248,5,3,5,147,0,0,0,0,0,0,0,0,0
BG_BGZZGB,United Kingdom,4696,18100,429,0,27,57,81,778,30,727,21,242,195,2777,5986,148,220,529,0,2395,1826,41,18,44,775,0,0,0,0,0,0,0,0,0
BG_BGZZGE,Georgia,8,40,1,0,0,0,0,3,0,0,0,0,0,10,7,0,0,0,0,3,9,1,0,0,1,0,0,0,0,0,0,0,0,0
BG_BGZZGR,Greece,1356,4836,267,0,8,18,27,104,15,146,17,52,60,1345,1655,28,73,142,0,130,504,9,5,21,91,0,0,0,0,0,0,0,0,0
BG_BGZZHU,Hungary,46,250,3,0,0,3,1,18,1,9,0,5,0,28,66,2,1,2,0,67,37,0,0,0,2,0,0,0,0,0,0,0,0,0
BG_BGZZID,Indonesia,37,70,2,0,0,0,0,10,0,1,0,2,2,24,13,0,0,0,0,3,10,0,0,0,0,0,0,0,0,0,0,0,0,0
BG_BGZZIE,Ireland,227,534,12,0,0,2,2,34,0,10,0,8,3,57,189,7,1,16,0,103,44,1,0,1,21,0,0,0,0,0,0,0,0,0
BG_BGZZIL,Israel,23,251,5,0,2,4,0,8,0,3,0,6,0,38,129,3,1,4,0,25,17,0,0,0,3,0,0,0,0,0,0,0,0,0
BG_BGZZIN,India,17,19,0,0,0,0,1,0,0,0,0,1,0,5,3,0,0,0,0,4,1,0,0,0,1,0,0,0,0,0,0,0,0,0
BG_BGZZIR,Iran,22,21,1,0,0,0,0,0,0,1,0,1,0,4,4,0,0,0,0,3,3,0,0,0,3,0,0,0,0,0,0,0,0,0
BG_BGZZIT,Italy,835,2479,77,0,3,9,17,131,4,63,4,29,6,554,859,19,1,89,0,230,224,3,1,9,83,0,0,0,0,0,0,0,0,0
BG_BGZZJP,Japan,43,84,0,0,0,0,0,8,1,2,0,5,0,13,17,1,0,1,0,25,4,0,1,0,5,0,0,0,0,0,0,0,0,0
BG_BGZZKR,South Korea,22,32,0,0,0,0,0,5,0,1,0,0,0,4,8,0,0,1,0,8,0,0,0,0,1,0,0,0,0,0,0,0,0,0
BG_BGZZKW,Kuwait,68,161,2,0,0,0,1,23,0,3,0,1,3,35,52,0,0,2,0,15,12,0,0,0,9,0,0,0,0,0,0,0,0,0
BG_BGZZKZ,Kazakhstan,17,24,0,0,0,0,0,1,0,1,0,1,1,8,4,0,0,1,0,0,2,0,0,0,5,0,0,0,0,0,0,0,0,0
BG_BGZZLB,Lebanon,2,84,3,0,0,0,1,4,0,2,1,0,0,25,24,1,1,1,0,3,10,0,0,0,6,0,0,0,0,0,0,0,0,0
BG_BGZZLU,Luxembourg,175,693,7,0,0,5,5,61,0,9,2,11,1,100,172,12,2,10,0,204,29,1,0,0,41,0,0,0,0,0,0,0,0,0
BG_BGZZMA,Morocco,38,59,1,0,0,0,1,6,0,0,0,0,0,15,19,0,1,2,0,2,5,0,0,0,5,0,0,0,0,0,0,0,0,0
BG_BGZZMD,Moldova,137,450,46,0,2,3,8,0,14,1,7,2,3,224,56,2,1,6,0,9,41,0,3,6,8,0,0,0,0,0,0,0,0,0
BG_BGZZME,Montenegro,2,18,0,0,0,0,0,1,0,0,0,0,0,4,4,0,0,0,0,1,6,0,0,0,0,0,0,0,0,0,0,0,0,0
BG_BGZZMK,North Macedonia,18,400,33,0,1,1,0,12,3,4,0,5,1,29,69,4,1,5,0,16,197,0,1,1,5,0,0,0,0,0,0,0,0,0
BG_BGZZMT,Malta,175,634,18,0,1,0,1,33,3,20,0,12,5,82,247,3,7,14,0,68,72,0,0,0,19,0,0,0,0,0,0,0,0,0
BG_BGZZMX,Mexico,4,19,0,0,0,0,0,2,0,0,0,0,0,1,9,0,0,1,0,2,3,0,0,0,0,0,0,0,0,0,0,0,0,0
BG_BGZZNG,Nigeria,18,27,0,0,0,0,0,7,0,0,0,0,0,9,8,0,0,0,0,0,2,0,0,0,0,0,0,0,0,0,0,0,0,0
BG_BGZZNL,Netherlands,761,3038,79,0,13,8,10,213,9,70,3,47,110,311,738,36,188,56,0,699,186,5,1,4,145,0,0,0,0,0,0,0,0,0
BG_BGZZNO,Norway,391,759,13,0,2,1,3,53,2,37,2,8,10,104,246,6,9,36,0,90,82,2,1,1,23,0,0,0,0,0,0,0,0,0
BG_BGZZNZ,New Zealand,60,91,1,0,0,2,1,6,0,0,0,0,0,18,27,0,0,5,0,18,9,0,0,0,2,0,0,0,0,0,0,0,0,0
BG_BGZZPL,Poland,74,224,4,0,0,0,0,24,0,5,0,1,2,47,49,0,2,1,0,51,15,0,0,0,19,0,0,0,0,0,0,0,0,0
BG_BGZZPS,Palestine,2,34,0,0,0,0,0,0,0,0,0,0,0,30,0,1,0,0,0,0,2,0,0,0,1,0,0,0,0,0,0,0,0,0
BG_BGZZPT,Portugal,29,207,6,0,0,0,1,8,0,0,0,5,0,45,67,0,0,7,0,27,26,0,0,0,7,0,0,0,0,0,0,0,0,0
BG_BGZZQA,Qatar,6,96,2,0,0,0,0,3,0,1,1,0,6,15,31,0,1,1,0,19,6,0,0,0,3,0,0,0,0,0,0,0,0,0
BG_BGZZRO,Romania,31,166,0,0,0,1,1,10,0,4,0,4,1,34,46,2,2,2,0,29,17,1,0,2,4,0,0,0,0,0,0,0,0,0
BG_BGZZRS,Serbia,217,1009,66,0,4,3,4,36,11,31,5,8,8,124,298,5,9,6,0,133,131,6,0,4,90,0,0,0,0,0,0,0,0,0
BG_BGZZRU,Russia,175,571,11,0,0,6,2,15,2,25,1,19,5,241,75,6,6,20,0,28,60,1,1,5,25,0,0,0,0,0,0,0,0,0
BG_BGZZSE,Sweden,297,859,24,0,0,6,6,43,2,16,0,5,34,89,180,3,201,18,0,139,49,1,2,4,25,0,0,0,0,0,0,0,0,0
BG_BGZZSG,Singapore,77,82,1,0,0,0,1,12,0,1,0,0,0,9,13,0,0,0,0,35,5,0,0,0,4,0,0,0,0,0,0,0,0,0
BG_BGZZSI,Slovenia,27,139,0,0,0,0,0,12,0,8,0,4,1,13,70,0,0,0,0,13,9,0,0,0,8,0,0,0,0,0,0,0,0,0
BG_BGZZSK,Slovakia,49,225,7,0,0,0,0,15,6,7,0,8,0,28,59,1,0,8,0,42,25,1,0,0,12,0,0,0,0,0,0,0,0,0
BG_BGZZTN,Tunisia,9,32,0,0,0,0,0,0,0,0,0,2,0,7,11,1,0,0,0,8,1,0,0,0,2,0,0,0,0,0,0,0,0,0
BG_BGZZTR,Turkey,17030,33047,2973,0,11,20,27,86,8,41,22,33,11692,267,445,49,17067,26,0,56,84,14,24,7,18,0,0,0,0,0,0,0,0,0
BG_BGZZUA,Ukraine,52,119,2,0,0,2,0,4,1,2,0,2,0,40,26,1,1,5,0,13,5,0,0,1,8,0,0,0,0,0,0,0,0,0
BG_BGZZUS,United States,3287,6693,163,0,1,10,18,466,6,141,5,63,12,939,2347,25,11,164,0,1251,595,11,1,12,356,0,0,0,0,0,0,0,0,0
BG_BGZZUZ,Uzbekistan,5,10,0,0,0,0,0,0,0,0,0,1,0,3,4,1,0,1,0,0,0,0,0,0,0,0,0,0,0,0,0,0,0,0
BG_BGZZVN,Vietnam,10,18,0,0,0,0,0,1,0,1,0,0,0,3,6,0,0,0,0,6,1,0,0,0,0,0,0,0,0,0,0,0,0,0
BG_BGZZXK,Kosovo,18,41,0,0,0,0,0,0,0,3,0,0,0,13,10,2,0,3,0,1,8,0,0,0,1,0,0,0,0,0,0,0,0,0
BG_BGZZZA,South Africa,152,337,10,0,0,1,1,5,1,6,0,6,0,59,118,1,2,36,0,25,47,4,1,0,7,0,0,0,0,0,0,0,0,0
