gisco_id,name,registered,turnout,invalid,blank,VB (1979),N-VA,Vooruit,CD&V,Open VLD,PTB/PVDA,Groen,Voor U,BLANCO,GV,B.U.B.,L’Unie,DierAnimal,Volt,PS,MR,LE,Ecolo,Chez Nous,DéFI,CC,LO,RMC,Agora,TFA
BE_41002,Aalst (Aalst) / Alost (Alost),0,58802,2405,0,15352,14067,6905,5199,5107,4839,3874,439,340,155,120,0,0,0,0,0,0,0,0,0,0,0,0,0,0
BE_44084,Aalter,0,21538,879,0,4178,5173,2497,3726,1926,765,2023,162,127,49,33,0,0,0,0,0,0,0,0,0,0,0,0,0,0
BE_24001,Aarschot,0,22469,1045,0,4880,5168,3315,2903,1782,1237,1535,299,241,0,39,25,0,0,0,0,0,0,0,0,0,0,0,0,0
BE_11001,Aartselaar,0,10342,272,0,1895,4141,860,947,772,694,503,77,59,0,16,0,80,26,0,0,0,0,0,0,0,0,0,0,0
BE_23105,Affligem,0,9449,329,0,2072,2491,859,1550,937,591,414,104,52,0,29,21,0,0,0,0,0,0,0,0,0,0,0,0,0
BE_52074,Aiseau-Presles,0,7317,752,0,0,127,0,0,0,956,0,0,97,0,16,0,0,0,2377,1356,1006,197,193,131,76,33,0,0,0
BE_73001,Alken,0,8823,384,0,1684,2738,883,1130,773,526,549,50,94,0,12,0,0,0,0,0,0,0,0,0,0,0,0,0,0
BE_38002,Alveringem,0,3565,163,0,995,730,371,742,229,159,105,52,19,0,0,0,0,0,0,0,0,0,0,0,0,0,0,0,0
BE_61003,Amay,0,9468,818,0,0,137,0,0,0,1423,0,0,165,0,27,0,0,0,2399,1670,1207,976,323,174,108,0,41,0,0
BE_63001,Amel / Amblève,0,3765,719,0,0,118,0,0,0,114,0,0,48,0,16,0,0,0,508,695,883,481,96,26,32,0,29,0,0
BE_92003,Andenne,0,18241,1744,0,0,298,0,0,0,2332,0,0,316,0,52,0,0,0,3660,3385,4065,1066,594,386,273,0,0,70,0
BE_21001,Anderlecht,0,48659,3523,0,1529,1300,0,0,0,10835,0,210,286,0,132,135,0,150,10378,7556,3168,3047,0,1769,457,178,0,118,3888
BE_56001,Anderlues,0,7530,766,0,0,152,0,0,0,1052,0,0,133,0,17,0,0,0,2165,1724,850,189,194,168,69,51,0,0,0
BE_91005,Anhée,0,4861,424,0,0,72,0,0,0,436,0,0,77,0,10,0,0,0,576,937,1816,217,144,86,57,0,0,9,0
BE_62003,Ans,0,17143,1302,0,0,272,0,0,0,2833,0,0,245,0,36,0,0,0,5213,3140,2036,880,568,394,171,0,53,0,0
BE_61079,Anthisnes,0,3003,187,0,0,42,0,0,0,309,0,0,46,0,6,0,0,0,512,856,489,276,82,86,100,0,12,0,0
BE_57003,Antoing,0,4981,545,0,0,71,0,0,0,551,0,0,78,0,9,0,0,0,1606,987,633,242,141,68,25,25,0,0,0
BE_11002,Antwerpen / Anvers,0,287127,11823,0,39720,76828,29820,14900,14572,61491,30890,1546,1455,0,412,0,2337,1333,0,0,0,0,0,0,0,0,0,0,0
BE_KAE001,Foreign Voters - Anvers,32800,15126,542,0,2157,3835,1311,1011,1626,958,2568,122,122,0,71,0,430,373,0,0,0,0,0,0,0,0,0,0,0
BE_34002,Anzegem,0,11181,444,0,2817,2787,1568,1500,923,336,589,113,104,0,0,0,0,0,0,0,0,0,0,0,0,0,0,0,0
BE_37020,Ardooie,0,6754,310,0,1723,1151,786,1004,1178,241,199,86,76,0,0,0,0,0,0,0,0,0,0,0,0,0,0,0,0
BE_13001,Arendonk,0,8549,323,0,2244,2260,977,1392,368,340,442,83,54,0,11,0,32,23,0,0,0,0,0,0,0,0,0,0,0
BE_81001,Arlon / Aarlen,0,17319,1609,0,0,422,0,0,0,0,0,0,324,0,0,0,0,0,2475,4546,4746,1830,490,476,401,0,0,0,0
BE_KAE010,Foreign Voters - Luxembourg,8743,5303,418,0,0,161,0,0,0,0,0,0,81,0,0,0,0,0,709,1449,1175,768,226,159,157,0,0,0,0
BE_71002,As,0,5791,303,0,1458,1657,555,743,260,440,249,49,65,0,12,0,0,0,0,0,0,0,0,0,0,0,0,0,0
BE_23002,Asse,0,20922,1155,0,3306,5195,2055,2418,2443,2486,1157,277,164,0,152,114,0,0,0,0,0,0,0,0,0,0,0,0,0
BE_43002,Assenede,0,10678,479,0,2793,1914,1413,1630,1039,548,658,108,74,16,6,0,0,0,0,0,0,0,0,0,0,0,0,0,0
BE_92006,Assesse,0,5065,218,0,0,71,0,0,0,335,0,0,88,0,12,0,0,0,460,1353,1829,409,90,125,61,0,0,14,0
BE_51004,Ath / Aat,0,20940,1604,0,0,294,0,0,0,2030,0,0,443,0,59,0,0,0,5244,5310,3547,1206,461,488,171,83,0,0,0
BE_81003,Attert,0,3752,281,0,0,80,0,0,0,0,0,0,54,0,0,0,0,0,338,1136,1205,364,85,122,87,0,0,0,0
BE_81004,Aubange,0,8241,1115,0,0,216,0,0,0,0,0,0,121,0,0,0,0,0,1832,1412,2546,455,241,146,157,0,0,0,0
BE_63003,Aubel,0,3689,196,0,0,47,0,0,0,236,0,0,44,0,6,0,0,0,405,1562,846,199,64,52,22,0,10,0,0
BE_21002,Auderghem / Oudergem,0,16954,761,0,292,314,0,0,0,1462,0,21,145,0,34,59,0,115,1876,4605,2020,2191,0,2566,245,50,0,67,131
BE_34003,Avelgem,0,7371,377,0,1808,1283,1526,977,589,354,317,67,73,0,0,0,0,0,0,0,0,0,0,0,0,0,0,0,0
BE_62006,Awans,0,6069,304,0,0,119,0,0,0,671,0,0,78,0,12,0,0,0,1263,1931,1061,283,165,85,74,0,23,0,0
BE_62009,Aywaille,0,8709,559,0,0,121,0,0,0,899,0,0,158,0,16,0,0,0,1038,2766,1882,575,308,202,136,0,49,0,0
BE_63012,Büllingen / Bullange,0,3658,649,0,0,117,0,0,0,109,0,0,47,0,13,0,0,0,402,747,993,316,211,9,31,0,14,0,0
BE_63013,Bütgenbach / Butgenbach,0,3657,662,0,0,134,0,0,0,135,0,0,52,0,17,0,0,0,463,777,805,373,162,21,30,0,26,0,0
BE_13002,Baarle-Hertog / Baerle-Duc,0,1034,36,0,269,211,98,183,81,57,66,14,4,0,0,0,10,5,0,0,0,0,0,0,0,0,0,0,0
BE_63004,Baelen,0,2961,215,0,0,56,0,0,0,276,0,0,54,0,6,0,0,0,430,1006,543,178,108,42,39,0,8,0,0
BE_13003,Balen,0,16399,751,0,5053,4280,1842,1755,653,1016,620,143,111,0,28,0,128,19,0,0,0,0,0,0,0,0,0,0,0
BE_62011,Bassenge / Bitsingen,0,5807,448,0,0,129,0,0,0,679,0,0,124,0,19,0,0,0,935,1851,871,309,273,98,43,0,28,0,0
BE_82003,Bastogne / Bastenaken,0,10760,1076,0,0,269,0,0,0,0,0,0,155,0,0,0,0,0,978,2647,4430,481,313,159,252,0,0,0,0
BE_56005,Beaumont,0,4866,415,0,0,79,0,0,0,441,0,0,71,0,8,0,0,0,831,1319,1250,144,154,63,66,25,0,0,0
BE_91013,Beauraing,0,6539,509,0,0,89,0,0,0,520,0,0,71,0,17,0,0,0,815,1579,2398,247,143,65,74,0,0,12,0
BE_25005,Beauvechain / Bevekom,0,4923,216,0,0,161,0,0,0,266,0,0,85,0,15,19,0,0,440,1758,1157,534,87,88,82,0,5,10,0
BE_31003,Beernem,0,11734,477,0,2328,2782,2198,1896,718,426,708,100,101,0,0,0,0,0,0,0,0,0,0,0,0,0,0,0,0
BE_13004,Beerse,0,12871,410,0,3671,4043,1213,1647,534,563,489,99,79,0,15,0,79,29,0,0,0,0,0,0,0,0,0,0,0
BE_23003,Beersel,0,16283,853,0,1944,3534,1587,1958,2616,1272,1538,197,278,0,272,234,0,0,0,0,0,0,0,0,0,0,0,0,0
BE_24007,Begijnendijk,0,8071,360,0,1945,2066,1074,1105,485,376,437,131,77,0,13,2,0,0,0,0,0,0,0,0,0,0,0,0,0
BE_24008,Bekkevoort,0,4785,201,0,1161,1220,609,727,343,228,196,63,30,0,7,0,0,0,0,0,0,0,0,0,0,0,0,0,0
BE_51008,Beloeil,0,9279,917,0,0,158,0,0,0,1130,0,0,148,0,39,0,0,0,2155,2570,1254,369,247,166,63,63,0,0,0
BE_21003,Berchem-Sainte-Agathe / Sint-Agatha-Berchem,0,12709,814,0,455,496,0,0,0,2181,0,37,82,0,36,21,0,44,2160,2671,1313,808,0,575,122,49,0,14,831
BE_71004,Beringen,0,32577,1638,0,7564,7046,4525,4475,1181,4206,1301,377,209,0,55,0,0,0,0,0,0,0,0,0,0,0,0,0,0
BE_12002,Berlaar,0,8677,333,0,2053,2702,954,1074,431,468,440,61,70,0,14,0,70,7,0,0,0,0,0,0,0,0,0,0,0
BE_42003,Berlare,0,11316,444,0,3138,2441,1242,1202,1782,456,450,75,47,30,9,0,0,0,0,0,0,0,0,0,0,0,0,0,0
BE_64008,Berloz,0,2275,167,0,0,55,0,0,0,257,0,0,34,0,3,0,0,0,524,591,365,121,73,45,33,0,7,0,0
BE_51009,Bernissart,0,7422,703,0,0,138,0,0,0,964,0,0,137,0,15,0,0,0,2019,1821,875,318,221,113,48,50,0,0,0
BE_24009,Bertem,0,6899,223,0,988,1794,968,856,1053,310,551,89,41,0,15,11,0,0,0,0,0,0,0,0,0,0,0,0,0
BE_82005,Bertogne,0,2511,242,0,0,86,0,0,0,0,0,0,43,0,0,0,0,0,174,768,897,116,88,50,47,0,0,0,0
BE_84009,Bertrix,0,5995,569,0,0,105,0,0,0,0,0,0,97,0,0,0,0,0,720,2628,1201,308,153,88,126,0,0,0,0
BE_46003,Beveren (Sint-Niklaas) / Beveren (Saint-Nicolas),0,34955,1260,0,9404,9896,3594,4086,2044,1668,2397,204,304,67,31,0,0,0,0,0,0,0,0,0,0,0,0,0,0
BE_62015,Beyne-Heusay,0,7317,547,0,0,120,0,0,0,1239,0,0,102,0,17,0,0,0,1943,1526,924,357,292,122,113,0,15,0,0
BE_91015,Bièvre,0,2447,202,0,0,35,0,0,0,183,0,0,35,0,6,0,0,0,228,1234,361,64,43,27,28,0,0,1,0
BE_23009,Bever / Biévène,0,1643,73,0,276,256,153,297,189,67,114,159,31,0,18,10,0,0,0,0,0,0,0,0,0,0,0,0,0
BE_24011,Bierbeek,0,7356,189,0,798,1966,1158,1173,703,342,844,95,62,0,20,6,0,0,0,0,0,0,0,0,0,0,0,0,0
BE_73006,Bilzen,0,23227,1077,0,6008,5731,2197,3359,2049,1490,918,142,221,0,35,0,0,0,0,0,0,0,0,0,0,0,0,0,0
BE_58002,Binche,0,21143,1923,0,0,343,0,0,0,2718,0,0,276,0,51,0,0,0,6434,4943,2734,573,528,344,156,120,0,0,0
BE_31004,Blankenberge,0,14598,840,0,3551,3091,2652,1102,1695,734,507,134,292,0,0,0,0,0,0,0,0,0,0,0,0,0,0,0,0
BE_62119,Blégny,0,9183,468,0,0,129,0,0,0,914,0,0,125,0,14,0,0,0,1806,2800,1848,456,274,188,109,0,52,0,0
BE_72003,Bocholt,0,8817,430,0,2493,2100,707,1892,378,411,296,46,46,0,18,0,0,0,0,0,0,0,0,0,0,0,0,0,0
BE_11004,Boechout,0,9732,237,0,1478,3746,927,945,649,525,1015,57,48,0,7,0,63,35,0,0,0,0,0,0,0,0,0,0,0
BE_12005,Bonheiden,0,11076,274,0,1795,3780,1061,1427,1042,533,863,80,65,0,11,0,119,26,0,0,0,0,0,0,0,0,0,0,0
BE_11005,Boom,0,11584,566,0,2484,2730,1538,914,465,1898,682,69,72,0,19,0,108,39,0,0,0,0,0,0,0,0,0,0,0
BE_24014,Boortmeerbeek,0,9301,298,0,1572,2762,1318,1061,911,477,635,158,74,0,19,16,0,0,0,0,0,0,0,0,0,0,0,0,0
BE_73009,Borgloon / Looz,0,8392,482,0,2073,1592,1214,938,1139,496,289,75,74,0,20,0,0,0,0,0,0,0,0,0,0,0,0,0,0
BE_12007,Bornem,0,16402,506,0,3660,4636,2118,2371,799,992,945,117,97,0,15,0,109,37,0,0,0,0,0,0,0,0,0,0,0
BE_11007,Borsbeek,0,6831,295,0,1542,2107,607,431,237,938,504,38,33,0,8,0,66,25,0,0,0,0,0,0,0,0,0,0,0
BE_84010,Bouillon,0,3429,404,0,0,85,0,0,0,0,0,0,79,0,0,0,0,0,645,1181,636,167,92,70,70,0,0,0,0
BE_53014,Boussu,0,11518,1423,0,0,180,0,0,0,1840,0,0,175,0,28,0,0,0,3717,2218,921,415,318,140,82,61,0,0,0
BE_24016,Boutersem,0,6160,207,0,898,1621,1012,952,438,331,575,73,35,0,10,8,0,0,0,0,0,0,0,0,0,0,0,0,0
BE_31005,Brugge / Bruges,0,82738,3030,0,15239,16846,15679,11322,6445,4799,8000,795,583,0,0,0,0,0,0,0,0,0,0,0,0,0,0,0,0
BE_21004,Bruxelles / Brussel,0,72949,4915,0,1757,2395,0,0,0,14386,0,277,364,0,216,153,0,437,15362,11527,5018,6824,0,2889,761,210,0,182,5276
BE_25014,Braine-l'Alleud / Eigenbrakel,0,25385,1279,0,0,427,0,0,0,1703,0,0,412,0,74,82,0,0,2679,10153,4778,1936,418,963,364,0,47,70,0
BE_25015,Braine-le-Château / Kasteelbrakel,0,6873,400,0,0,196,0,0,0,520,0,0,128,0,43,28,0,0,920,2376,1294,441,119,249,117,0,24,18,0
BE_55004,'s Gravenbrakel / Braine-le-Comte,0,14690,992,0,0,278,0,0,0,1726,0,0,337,0,42,0,0,0,2669,4522,2249,979,350,331,145,70,0,0,0
BE_64015,Braives,0,4822,326,0,0,70,0,0,0,441,0,0,83,0,6,0,0,0,725,1657,821,336,136,99,82,0,40,0,0
BE_45059,Brakel,0,11109,497,0,2857,1645,1118,1117,2494,425,763,62,104,18,9,0,0,0,0,0,0,0,0,0,0,0,0,0,0
BE_11008,Brasschaat,0,25777,663,0,5166,10411,2165,2303,1489,1473,1478,144,128,0,31,0,247,79,0,0,0,0,0,0,0,0,0,0,0
BE_11009,Brecht,0,20864,676,0,5971,7249,1494,2284,1022,828,786,202,96,0,19,0,189,48,0,0,0,0,0,0,0,0,0,0,0
BE_35002,Bredene,0,13063,597,0,3733,2662,2902,902,558,791,606,153,159,0,0,0,0,0,0,0,0,0,0,0,0,0,0,0,0
BE_72004,Bree,0,11576,535,0,2979,2820,898,2213,958,598,390,78,82,0,25,0,0,0,0,0,0,0,0,0,0,0,0,0,0
BE_51012,Brugelette,0,2517,228,0,0,51,0,0,0,285,0,0,46,0,9,0,0,0,529,703,380,129,58,54,28,17,0,0,0
BE_KAE004,Foreign Voters - Flandre occidentale,14839,8023,324,0,1312,1372,883,750,1155,435,1538,141,113,0,0,0,0,0,0,0,0,0,0,0,0,0,0,0,0
BE_57093,Brunehaut,0,5306,516,0,0,90,0,0,0,611,0,0,80,0,14,0,0,0,1274,1199,972,251,139,90,38,32,0,0,0
BE_KAE003,Foreign Voters - Bruxelles-Hal-Vilvorde,47158,23287,1375,0,1010,935,0,0,0,1372,0,96,115,0,214,139,0,538,3005,6469,1601,4568,0,1103,257,208,0,87,195
BE_42004,Buggenhout,0,10801,414,0,2974,2889,1076,1429,726,488,642,66,68,20,9,0,0,0,0,0,0,0,0,0,0,0,0,0,0
BE_61010,Burdinne,0,2330,127,0,0,25,0,0,0,240,0,0,44,0,5,0,0,0,294,735,472,226,65,55,37,0,5,0,0
BE_63087,Burg-Reuland,0,2403,558,0,0,75,0,0,0,73,0,0,27,0,12,0,0,0,261,301,810,197,44,12,23,0,10,0,0
BE_57018,Celles (Doornik) / Celles (Tournai),0,3969,346,0,0,108,0,0,0,263,0,0,44,0,11,0,0,0,732,1097,1044,179,59,64,12,10,0,0,0
BE_93010,Cerfontaine,0,3548,269,0,0,60,0,0,0,317,0,0,38,0,12,0,0,0,366,1661,526,109,113,45,18,0,0,14,0
BE_52012,Châtelet,0,20211,2071,0,0,329,0,0,0,2927,0,0,343,0,50,0,0,0,6388,3783,2547,531,584,363,172,123,0,0,0
BE_52010,Chapelle-lez-Herlaimont,0,8802,952,0,0,120,0,0,0,1203,0,0,155,0,28,0,0,0,2946,1743,863,232,248,146,92,74,0,0,0
BE_52011,Charleroi,0,107119,12432,0,0,1844,0,0,0,17781,0,0,1800,0,394,0,0,0,34895,18573,9205,3040,3498,1950,1029,678,0,0,0
BE_25117,Chastre,0,5328,224,0,0,70,0,0,0,315,0,0,83,0,18,12,0,0,573,1495,1357,757,75,192,112,0,9,36,0
BE_62022,Chaudfontaine,0,14015,471,0,0,187,0,0,0,1085,0,0,198,0,25,0,0,0,1636,6011,2518,916,371,364,174,0,59,0,0
BE_25018,Chaumont-Gistoux,0,8135,281,0,0,151,0,0,0,365,0,0,136,0,33,31,0,0,573,3002,2200,745,117,257,188,0,33,23,0
BE_51014,Chièvres,0,4836,467,0,0,74,0,0,0,475,0,0,71,0,13,0,0,0,1145,1524,658,188,104,69,27,21,0,0,0
BE_56016,Chimay,0,6528,680,0,0,81,0,0,0,576,0,0,66,0,11,0,0,0,1047,2276,1178,272,167,85,56,33,0,0,0
BE_85007,Chiny,0,3612,348,0,0,60,0,0,0,0,0,0,56,0,0,0,0,0,506,1119,1010,234,115,65,99,0,0,0,0
BE_91030,Ciney,0,11482,962,0,0,158,0,0,0,923,0,0,128,0,22,0,0,0,1572,2815,3515,730,265,250,110,0,0,32,0
BE_61012,Clavier,0,3354,186,0,0,60,0,0,0,411,0,0,42,0,10,0,0,0,371,1146,637,248,99,71,61,0,12,0,0
BE_53082,Colfontaine,0,12107,1854,0,0,176,0,0,0,2039,0,0,146,0,38,0,0,0,3516,2293,989,293,333,242,103,85,0,0,0
BE_62026,Comblain-au-Pont,0,3327,233,0,0,28,0,0,0,446,0,0,51,0,4,0,0,0,659,776,586,253,109,120,53,0,9,0,0
BE_57097,Comines-Warneton / Komen-Waasten,0,8770,1347,0,0,205,0,0,0,781,0,0,108,0,37,0,0,0,1529,2067,1531,649,281,104,59,72,0,0,0
BE_52015,Courcelles,0,19033,1939,0,0,313,0,0,0,2529,0,0,339,0,53,0,0,0,4833,5380,1794,596,536,407,181,133,0,0,0
BE_25023,Court-Saint-Étienne,0,7056,346,0,0,121,0,0,0,568,0,0,153,0,26,12,0,0,860,1847,1693,913,94,205,149,0,45,24,0
BE_93014,Couvin,0,9905,1078,0,0,192,0,0,0,1143,0,0,133,0,16,0,0,0,2584,1972,1545,431,481,202,103,0,0,25,0
BE_64021,Crisnée,0,2472,137,0,0,32,0,0,0,199,0,0,26,0,2,0,0,0,332,1226,287,103,68,35,17,0,8,0,0
BE_62027,Dalhem,0,5197,254,0,0,81,0,0,0,369,0,0,77,0,11,0,0,0,595,2339,876,274,124,107,54,0,36,0,0
BE_31006,Damme,0,8197,401,0,1867,1958,959,1536,677,262,389,67,81,0,0,0,0,0,0,0,0,0,0,0,0,0,0,0,0
BE_84016,Daverdisse,0,979,145,0,0,18,0,0,0,0,0,0,13,0,0,0,0,0,130,250,294,51,29,21,28,0,0,0,0
BE_35029,De Haan,0,9534,413,0,1959,2700,1319,743,1283,417,470,119,111,0,0,0,0,0,0,0,0,0,0,0,0,0,0,0,0
BE_38008,De Panne / La Panne,0,7522,462,0,1620,1686,1109,726,951,468,333,88,79,0,0,0,0,0,0,0,0,0,0,0,0,0,0,0,0
BE_44012,De Pinte,0,8102,162,0,666,1824,740,2490,919,218,953,62,49,14,5,0,0,0,0,0,0,0,0,0,0,0,0,0,0
BE_34009,Deerlijk,0,9275,412,0,2224,2186,1499,1412,599,374,354,121,94,0,0,0,0,0,0,0,0,0,0,0,0,0,0,0,0
BE_44083,Deinze,0,32102,1169,0,5770,7799,4095,4850,3742,1396,2786,248,138,61,48,0,0,0,0,0,0,0,0,0,0,0,0,0,0
BE_41011,Denderleeuw,0,13791,742,0,4029,2370,2177,1424,981,956,847,133,95,13,24,0,0,0,0,0,0,0,0,0,0,0,0,0,0
BE_42006,Dendermonde / Termonde,0,33228,1259,0,9096,7493,4360,3868,2460,2179,2035,175,195,57,51,0,0,0,0,0,0,0,0,0,0,0,0,0,0
BE_37002,Dentergem,0,6323,253,0,1694,1668,790,923,415,224,237,76,43,0,0,0,0,0,0,0,0,0,0,0,0,0,0,0,0
BE_13006,Dessel,0,6721,274,0,1730,2244,655,884,246,337,189,50,50,0,7,0,43,12,0,0,0,0,0,0,0,0,0,0,0
BE_44013,Destelbergen,0,13714,388,0,1904,3342,1428,1693,2149,749,1801,108,94,27,31,0,0,0,0,0,0,0,0,0,0,0,0,0,0
BE_71011,Diepenbeek,0,14117,574,0,3674,3649,1730,1725,778,937,807,96,109,0,38,0,0,0,0,0,0,0,0,0,0,0,0,0,0
BE_24020,Diest,0,17601,817,0,3230,4144,2788,2201,1476,1226,1238,273,171,0,24,13,0,0,0,0,0,0,0,0,0,0,0,0,0
BE_23016,Dilbeek,0,27614,1372,0,3452,6706,2719,2892,4556,3034,1760,319,291,0,296,217,0,0,0,0,0,0,0,0,0,0,0,0,0
BE_72041,Dilsen-Stokkem,0,13925,692,0,3746,2522,1771,1704,1541,1253,474,95,105,0,22,0,0,0,0,0,0,0,0,0,0,0,0,0,0
BE_91034,Dinant,0,8693,857,0,0,161,0,0,0,904,0,0,126,0,19,0,0,0,1183,2602,1890,449,224,143,104,0,0,31,0
BE_63020,Dison,0,8000,900,0,0,128,0,0,0,1384,0,0,109,0,11,0,0,0,2281,1574,694,409,278,127,66,0,39,0,0
BE_32003,Diksmuide / Dixmude,0,12333,585,0,3169,2578,1771,2101,916,507,417,170,119,0,0,0,0,0,0,0,0,0,0,0,0,0,0,0,0
BE_93018,Doische,0,2044,194,0,0,37,0,0,0,263,0,0,21,0,5,0,0,0,358,600,358,64,73,31,36,0,0,4,0
BE_64023,Donceel,0,2273,122,0,0,35,0,0,0,178,0,0,30,0,4,0,0,0,360,839,418,109,60,50,37,0,31,0,0
BE_53020,Dour,0,10350,1246,0,0,155,0,0,0,1241,0,0,147,0,20,0,0,0,2914,2104,1751,296,234,132,56,54,0,0,0
BE_23098,Drogenbos,0,1921,0,0,61,36,72,73,82,327,106,19,29,0,4,11,0,14,286,522,219,134,0,246,33,7,0,3,47
BE_12009,Duffel,0,12494,436,0,2511,3998,1047,1529,685,788,1136,123,76,0,17,0,100,48,0,0,0,0,0,0,0,0,0,0,0
BE_83012,Durbuy,0,7728,513,0,0,185,0,0,0,0,0,0,154,0,0,0,0,0,1276,2126,2362,488,292,136,196,0,0,0,0
BE_55050,Écaussinnes,0,7596,596,0,0,115,0,0,0,859,0,0,132,0,17,0,0,0,1617,1899,1328,576,195,152,71,39,0,0,0
BE_11013,Edegem,0,15427,356,0,1801,6290,1424,1541,1120,1126,1401,109,85,0,11,0,116,47,0,0,0,0,0,0,0,0,0,0,0
BE_43005,Eeklo,0,14978,861,0,3810,2762,1938,1766,1352,1075,1099,134,139,26,16,0,0,0,0,0,0,0,0,0,0,0,0,0,0
BE_92035,Éghezée,0,11585,759,0,0,159,0,0,0,796,0,0,191,0,30,0,0,0,1442,3367,3440,640,273,302,170,0,0,16,0
BE_51017,Ellezelles / Elzele,0,4179,320,0,0,183,0,0,0,315,0,0,83,0,13,0,0,0,616,954,1255,241,90,70,20,19,0,0,0
BE_51067,Enghien / Edingen,0,9363,664,0,0,308,0,0,0,912,0,0,221,0,40,0,0,0,1427,2466,1865,707,187,459,74,33,0,0,0
BE_61080,Engis,0,3968,382,0,0,68,0,0,0,702,0,0,75,0,9,0,0,0,966,760,494,196,164,78,57,0,17,0,0
BE_83013,Érezée,0,2447,190,0,0,64,0,0,0,0,0,0,42,0,0,0,0,0,472,685,618,177,97,51,51,0,0,0,0
BE_41082,Erpe-Mere,0,14849,578,0,4251,3480,1453,1774,1547,636,837,108,129,35,21,0,0,0,0,0,0,0,0,0,0,0,0,0,0
BE_56022,Erquelinnes,0,6265,681,0,0,119,0,0,0,792,0,0,103,0,12,0,0,0,1181,1289,1537,151,193,91,66,50,0,0,0
BE_62032,Esneux,0,8873,413,0,0,107,0,0,0,784,0,0,162,0,14,0,0,0,1356,2724,1557,1069,223,258,132,0,74,0,0
BE_34043,Spiere-Helkijn / Espierres-Helchin,0,1390,165,0,177,263,192,159,201,131,54,20,28,0,0,0,0,0,0,0,0,0,0,0,0,0,0,0,0
BE_11016,Essen,0,11303,371,0,2764,3360,1255,1583,401,613,675,48,67,0,16,0,118,32,0,0,0,0,0,0,0,0,0,0,0
BE_57027,Estaimpuis,0,5276,507,0,0,115,0,0,0,452,0,0,77,0,15,0,0,0,1345,1283,904,300,146,56,43,33,0,0,0
BE_58003,Estinnes,0,5401,445,0,0,67,0,0,0,526,0,0,69,0,10,0,0,0,1112,1403,1378,128,117,88,36,22,0,0,0
BE_85009,Étalle,0,3668,372,0,0,63,0,0,0,0,0,0,54,0,0,0,0,0,502,1219,942,281,77,78,80,0,0,0,0
BE_21005,Etterbeek,0,17562,952,0,317,429,0,0,0,2285,0,29,120,0,41,46,0,132,2428,4598,1948,2549,0,1063,233,62,0,72,258
BE_63023,Eupen,0,11735,1454,0,0,358,0,0,0,564,0,0,127,0,48,0,0,0,1976,2322,2509,1777,389,88,98,0,25,0,0
BE_21006,Evere,0,19327,1400,0,640,577,0,0,0,2831,0,44,140,0,48,47,0,70,4899,3837,1583,1143,0,1109,215,64,0,37,643
BE_44019,Evergem,0,25898,916,0,6208,6318,3231,3471,1718,1904,1694,188,152,67,31,0,0,0,0,0,0,0,0,0,0,0,0,0,0
BE_64076,Faimes,0,2926,155,0,0,26,0,0,0,232,0,0,55,0,3,0,0,0,577,1032,509,160,66,72,28,0,11,0,0
BE_52018,Farciennes,0,5081,451,0,0,92,0,0,0,675,0,0,68,0,9,0,0,0,1421,1099,800,162,111,100,55,38,0,0,0
BE_82009,Fauvillers,0,1628,102,0,0,38,0,0,0,0,0,0,31,0,0,0,0,0,158,460,595,109,68,27,40,0,0,0,0
BE_92138,Fernelmont,0,5740,310,0,0,77,0,0,0,407,0,0,105,0,12,0,0,0,613,1478,1974,352,184,128,87,0,0,13,0
BE_61019,Ferrières,0,3605,199,0,0,51,0,0,0,330,0,0,65,0,4,0,0,0,454,1132,782,309,114,84,59,0,22,0,0
BE_64025,Fexhe-le-Haut-Clocher,0,2272,140,0,0,45,0,0,0,221,0,0,45,0,7,0,0,0,414,743,356,106,77,77,28,0,13,0,0
BE_62120,Flémalle,0,16396,1205,0,0,293,0,0,0,2852,0,0,310,0,38,0,0,0,5024,2863,1782,706,706,342,224,0,51,0,0
BE_62038,Fléron,0,10421,713,0,0,136,0,0,0,1543,0,0,158,0,30,0,0,0,2177,2500,1956,493,369,195,112,0,39,0,0
BE_52021,Fleurus,0,14232,1286,0,0,223,0,0,0,1753,0,0,188,0,29,0,0,0,4520,2928,1774,455,492,323,187,74,0,0,0
BE_51019,Flobecq / Vloesberg,0,2345,170,0,0,105,0,0,0,204,0,0,43,0,12,0,0,0,470,724,362,140,54,32,18,11,0,0,0
BE_92045,Floreffe,0,5528,337,0,0,62,0,0,0,489,0,0,84,0,19,0,0,0,754,1118,1713,525,145,167,105,0,0,10,0
BE_93022,Florennes,0,7722,775,0,0,135,0,0,0,711,0,0,106,0,23,0,0,0,1018,1866,2247,271,277,178,96,0,0,19,0
BE_85011,Florenville,0,3926,495,0,0,64,0,0,0,0,0,0,76,0,0,0,0,0,711,1098,938,268,114,77,85,0,0,0,0
BE_52022,Fontaine-lÉvêque,0,10445,1132,0,0,175,0,0,0,1543,0,0,158,0,32,0,0,0,3104,2260,1076,336,274,205,98,52,0,0,0
BE_21007,Vorst (Brussel-Hoofdstad) / Forest (Bruxelles-Capitale),0,23960,1281,0,365,407,0,0,0,4460,0,36,145,0,48,50,0,100,4536,4217,1753,3586,0,1509,303,98,0,105,961
BE_92048,Fosses-la-Ville,0,6928,579,0,0,122,0,0,0,639,0,0,99,0,16,0,0,0,1082,1970,1678,249,223,126,133,0,0,12,0
BE_73109,Voeren / Fourons,0,1511,96,0,305,419,96,243,161,65,91,15,7,0,13,0,0,0,0,0,0,0,0,0,0,0,0,0,0
BE_53028,Frameries,0,12198,1285,0,0,170,0,0,0,1882,0,0,239,0,35,0,0,0,3434,2682,1361,434,324,196,82,74,0,0,0
BE_51065,Frasnes-lez-Anvaing,0,8235,604,0,0,215,0,0,0,644,0,0,131,0,54,0,0,0,1325,1944,2391,495,169,151,80,32,0,0,0
BE_56029,Froidchapelle,0,2833,255,0,0,46,0,0,0,268,0,0,40,0,5,0,0,0,481,923,489,95,116,71,27,17,0,0,0
BE_23023,Galmaarden / Gammerages,0,6558,299,0,1591,1622,651,1203,413,256,336,90,58,0,19,20,0,0,0,0,0,0,0,0,0,0,0,0,0
BE_KAE005,Foreign Voters - Flandre Orientale,18711,10092,748,0,1524,1434,982,673,1690,585,2110,113,127,57,49,0,0,0,0,0,0,0,0,0,0,0,0,0,0
BE_21008,Ganshoren,0,12206,819,0,454,507,0,0,0,1903,0,50,96,0,31,24,0,49,2059,2651,1409,783,0,603,110,47,0,18,593
BE_44020,Gavere,0,9864,422,0,1871,2287,1159,1097,1608,353,904,89,56,12,6,0,0,0,0,0,0,0,0,0,0,0,0,0,0
BE_91054,Gedinne,0,3218,250,0,0,51,0,0,0,233,0,0,61,0,8,0,0,0,407,1194,739,101,84,40,37,0,0,13,0
BE_13008,Geel,0,28854,1140,0,7128,8280,2993,3923,1254,2012,1376,242,168,0,39,0,215,84,0,0,0,0,0,0,0,0,0,0,0
BE_64029,Geer,0,2519,179,0,0,34,0,0,0,232,0,0,37,0,5,0,0,0,414,780,527,136,80,61,20,0,14,0,0
BE_24028,Geetbets,0,4510,193,0,1255,949,632,686,414,203,112,35,22,0,6,3,0,0,0,0,0,0,0,0,0,0,0,0,0
BE_92142,Gembloux,0,17746,901,0,0,212,0,0,0,1286,0,0,289,0,51,0,0,0,2245,4185,5293,1929,411,594,273,0,0,77,0
BE_25031,Genappe / Genepiën,0,10695,536,0,0,213,0,0,0,822,0,0,198,0,38,44,0,0,1280,3560,2346,901,190,344,183,0,18,22,0
BE_71016,Genk,0,43584,2306,0,8132,9134,5257,7059,1371,7945,1659,347,295,0,79,0,0,0,0,0,0,0,0,0,0,0,0,0,0
BE_44021,Gent / Gand,0,166547,6393,0,18533,26823,22916,13961,19434,20161,35228,1203,1480,250,165,0,0,0,0,0,0,0,0,0,0,0,0,0,0
BE_41018,Geraardsbergen / Grammont,0,24253,1203,0,7232,4213,2714,2774,2677,1467,1413,211,246,63,40,0,0,0,0,0,0,0,0,0,0,0,0,0,0
BE_52025,Gerpinnes,0,8111,775,0,0,150,0,0,0,1233,0,0,127,0,19,0,0,0,2486,1635,931,247,242,160,74,32,0,0,0
BE_92054,Gesves,0,5174,278,0,0,88,0,0,0,374,0,0,78,0,7,0,0,0,549,1364,1606,484,100,136,91,0,0,19,0
BE_71017,Gingelom,0,6272,303,0,1327,1191,1589,609,477,365,248,51,81,0,31,0,0,0,0,0,0,0,0,0,0,0,0,0,0
BE_35005,Gistel,0,8963,445,0,2319,1943,1365,1197,709,417,390,104,74,0,0,0,0,0,0,0,0,0,0,0,0,0,0,0,0
BE_24137,Glabbeek,0,4004,138,0,898,955,534,625,301,175,250,99,19,0,9,1,0,0,0,0,0,0,0,0,0,0,0,0,0
BE_23024,Gooik,0,6836,274,0,1503,1892,518,1367,619,234,261,79,61,0,15,13,0,0,0,0,0,0,0,0,0,0,0,0,0
BE_82037,Gouvy,0,3471,336,0,0,99,0,0,0,0,0,0,69,0,0,0,0,0,366,702,1350,232,147,78,92,0,0,0,0
BE_62118,Grâce-Hollogne,0,12643,1280,0,0,203,0,0,0,2539,0,0,240,0,21,0,0,0,3236,2182,1451,512,516,276,131,0,56,0,0
BE_25037,Grez-Doiceau / Graven,0,9171,390,0,0,242,0,0,0,549,0,0,168,0,27,16,0,0,805,3240,2343,729,152,254,205,0,36,15,0
BE_23025,Grimbergen,0,23848,1226,0,3049,5357,2600,2485,3395,3160,1535,389,261,0,227,164,0,0,0,0,0,0,0,0,0,0,0,0,0
BE_13010,Grobbendonk,0,8498,300,0,2073,2599,856,745,901,405,366,60,61,0,21,0,94,17,0,0,0,0,0,0,0,0,0,0,0
BE_25118,Hélécine,0,2563,196,0,0,60,0,0,0,270,0,0,48,0,12,9,0,0,453,716,500,101,82,54,49,0,3,10,0
BE_61028,Héron,0,3754,247,0,0,61,0,0,0,375,0,0,62,0,8,0,0,0,638,1038,789,296,69,105,53,0,13,0,0
BE_24033,Haacht,0,11072,418,0,1850,2960,1656,1330,1028,527,975,186,109,0,20,13,0,0,0,0,0,0,0,0,0,0,0,0,0
BE_41024,Haaltert,0,13847,541,0,4160,3011,1407,1750,1447,555,741,93,95,35,12,0,0,0,0,0,0,0,0,0,0,0,0,0,0
BE_85046,Habay,0,5562,488,0,0,113,0,0,0,0,0,0,85,0,0,0,0,0,676,2002,1367,453,129,132,117,0,0,0,0
BE_71020,Halen,0,6886,333,0,1530,1537,796,1438,388,363,332,63,91,0,15,0,0,0,0,0,0,0,0,0,0,0,0,0,0
BE_23027,Halle (Halle-Vilvoorde) / Hal (Hal-Vilvorde),0,26926,1381,0,4821,6590,3789,2784,2145,2770,1792,315,237,0,189,113,0,0,0,0,0,0,0,0,0,0,0,0,0
BE_71069,Ham,0,8067,377,0,2293,1821,891,953,504,706,339,100,68,0,15,0,0,0,0,0,0,0,0,0,0,0,0,0,0
BE_56086,Ham-sur-Heure-Nalinnes,0,9720,498,0,0,128,0,0,0,650,0,0,164,0,20,0,0,0,1623,3975,1698,448,201,188,96,31,0,0,0
BE_42008,Hamme (Dendermonde) / Hamme (Termonde),0,17852,632,0,4801,4254,2108,2327,1446,985,1013,100,136,37,13,0,0,0,0,0,0,0,0,0,0,0,0,0,0
BE_61024,Hamoir,0,2600,200,0,0,49,0,0,0,288,0,0,53,0,5,0,0,0,403,718,512,159,94,61,45,0,13,0,0
BE_91059,Hamois,0,5070,320,0,0,79,0,0,0,345,0,0,85,0,11,0,0,0,578,1431,1536,395,126,102,52,0,0,10,0
BE_72037,Hamont-Achel,0,7009,338,0,1759,1679,579,1578,338,391,253,45,40,0,9,0,0,0,0,0,0,0,0,0,0,0,0,0,0
BE_64034,Hannut / Hannuit,0,10501,780,0,0,227,0,0,0,869,0,0,151,0,21,0,0,0,1406,3812,1934,634,265,181,154,0,67,0,0
BE_34013,Harelbeke,0,20985,1080,0,5112,3993,4695,2429,1303,1137,816,195,225,0,0,0,0,0,0,0,0,0,0,0,0,0,0,0,0
BE_71022,Hasselt,0,56419,2239,0,9315,14609,8064,6696,4638,5113,4655,459,522,0,109,0,0,0,0,0,0,0,0,0,0,0,0,0,0
BE_KAE008,Foreign Voters - Limbourg,30942,4709,352,0,800,744,508,448,594,318,792,56,70,0,27,0,0,0,0,0,0,0,0,0,0,0,0,0,0
BE_91142,Hastière,0,4075,455,0,0,113,0,0,0,495,0,0,83,0,15,0,0,0,1103,740,665,155,131,65,51,0,0,4,0
BE_91064,Havelange,0,3609,228,0,0,55,0,0,0,313,0,0,61,0,9,0,0,0,412,1098,873,332,86,68,67,0,0,7,0
BE_72038,Hechtel-Eksel,0,8653,385,0,2291,2017,865,1378,528,561,487,75,58,0,8,0,0,0,0,0,0,0,0,0,0,0,0,0,0
BE_73022,Heers,0,5603,294,0,1408,993,712,641,967,281,197,46,44,0,20,0,0,0,0,0,0,0,0,0,0,0,0,0,0
BE_12014,Heist-op-den-Berg,0,32344,1337,0,8171,8995,3564,4102,1701,2003,1500,280,266,0,53,0,287,85,0,0,0,0,0,0,0,0,0,0,0
BE_11018,Hemiksem,0,7918,267,0,1925,2154,1154,576,316,884,450,40,48,0,5,0,80,19,0,0,0,0,0,0,0,0,0,0,0
BE_53039,Hensies,0,4461,398,0,0,61,0,0,0,515,0,0,52,0,3,0,0,0,1856,905,423,103,73,41,17,14,0,0,0
BE_84029,Herbeumont,0,1170,117,0,0,42,0,0,0,0,0,0,25,0,0,0,0,0,162,336,293,92,48,15,40,0,0,0,0
BE_24038,Herent,0,15861,455,0,1764,4106,2876,1991,1436,866,2041,168,126,0,15,17,0,0,0,0,0,0,0,0,0,0,0,0,0
BE_13011,Herentals,0,20488,826,0,4561,5670,3231,2140,984,1296,1221,144,128,0,31,0,202,54,0,0,0,0,0,0,0,0,0,0,0
BE_13012,Herenthout,0,6899,291,0,1645,1985,811,967,388,323,315,53,44,0,11,0,48,18,0,0,0,0,0,0,0,0,0,0,0
BE_71024,Herk-de-Stad / Herck-la-Ville,0,9450,488,0,1820,2384,1574,1279,749,444,526,64,104,0,18,0,0,0,0,0,0,0,0,0,0,0,0,0,0
BE_23032,Herne,0,4921,246,0,890,1033,444,1234,466,184,265,76,44,0,20,19,0,0,0,0,0,0,0,0,0,0,0,0,0
BE_13013,Herselt,0,10925,460,0,3274,2975,968,1400,467,552,462,117,65,0,28,0,130,27,0,0,0,0,0,0,0,0,0,0,0
BE_62051,Herstal,0,21258,1863,0,0,277,0,0,0,4814,0,0,303,0,40,0,0,0,6352,3395,1973,782,830,334,219,0,76,0,0
BE_73028,Herstappe,0,55,2,0,9,5,6,11,14,3,1,0,4,0,0,0,0,0,0,0,0,0,0,0,0,0,0,0,0
BE_63035,Herve,0,12125,699,0,0,125,0,0,0,865,0,0,172,0,12,0,0,0,1369,5320,2235,630,326,178,110,0,84,0,0
BE_41027,Herzele,0,13670,616,0,3524,2660,1451,1332,2500,539,844,81,101,15,7,0,0,0,0,0,0,0,0,0,0,0,0,0,0
BE_71070,Heusden-Zolder,0,23281,1018,0,4629,5350,3677,2682,1060,2862,987,833,162,0,21,0,0,0,0,0,0,0,0,0,0,0,0,0,0
BE_33039,Heuvelland,0,5653,369,0,1442,884,754,1048,450,265,294,67,80,0,0,0,0,0,0,0,0,0,0,0,0,0,0,0,0
BE_24041,Hoegaarden,0,4953,204,0,682,1249,739,819,434,286,419,57,40,0,17,7,0,0,0,0,0,0,0,0,0,0,0,0,0
BE_23033,Hoeilaart,0,6866,255,0,592,1386,699,662,1931,348,699,102,68,0,59,65,0,0,0,0,0,0,0,0,0,0,0,0,0
BE_73032,Hoeselt,0,7349,334,0,1957,1933,653,958,646,434,307,38,80,0,9,0,0,0,0,0,0,0,0,0,0,0,0,0,0
BE_24043,Holsbeek,0,7383,215,0,992,2017,1126,1072,638,349,784,121,53,0,11,5,0,0,0,0,0,0,0,0,0,0,0,0,0
BE_53083,Honnelles,0,3561,317,0,0,56,0,0,0,333,0,0,57,0,3,0,0,0,830,1042,545,173,81,88,23,13,0,0,0
BE_36006,Hooglede,0,7372,345,0,1645,1774,1090,1337,484,246,296,84,71,0,0,0,0,0,0,0,0,0,0,0,0,0,0,0,0
BE_13014,Hoogstraten,0,11595,439,0,2284,3415,898,2057,1046,395,709,193,56,0,17,0,64,22,0,0,0,0,0,0,0,0,0,0,0
BE_45062,Horebeke,0,1505,51,0,260,314,105,164,337,46,195,18,10,3,2,0,0,0,0,0,0,0,0,0,0,0,0,0,0
BE_83028,Hotton,0,3868,435,0,0,85,0,0,0,0,0,0,54,0,0,0,0,0,1378,840,725,133,111,49,58,0,0,0,0
BE_82014,Houffalize,0,3540,338,0,0,99,0,0,0,0,0,0,58,0,0,0,0,0,439,974,1182,187,125,61,77,0,0,0,0
BE_72039,Houthalen-Helchteren,0,20664,1187,0,4674,3894,3590,2341,601,3137,895,209,102,0,34,0,0,0,0,0,0,0,0,0,0,0,0,0,0
BE_32006,Houthulst,0,7256,435,0,2438,1162,795,1489,387,266,155,74,55,0,0,0,0,0,0,0,0,0,0,0,0,0,0,0,0
BE_91072,Houyet,0,3488,246,0,0,68,0,0,0,325,0,0,61,0,9,0,0,0,409,1108,871,187,92,60,41,0,0,11,0
BE_11021,Hove (Antwerpen) / Hove (Anvers),0,5997,80,0,578,2489,625,699,532,258,601,27,40,0,5,0,45,18,0,0,0,0,0,0,0,0,0,0,0
BE_24045,Huldenberg,0,6753,262,0,931,1721,731,877,1143,309,561,110,54,0,30,24,0,0,0,0,0,0,0,0,0,0,0,0,0
BE_13016,Hulshout,0,7825,376,0,2415,2055,806,902,336,435,294,55,47,0,11,0,77,16,0,0,0,0,0,0,0,0,0,0,0
BE_61031,Huy / Hoei,0,13360,1138,0,0,215,0,0,0,1664,0,0,197,0,27,0,0,0,3097,2817,1997,1244,386,350,174,0,54,0,0
BE_35006,Ichtegem,0,10554,582,0,3076,1775,1705,1451,930,420,322,186,107,0,0,0,0,0,0,0,0,0,0,0,0,0,0,0,0
BE_33011,Ieper / Ypres,0,24900,1308,0,5594,4617,4457,4246,1800,1121,1200,262,295,0,0,0,0,0,0,0,0,0,0,0,0,0,0,0,0
BE_25043,Incourt,0,3768,196,0,0,96,0,0,0,236,0,0,79,0,19,14,0,0,490,1248,879,251,51,97,90,0,11,11,0
BE_36007,Ingelmunster,0,8252,399,0,2452,1804,1223,1143,412,379,295,74,71,0,0,0,0,0,0,0,0,0,0,0,0,0,0,0,0
BE_25044,Ittre / Itter,0,4352,255,0,0,88,0,0,0,312,0,0,90,0,11,12,0,0,713,1400,868,300,86,132,72,0,6,7,0
BE_21009,Ixelles / Elsene,0,30726,1333,0,436,880,0,0,0,4290,0,61,174,0,75,104,0,181,5014,7256,2821,4987,0,1981,411,123,0,142,457
BE_36008,Izegem,0,20224,940,0,5594,4668,3299,2462,1009,981,918,156,197,0,0,0,0,0,0,0,0,0,0,0,0,0,0,0,0
BE_31012,Jabbeke,0,11092,340,0,2276,2947,1701,1969,774,293,537,133,122,0,0,0,0,0,0,0,0,0,0,0,0,0,0,0,0
BE_63038,Jalhay,0,6129,347,0,0,100,0,0,0,346,0,0,122,0,5,0,0,0,511,3016,928,409,152,102,53,0,38,0,0
BE_92140,Jemeppe-sur-Sambre,0,12931,1137,0,0,196,0,0,0,1495,0,0,186,0,42,0,0,0,2843,2935,2648,596,380,299,139,0,0,35,0
BE_21010,Jette,0,25435,1791,0,897,861,0,0,0,4253,0,81,219,0,86,73,0,103,4222,4636,2423,2290,0,1508,256,76,0,66,1594
BE_25048,Jodoigne / Geldenaken,0,9744,636,0,0,304,0,0,0,844,0,0,228,0,47,31,0,0,1063,3281,2061,607,237,208,155,0,17,25,0
BE_62060,Juprelle,0,6497,330,0,0,129,0,0,0,718,0,0,93,0,8,0,0,0,1097,2035,1350,263,246,147,57,0,24,0,0
BE_53044,Jurbise / Jurbeke,0,7008,333,0,0,89,0,0,0,465,0,0,129,0,23,0,0,0,1252,3051,1013,334,117,145,44,13,0,0,0
BE_11022,Kalmthout,0,12955,343,0,2307,4357,1380,1889,739,592,1043,84,79,0,8,0,97,37,0,0,0,0,0,0,0,0,0,0,0
BE_23038,Kampenhout,0,8745,335,0,1648,2652,854,1094,887,490,534,111,87,0,34,19,0,0,0,0,0,0,0,0,0,0,0,0,0
BE_23039,Kapelle-op-den-Bos,0,7217,575,0,1395,2134,953,935,425,293,365,75,40,0,18,9,0,0,0,0,0,0,0,0,0,0,0,0,0
BE_11023,Kapellen (Antwerpen) / Kapellen (Anvers),0,18713,533,0,3866,6932,1721,1325,1724,959,1187,128,97,0,13,0,184,44,0,0,0,0,0,0,0,0,0,0,0
BE_43007,Kaprijke,0,4890,234,0,1087,1146,539,847,441,224,283,40,33,10,6,0,0,0,0,0,0,0,0,0,0,0,0,0,0
BE_13017,Kasterlee,0,14286,466,0,3227,4610,1293,2373,728,542,707,117,75,0,19,0,87,42,0,0,0,0,0,0,0,0,0,0,0
BE_24048,Keerbergen,0,9500,254,0,1645,3287,1026,924,1280,352,475,161,68,0,21,7,0,0,0,0,0,0,0,0,0,0,0,0,0
BE_63040,Kelmis / La Calamine,0,4719,598,0,0,142,0,0,0,336,0,0,62,0,32,0,0,0,910,811,1107,397,245,46,25,0,8,0,0
BE_72018,Kinrooi,0,7492,387,0,1844,1309,478,2579,244,308,233,46,49,0,15,0,0,0,0,0,0,0,0,0,0,0,0,0,0
BE_45060,Kluisbergen,0,4921,262,0,1140,944,462,683,680,258,378,44,53,9,8,0,0,0,0,0,0,0,0,0,0,0,0,0,0
BE_31043,Knokke-Heist,0,22603,728,0,4375,8583,1854,1938,3336,675,750,258,106,0,0,0,0,0,0,0,0,0,0,0,0,0,0,0,0
BE_32010,Koekelare,0,6454,388,0,1800,953,1340,860,543,203,146,175,46,0,0,0,0,0,0,0,0,0,0,0,0,0,0,0,0
BE_21011,Koekelberg,0,9026,571,0,233,268,0,0,0,1609,0,34,55,0,21,13,0,41,2394,1376,593,788,0,297,93,22,0,18,600
BE_38014,Koksijde,0,16273,587,0,2415,5774,1867,1651,2461,487,706,200,125,0,0,0,0,0,0,0,0,0,0,0,0,0,0,0,0
BE_11024,Kontich,0,15170,336,0,2364,5899,1406,1525,1215,915,1131,129,85,0,19,0,106,40,0,0,0,0,0,0,0,0,0,0,0
BE_32011,Kortemark,0,9261,531,0,2585,1696,1396,1518,731,291,300,133,80,0,0,0,0,0,0,0,0,0,0,0,0,0,0,0,0
BE_24054,Kortenaken,0,6005,287,0,1518,1471,729,819,529,254,199,105,68,0,19,7,0,0,0,0,0,0,0,0,0,0,0,0,0
BE_24055,Kortenberg,0,13415,498,0,2145,3682,1593,1761,1612,767,925,170,110,0,90,62,0,0,0,0,0,0,0,0,0,0,0,0,0
BE_73040,Kortessem,0,6478,320,0,1494,1408,646,1074,671,412,314,48,78,0,13,0,0,0,0,0,0,0,0,0,0,0,0,0,0
BE_34022,Kortrijk / Courtrai,0,52695,1997,0,9869,12379,8232,6336,4584,4205,4015,671,407,0,0,0,0,0,0,0,0,0,0,0,0,0,0,0,0
BE_23099,Kraainem,0,4562,0,0,43,63,180,179,455,309,254,29,42,0,34,26,0,21,298,2108,771,324,0,531,62,4,0,7,29
BE_46013,Kruibeke,0,11887,396,0,3008,3240,1590,1275,607,803,786,54,75,43,10,0,0,0,0,0,0,0,0,0,0,0,0,0,0
BE_45068,Kruisem,0,11893,480,0,2378,2556,904,2480,1654,340,891,99,89,15,7,0,0,0,0,0,0,0,0,0,0,0,0,0,0
BE_34023,Kuurne,0,9903,429,0,2451,2303,1505,1308,558,572,565,75,137,0,0,0,0,0,0,0,0,0,0,0,0,0,0,0,0
BE_84033,LÉglise,0,3727,310,0,0,92,0,0,0,0,0,0,64,0,0,0,0,0,320,1253,1173,222,113,69,111,0,0,0,0
BE_24062,Leuven / Louvain,0,61194,1562,0,4937,12614,13121,7434,4898,5130,10220,658,432,0,120,68,0,0,0,0,0,0,0,0,0,0,0,0,0
BE_62063,Liège / Luik,0,103843,8117,0,0,1258,0,0,0,19498,0,0,1681,0,233,0,0,0,23037,19732,12149,11153,2760,2385,1362,0,478,0,0
BE_92141,La Bruyère,0,6583,304,0,0,84,0,0,0,328,0,0,99,0,12,0,0,0,898,1910,2092,474,140,140,75,0,0,27,0
BE_25050,La Hulpe / Terhulpen,0,4517,164,0,0,88,0,0,0,216,0,0,86,0,22,12,0,0,400,1769,1038,376,40,170,117,0,8,11,0
BE_58001,La Louvière,0,44873,4963,0,0,793,0,0,0,8256,0,0,587,0,151,0,0,0,12340,8572,5056,1453,1197,824,354,327,0,0,0
BE_83031,La Roche-en-Ardenne,0,2924,206,0,0,74,0,0,0,0,0,0,55,0,0,0,0,0,475,959,786,169,79,64,57,0,0,0,0
BE_13053,Laakdal,0,12145,532,0,3527,2892,1290,2079,408,651,452,106,60,0,10,0,116,22,0,0,0,0,0,0,0,0,0,0,0
BE_42010,Laarne,0,9399,350,0,2058,2335,919,1117,1362,356,717,84,65,23,13,0,0,0,0,0,0,0,0,0,0,0,0,0,0
BE_73042,Lanaken,0,13486,625,0,3891,2772,1196,1527,2048,742,520,73,68,0,24,0,0,0,0,0,0,0,0,0,0,0,0,0,0
BE_24059,Landen,0,11407,688,0,2201,2351,1779,1748,923,762,616,169,102,0,41,27,0,0,0,0,0,0,0,0,0,0,0,0,0
BE_33040,Langemark-Poelkapelle,0,5808,269,0,1790,1061,698,1140,400,186,160,56,48,0,0,0,0,0,0,0,0,0,0,0,0,0,0,0,0
BE_25119,Lasne,0,9347,223,0,0,244,0,0,0,226,0,0,103,0,25,41,0,0,372,5373,1656,473,97,303,178,0,19,14,0
BE_55035,Le Roeulx,0,5792,464,0,0,88,0,0,0,586,0,0,77,0,12,0,0,0,1083,1877,1030,241,131,124,49,30,0,0,0
BE_42011,Lebbeke,0,14173,570,0,3763,3210,1491,1855,1413,869,766,84,96,31,25,0,0,0,0,0,0,0,0,0,0,0,0,0,0
BE_41034,Lede,0,14061,570,0,3797,3172,1431,1791,1487,569,986,101,92,42,23,0,0,0,0,0,0,0,0,0,0,0,0,0,0
BE_36010,Ledegem,0,7086,345,0,1818,1429,973,1439,446,265,221,54,96,0,0,0,0,0,0,0,0,0,0,0,0,0,0,0,0
BE_34025,Lendelede,0,4316,161,0,1230,985,595,736,215,149,169,41,35,0,0,0,0,0,0,0,0,0,0,0,0,0,0,0,0
BE_23104,Lennik,0,6575,231,0,1151,1965,503,751,1152,338,340,60,45,0,20,19,0,0,0,0,0,0,0,0,0,0,0,0,0
BE_53046,Lens,0,3032,148,0,0,48,0,0,0,229,0,0,52,0,9,0,0,0,528,1256,435,178,56,59,25,9,0,0,0
BE_71034,Leopoldsburg / Bourg-Léopold,0,11003,533,0,3223,2125,1451,1550,345,1164,404,114,72,0,22,0,0,0,0,0,0,0,0,0,0,0,0,0,0
BE_52075,Les Bons Villers,0,6519,399,0,0,87,0,0,0,502,0,0,88,0,12,0,0,0,1044,2037,1621,324,131,140,103,31,0,0,0
BE_51069,Lessines / Lessen,0,12136,1223,0,0,432,0,0,0,1612,0,0,262,0,66,0,0,0,2582,2752,1801,516,383,325,120,62,0,0,0
BE_57094,Leuze-en-Hainaut,0,9488,846,0,0,141,0,0,0,867,0,0,151,0,23,0,0,0,1850,2662,2043,459,238,115,58,35,0,0,0
BE_KAE007,Foreign Voters - Liège,20601,10539,699,0,0,279,0,0,0,766,0,0,98,0,53,0,0,0,1640,2807,1121,2304,256,208,231,0,77,0,0
BE_84035,Libin,0,3604,298,0,0,101,0,0,0,0,0,0,77,0,0,0,0,0,435,1295,902,221,95,88,92,0,0,0,0
BE_84077,Libramont-Chevigny,0,7845,641,0,0,136,0,0,0,0,0,0,152,0,0,0,0,0,909,3324,1772,407,216,126,162,0,0,0,0
BE_36011,Lichtervelde,0,6844,319,0,1559,1224,1079,1513,453,268,301,63,65,0,0,0,0,0,0,0,0,0,0,0,0,0,0,0,0
BE_23044,Liedekerke,0,9342,413,0,2232,2282,1275,1160,752,679,338,87,74,0,35,15,0,0,0,0,0,0,0,0,0,0,0,0,0
BE_12021,Lier / Lierre,0,26200,906,0,5266,8142,2513,2416,1761,2340,2145,177,211,0,42,0,212,69,0,0,0,0,0,0,0,0,0,0,0
BE_45063,Lierde,0,5034,215,0,1315,941,533,557,876,179,329,30,41,9,9,0,0,0,0,0,0,0,0,0,0,0,0,0,0
BE_63045,Lierneux,0,2416,206,0,0,47,0,0,0,257,0,0,27,0,6,0,0,0,322,641,586,166,70,37,37,0,14,0,0
BE_44085,Lievegem,0,19672,720,0,4083,4361,2542,3104,1951,1070,1487,131,147,43,33,0,0,0,0,0,0,0,0,0,0,0,0,0,0
BE_13019,Lille,0,12371,456,0,3057,3696,1157,1710,824,542,589,105,89,0,22,0,94,30,0,0,0,0,0,0,0,0,0,0,0
BE_63046,Limbourg / Limburg,0,3817,270,0,0,68,0,0,0,365,0,0,73,0,10,0,0,0,921,1200,448,231,112,56,40,0,23,0,0
BE_64047,Lincent / Lijsem,0,4474,317,0,0,89,0,0,0,489,0,0,87,0,9,0,0,0,724,1379,850,249,106,102,62,0,11,0,0
BE_23100,Linkebeek,0,2153,0,0,36,46,81,54,122,186,119,6,29,0,11,10,0,11,234,768,276,227,0,324,38,3,0,4,4
BE_11025,Lint,0,6042,133,0,1041,2241,632,663,384,294,512,39,40,0,4,0,40,19,0,0,0,0,0,0,0,0,0,0,0
BE_24133,Linter,0,5456,232,0,1269,1222,816,940,380,289,194,66,37,0,5,6,0,0,0,0,0,0,0,0,0,0,0,0,0
BE_32030,Lo-Reninge,0,2246,91,0,536,420,241,572,180,71,86,31,18,0,0,0,0,0,0,0,0,0,0,0,0,0,0,0,0
BE_56044,Lobbes,0,4074,266,0,0,54,0,0,0,352,0,0,66,0,6,0,0,0,910,1042,986,177,79,82,38,16,0,0,0
BE_44034,Lochristi,0,16693,569,0,3383,4125,1699,2220,2644,762,1038,121,83,28,21,0,0,0,0,0,0,0,0,0,0,0,0,0,0
BE_46014,Lokeren,0,29273,1446,0,6036,5820,3446,3450,3178,2714,2640,201,250,67,25,0,0,0,0,0,0,0,0,0,0,0,0,0,0
BE_72020,Lommel,0,21718,1037,0,5377,4812,3458,3798,695,1474,772,147,117,0,31,0,0,0,0,0,0,0,0,0,0,0,0,0,0
BE_23045,Londerzeel,0,13614,490,0,2822,4310,1434,2024,903,611,720,150,97,0,32,21,0,0,0,0,0,0,0,0,0,0,0,0,0
BE_63048,Lontzen,0,3333,380,0,0,98,0,0,0,249,0,0,36,0,7,0,0,0,476,908,671,286,144,34,29,0,15,0,0
BE_KAE009,Foreign Voters - Louvain,18028,8268,585,0,796,1334,961,652,1434,349,1721,119,113,0,112,92,0,0,0,0,0,0,0,0,0,0,0,0,0
BE_24066,Lubbeek,0,10870,241,0,1315,3745,1467,1457,910,461,1039,155,58,0,14,8,0,0,0,0,0,0,0,0,0,0,0,0,0
BE_71037,Lummen,0,11137,536,0,2463,2915,1379,1719,661,677,519,97,145,0,26,0,0,0,0,0,0,0,0,0,0,0,0,0,0
BE_45064,Maarkedal,0,4716,184,0,884,1119,333,759,829,145,382,33,37,5,6,0,0,0,0,0,0,0,0,0,0,0,0,0,0
BE_72021,Maaseik,0,16240,812,0,4695,3418,1563,2656,1204,1068,539,103,158,0,24,0,0,0,0,0,0,0,0,0,0,0,0,0,0
BE_73107,Maasmechelen,0,24110,1497,0,5633,4112,2481,3921,1571,3672,873,183,132,0,35,0,0,0,0,0,0,0,0,0,0,0,0,0,0
BE_23047,Machelen (Halle-Vilvoorde) / Machelen (Hal-Vilvorde),0,9333,668,0,1072,1503,1270,1206,943,1893,416,123,105,0,80,54,0,0,0,0,0,0,0,0,0,0,0,0,0
BE_43010,Maldegem,0,18030,897,0,4395,3831,1854,2909,1826,796,1169,170,129,38,16,0,0,0,0,0,0,0,0,0,0,0,0,0,0
BE_11057,Malle,0,11142,378,0,2479,3950,973,1428,561,516,595,98,54,0,17,0,67,26,0,0,0,0,0,0,0,0,0,0,0
BE_63049,Malmedy,0,8595,655,0,0,117,0,0,0,766,0,0,79,0,11,0,0,0,790,3339,1779,526,260,129,104,0,40,0,0
BE_55086,Manage,0,14432,1461,0,0,255,0,0,0,2416,0,0,231,0,47,0,0,0,4152,2848,1597,457,448,280,139,101,0,0,0
BE_83055,Manhay,0,2516,206,0,0,72,0,0,0,0,0,0,52,0,0,0,0,0,324,771,699,184,73,61,74,0,0,0,0
BE_83034,Marche-en-Famenne,0,12199,1123,0,0,251,0,0,0,0,0,0,212,0,0,0,0,0,2739,2494,3816,770,403,207,184,0,0,0,0
BE_61039,Marchin,0,3762,243,0,0,55,0,0,0,481,0,0,76,0,3,0,0,0,864,853,573,383,97,86,39,0,9,0,0
BE_81013,Martelange,0,1207,119,0,0,45,0,0,0,0,0,0,15,0,0,0,0,0,174,334,316,89,46,36,33,0,0,0,0
BE_12025,Mechelen / Malines,0,56312,2167,0,8371,12824,7122,5153,5428,7629,5971,398,410,0,92,0,485,262,0,0,0,0,0,0,0,0,0,0,0
BE_13021,Meerhout,0,7467,327,0,2031,1811,981,996,367,439,301,69,40,0,13,0,70,22,0,0,0,0,0,0,0,0,0,0,0
BE_23050,Meise,0,13276,527,0,1869,3852,1322,1544,1909,897,810,246,168,0,72,60,0,0,0,0,0,0,0,0,0,0,0,0,0
BE_85024,Meix-devant-Virton,0,1996,162,0,0,36,0,0,0,0,0,0,35,0,0,0,0,0,301,423,747,177,45,31,39,0,0,0,0
BE_44040,Melle,0,8421,260,0,1242,1918,1032,1063,1047,478,1218,53,70,22,18,0,0,0,0,0,0,0,0,0,0,0,0,0,0
BE_34027,Menen / Menin,0,21428,1406,0,5498,3740,3958,2190,1237,1780,968,401,250,0,0,0,0,0,0,0,0,0,0,0,0,0,0,0,0
BE_56049,Merbes-le-Château,0,2764,221,0,0,51,0,0,0,298,0,0,58,0,9,0,0,0,752,747,383,62,81,59,33,10,0,0,0
BE_23052,Merchtem,0,12361,477,0,2248,3266,1131,1671,1799,789,653,142,109,0,44,32,0,0,0,0,0,0,0,0,0,0,0,0,0
BE_44043,Merelbeke,0,18021,581,0,2568,3995,2155,2228,2690,861,2593,136,164,35,15,0,0,0,0,0,0,0,0,0,0,0,0,0,0
BE_13023,Merksplas,0,5996,213,0,1410,1634,483,935,636,217,287,92,38,0,9,0,30,12,0,0,0,0,0,0,0,0,0,0,0
BE_33016,Mesen / Messines,0,661,76,0,169,81,110,63,75,49,20,9,9,0,0,0,0,0,0,0,0,0,0,0,0,0,0,0,0
BE_81015,Messancy,0,4987,513,0,0,128,0,0,0,0,0,0,84,0,0,0,0,0,766,1216,1513,402,138,137,90,0,0,0,0
BE_92087,Mettet,0,9324,757,0,0,162,0,0,0,793,0,0,129,0,26,0,0,0,1515,2225,2643,403,332,193,132,0,0,14,0
BE_37007,Meulebeke,0,8000,362,0,2197,1660,1172,1365,466,364,262,83,69,0,0,0,0,0,0,0,0,0,0,0,0,0,0,0,0
BE_35011,Middelkerke,0,14852,681,0,3586,4829,1772,1269,1162,564,490,281,218,0,0,0,0,0,0,0,0,0,0,0,0,0,0,0,0
BE_61041,Modave,0,2918,185,0,0,62,0,0,0,298,0,0,42,0,7,0,0,0,574,861,522,197,72,47,39,0,12,0,0
BE_44045,Moerbeke (Gent) / Moerbeke (Gand),0,4810,212,0,1142,1061,478,452,787,276,316,37,29,14,6,0,0,0,0,0,0,0,0,0,0,0,0,0,0
BE_13025,Mol,0,25732,1031,0,6055,7361,3047,3369,1124,1857,1190,203,157,0,37,0,194,107,0,0,0,0,0,0,0,0,0,0,0
BE_21012,Molenbeek-Saint-Jean / Sint-Jans-Molenbeek,0,39533,2878,0,929,831,0,0,0,9616,0,156,200,0,73,67,0,148,9354,4603,2114,2386,0,1199,287,98,0,58,4536
BE_56051,Momignies,0,3425,362,0,0,41,0,0,0,369,0,0,51,0,6,0,0,0,604,1208,394,173,132,34,34,17,0,0,0
BE_53053,Mons / Bergen,0,53845,4878,0,0,682,0,0,0,6351,0,0,830,0,147,0,0,0,15600,13344,6214,2928,1121,1099,403,248,0,0,0
BE_KAE006,Foreign Voters - Hainaut,21689,11505,801,0,0,300,0,0,0,823,0,0,162,0,105,0,0,0,2471,2732,1233,1725,479,242,272,160,0,0,0
BE_57095,Mont-de-lEnclus,0,2758,251,0,0,145,0,0,0,207,0,0,29,0,10,0,0,0,350,1062,457,150,63,20,9,5,0,0,0
BE_25068,Mont-Saint-Guibert,0,5683,261,0,0,85,0,0,0,380,0,0,97,0,14,14,0,0,555,1643,1484,739,80,176,127,0,13,15,0
BE_52048,Montigny-le-Tilleul,0,6743,452,0,0,92,0,0,0,524,0,0,93,0,13,0,0,0,1298,2564,1019,323,139,151,49,26,0,0,0
BE_36012,Moorslede,0,8175,464,0,2430,1683,1165,1243,487,303,234,103,63,0,0,0,0,0,0,0,0,0,0,0,0,0,0,0,0
BE_58004,Morlanwelz,0,11222,1159,0,0,167,0,0,0,1740,0,0,197,0,39,0,0,0,3401,2163,1303,371,276,212,104,90,0,0,0
BE_11029,Mortsel,0,17258,431,0,2103,5302,2062,1410,1052,1624,2841,106,98,0,19,0,150,60,0,0,0,0,0,0,0,0,0,0,0
BE_57096,Mouscron / Moeskroen,0,30537,3645,0,0,703,0,0,0,4091,0,0,423,0,104,0,0,0,6115,6244,4695,2416,1237,363,241,260,0,0,0
BE_85026,Musson,0,2945,332,0,0,60,0,0,0,0,0,0,48,0,0,0,0,0,703,607,763,209,86,62,75,0,0,0,0
BE_92094,Namur / Namen,0,70949,4732,0,0,1030,0,0,0,6720,0,0,1186,0,190,0,0,0,10099,12464,23367,6015,1681,2158,1037,0,0,270,0
BE_KAE011,Foreign Voters - Namur,8872,4639,528,0,0,126,0,0,0,276,0,0,57,0,30,0,0,0,653,1166,731,718,158,107,72,0,0,17,0
BE_61043,Nandrin,0,4044,165,0,0,49,0,0,0,279,0,0,57,0,3,0,0,0,604,1494,825,313,91,92,57,0,15,0,0
BE_83040,Nassogne,0,3850,296,0,0,86,0,0,0,0,0,0,67,0,0,0,0,0,772,928,1088,293,128,92,100,0,0,0,0
BE_44048,Nazareth,0,8930,313,0,1517,1959,890,1779,1201,338,754,62,90,13,14,0,0,0,0,0,0,0,0,0,0,0,0,0,0
BE_84043,Neufchâteau (Neufchâteau),0,5457,545,0,0,109,0,0,0,0,0,0,94,0,0,0,0,0,567,1404,2021,358,144,102,113,0,0,0,0
BE_62121,Neupré,0,7041,307,0,0,83,0,0,0,525,0,0,121,0,12,0,0,0,1167,2724,1111,565,141,169,96,0,20,0,0
BE_11030,Niel,0,7259,305,0,2045,1865,973,434,390,713,354,46,49,0,6,0,58,21,0,0,0,0,0,0,0,0,0,0,0
BE_71045,Nieuwerkerken (Hasselt),0,5282,288,0,1354,1172,840,776,289,282,174,45,46,0,16,0,0,0,0,0,0,0,0,0,0,0,0,0,0
BE_38016,Nieuwpoort / Nieuport,0,8462,469,0,2041,2340,1249,921,605,391,265,91,90,0,0,0,0,0,0,0,0,0,0,0,0,0,0,0,0
BE_12026,Nijlen,0,17587,647,0,3973,6033,1721,1960,903,883,950,150,152,0,25,0,154,36,0,0,0,0,0,0,0,0,0,0,0
BE_41048,Ninove,0,27950,1341,0,9586,4812,2674,2325,3624,1707,1420,177,195,49,40,0,0,0,0,0,0,0,0,0,0,0,0,0,0
BE_25072,Nivelles / Nijvel,0,19383,1087,0,0,361,0,0,0,1580,0,0,429,0,81,66,0,0,3084,5642,4086,1586,332,676,285,0,36,52,0
BE_KAE002,Foreign Voters - Brabant Wallon,12694,6292,334,0,0,139,0,0,0,262,0,0,64,0,52,47,0,0,604,2223,739,1267,194,205,111,0,23,28,0
BE_92097,Ohey,0,3672,220,0,0,56,0,0,0,377,0,0,56,0,4,0,0,0,429,871,1218,213,109,65,40,0,0,14,0
BE_13029,Olen,0,9255,424,0,2495,2432,1064,1142,459,490,473,79,74,0,13,0,85,25,0,0,0,0,0,0,0,0,0,0,0
BE_63057,Olne,0,2919,131,0,0,28,0,0,0,218,0,0,47,0,6,0,0,0,304,1209,517,262,79,59,37,0,22,0,0
BE_91103,Onhaye,0,2271,181,0,0,28,0,0,0,187,0,0,29,0,8,0,0,0,273,572,753,101,65,40,28,0,0,6,0
BE_44052,Oosterzele,0,10401,361,0,1814,2215,992,1487,1679,378,1286,65,97,20,7,0,0,0,0,0,0,0,0,0,0,0,0,0,0
BE_31022,Oostkamp,0,17623,691,0,3534,4198,2901,2883,1273,810,975,162,196,0,0,0,0,0,0,0,0,0,0,0,0,0,0,0,0
BE_37010,Oostrozebeke,0,5765,314,0,1807,1398,685,893,247,196,140,45,40,0,0,0,0,0,0,0,0,0,0,0,0,0,0,0,0
BE_23060,Opwijk,0,10360,392,0,2195,2889,1077,1229,1152,587,587,137,83,0,14,18,0,0,0,0,0,0,0,0,0,0,0,0,0
BE_64056,Oreye / Oerle,0,2770,172,0,0,44,0,0,0,300,0,0,39,0,5,0,0,0,626,930,392,107,68,54,29,0,4,0,0
BE_25120,Orp-Jauche,0,6165,400,0,0,153,0,0,0,545,0,0,149,0,24,19,0,0,958,1759,1249,429,196,169,97,0,11,7,0
BE_35013,Oostende / Ostende,0,47396,2030,0,10879,9676,9448,3389,3360,4479,3229,589,317,0,0,0,0,0,0,0,0,0,0,0,0,0,0,0,0
BE_25121,Ottignies-Louvain-la-Neuve,0,19632,914,0,0,220,0,0,0,1793,0,0,319,0,68,65,0,0,2382,4327,5044,3135,225,607,383,0,55,95,0
BE_24086,Oud-Heverlee,0,8031,194,0,793,2331,1189,1176,805,336,1011,89,77,0,18,12,0,0,0,0,0,0,0,0,0,0,0,0,0
BE_13031,Oud-Turnhout,0,9499,289,0,2338,2822,1114,1268,506,425,528,74,50,0,10,0,54,21,0,0,0,0,0,0,0,0,0,0,0
BE_45035,Oudenaarde / Audenarde,0,23472,1060,0,4818,4886,2293,2924,3815,996,2300,153,183,32,12,0,0,0,0,0,0,0,0,0,0,0,0,0,0
BE_35014,Oudenburg,0,7176,345,0,2025,1468,1188,876,550,295,273,74,82,0,0,0,0,0,0,0,0,0,0,0,0,0,0,0,0
BE_72042,Oudsbergen,0,17265,882,0,4327,4616,1356,3525,642,1006,606,127,147,0,31,0,0,0,0,0,0,0,0,0,0,0,0,0,0
BE_61048,Ouffet,0,1997,146,0,0,24,0,0,0,223,0,0,38,0,2,0,0,0,285,713,330,114,48,46,24,0,4,0,0
BE_62079,Oupeye,0,15921,1145,0,0,257,0,0,0,2489,0,0,261,0,36,0,0,0,3610,3982,2305,615,647,305,200,0,69,0,0
BE_23062,Overijse,0,15238,568,0,1499,3762,1284,1588,3899,758,1119,212,140,0,187,222,0,0,0,0,0,0,0,0,0,0,0,0,0
BE_57064,Péruwelz,0,10959,1271,0,0,182,0,0,0,1171,0,0,172,0,24,0,0,0,2834,2835,1319,480,273,261,60,77,0,0,0
BE_84050,Paliseul,0,3797,453,0,0,88,0,0,0,0,0,0,72,0,0,0,0,0,555,1239,987,165,83,75,80,0,0,0,0
BE_57062,Pecq,0,3458,358,0,0,58,0,0,0,322,0,0,43,0,7,0,0,0,1071,702,538,191,78,50,16,24,0,0,0
BE_72030,Peer,0,11827,529,0,2984,2517,1064,3064,446,597,419,102,73,0,32,0,0,0,0,0,0,0,0,0,0,0,0,0,0
BE_72043,Pelt,0,21141,966,0,4996,4951,2222,4568,943,1213,980,149,119,0,34,0,0,0,0,0,0,0,0,0,0,0,0,0,0
BE_23064,Pepingen,0,3308,116,0,588,887,279,558,457,123,179,61,36,0,7,17,0,0,0,0,0,0,0,0,0,0,0,0,0
BE_63058,Pepinster,0,6090,512,0,0,101,0,0,0,774,0,0,108,0,13,0,0,0,867,2010,833,374,282,116,54,0,46,0,0
BE_25084,Perwijs (Nijvel) / Perwez (Nivelles),0,6600,383,0,0,127,0,0,0,418,0,0,127,0,16,23,0,0,827,2004,1746,415,137,167,114,0,16,80,0
BE_93056,Philippeville,0,6515,665,0,0,145,0,0,0,747,0,0,120,0,15,0,0,0,1135,1611,1288,304,237,161,73,0,0,14,0
BE_37011,Pittem,0,5050,246,0,1349,896,599,1139,366,192,153,62,48,0,0,0,0,0,0,0,0,0,0,0,0,0,0,0,0
BE_63088,Plombières,0,5852,532,0,0,127,0,0,0,652,0,0,59,0,18,0,0,0,739,1934,1077,279,279,75,66,0,15,0,0
BE_52055,Pont-à-Celles,0,11686,842,0,0,220,0,0,0,1192,0,0,258,0,38,0,0,0,2373,3082,2086,681,307,339,176,92,0,0,0
BE_33021,Poperinge,0,14314,808,0,3298,2309,2200,2860,1344,552,623,132,188,0,0,0,0,0,0,0,0,0,0,0,0,0,0,0,0
BE_92101,Profondeville,0,8506,483,0,0,150,0,0,0,547,0,0,155,0,14,0,0,0,851,2100,2924,614,265,246,138,0,0,19,0
BE_12029,Putte,0,13677,511,0,3374,4026,1225,1862,1097,668,576,86,94,0,14,0,118,26,0,0,0,0,0,0,0,0,0,0,0
BE_12041,Puurs-Sint-Amands,0,19596,553,0,4095,5317,1957,4090,940,1176,1039,134,97,0,14,0,142,42,0,0,0,0,0,0,0,0,0,0,0
BE_53084,Quévy,0,5657,746,0,0,84,0,0,0,540,0,0,97,0,9,0,0,0,1206,1657,811,209,142,94,36,26,0,0,0
BE_53065,Quaregnon,0,10629,1362,0,0,156,0,0,0,1868,0,0,187,0,24,0,0,0,3444,1982,788,298,274,119,54,73,0,0,0
BE_53068,Quiévrain,0,4177,542,0,0,60,0,0,0,549,0,0,54,0,8,0,0,0,1152,959,551,103,104,37,32,26,0,0,0
BE_63061,Raeren,0,4054,585,0,0,114,0,0,0,137,0,0,38,0,27,0,0,0,681,836,893,555,113,19,47,0,9,0,0
BE_25122,Ramillies,0,4586,226,0,0,89,0,0,0,346,0,0,88,0,23,13,0,0,567,1472,1042,361,115,129,84,0,9,22,0
BE_11035,Ranst,0,14080,373,0,3035,5259,1167,1506,841,669,898,99,72,0,20,0,110,31,0,0,0,0,0,0,0,0,0,0,0
BE_13035,Ravels,0,7636,332,0,2146,1696,592,1592,668,204,242,77,30,0,13,0,34,10,0,0,0,0,0,0,0,0,0,0,0
BE_25123,Rebecq,0,6967,456,0,0,230,0,0,0,747,0,0,147,0,31,20,0,0,1604,1886,1035,357,155,171,89,0,11,28,0
BE_64063,Remicourt,0,4156,228,0,0,55,0,0,0,443,0,0,63,0,3,0,0,0,893,1279,672,220,137,96,35,0,32,0,0
BE_45041,Ronse / Renaix,0,16757,1545,0,3069,2415,1750,1565,1974,2750,1222,168,176,18,105,0,0,0,0,0,0,0,0,0,0,0,0,0,0
BE_83044,Rendeux,0,1847,131,0,0,57,0,0,0,0,0,0,33,0,0,0,0,0,395,521,396,147,84,48,35,0,0,0,0
BE_13036,Retie,0,7943,294,0,1761,2422,790,1409,468,305,333,39,58,0,9,0,40,15,0,0,0,0,0,0,0,0,0,0,0
BE_23101,Sint-Genesius-Rode / Rhode-Saint-Genèse,0,6407,0,0,92,139,415,410,649,451,329,60,66,0,43,19,0,8,442,3557,730,345,0,578,107,11,0,9,19
BE_73066,Riemst,0,10189,471,0,2383,2025,723,2284,1389,414,299,75,99,0,27,0,0,0,0,0,0,0,0,0,0,0,0,0,0
BE_13037,Rijkevorsel,0,8233,325,0,2206,2607,688,1076,410,342,374,90,46,0,13,0,42,14,0,0,0,0,0,0,0,0,0,0,0
BE_25091,Rixensart,0,14527,545,0,0,268,0,0,0,697,0,0,233,0,32,76,0,0,1519,4977,3519,1493,204,582,319,0,35,28,0
BE_91114,Rochefort,0,8466,758,0,0,132,0,0,0,763,0,0,112,0,17,0,0,0,1968,2156,1597,532,216,112,81,0,0,22,0
BE_36015,Roeselare / Roulers,0,42957,1840,0,11091,9591,5918,6789,2476,2453,2149,366,284,0,0,0,0,0,0,0,0,0,0,0,0,0,0,0,0
BE_23097,Roosdaal,0,8470,339,0,1926,2363,793,1404,603,441,409,99,58,0,20,15,0,0,0,0,0,0,0,0,0,0,0,0,0
BE_24094,Rotselaar,0,12736,381,0,1863,3511,2104,1756,967,644,1153,224,105,0,16,12,0,0,0,0,0,0,0,0,0,0,0,0,0
BE_85047,Rouvroy,0,1462,113,0,0,13,0,0,0,0,0,0,20,0,0,0,0,0,169,213,747,90,37,25,35,0,0,0,0
BE_37012,Ruiselede,0,4020,177,0,919,852,522,769,334,150,209,39,49,0,0,0,0,0,0,0,0,0,0,0,0,0,0,0,0
BE_57072,Rumes,0,3579,340,0,0,63,0,0,0,332,0,0,44,0,8,0,0,0,809,580,1130,124,76,32,24,17,0,0,0
BE_11037,Rumst,0,10902,274,0,2379,3530,1339,1216,597,702,578,85,71,0,15,0,88,28,0,0,0,0,0,0,0,0,0,0,0
BE_64065,Saint-Georges-sur-Meuse,0,4744,427,0,0,80,0,0,0,694,0,0,86,0,20,0,0,0,990,1079,695,238,223,95,62,0,55,0,0
BE_53070,Saint-Ghislain,0,14576,1302,0,0,199,0,0,0,1641,0,0,232,0,41,0,0,0,4220,3712,1975,509,342,246,83,74,0,0,0
BE_21013,Saint-Gilles / Sint-Gillis,0,16492,902,0,282,360,0,0,0,3492,0,44,59,0,32,40,0,111,3467,2068,987,2902,0,726,204,79,0,100,637
BE_84059,Saint-Hubert,0,3837,393,0,0,92,0,0,0,0,0,0,58,0,0,0,0,0,864,1055,890,220,121,68,76,0,0,0,0
BE_21014,Saint-Josse-ten-Noode / Sint-Joost-ten-Node,0,9096,821,0,155,156,0,0,0,1860,0,47,29,0,27,13,0,56,2402,1041,498,918,0,331,76,34,0,31,601
BE_85034,Saint-Léger (Virton),0,2452,236,0,0,56,0,0,0,0,0,0,62,0,0,0,0,0,331,615,795,187,59,59,52,0,0,0,0
BE_62093,Saint-Nicolas (Luik) / Saint-Nicolas (Liège),0,12358,1216,0,0,163,0,0,0,2930,0,0,156,0,16,0,0,0,3735,1745,1007,543,415,252,127,0,53,0,0
BE_82038,Sainte-Ode,0,1754,146,0,0,56,0,0,0,0,0,0,37,0,0,0,0,0,187,606,497,88,68,29,40,0,0,0,0
BE_92137,Sambreville,0,18031,1816,0,0,353,0,0,0,2508,0,0,274,0,48,0,0,0,4590,3280,3036,739,641,483,218,0,0,45,0
BE_63067,Sankt Vith / Saint-Vith,0,6480,1216,0,0,197,0,0,0,183,0,0,72,0,18,0,0,0,830,1346,1530,783,159,39,77,0,30,0,0
BE_21015,Schaerbeek / Schaarbeek,0,50092,3475,0,905,1061,0,0,0,9769,0,127,290,0,125,116,0,265,9817,7323,4115,6466,0,2899,570,176,0,204,2389
BE_11038,Schelle,0,6088,205,0,1515,1845,759,612,231,455,356,33,24,0,2,0,39,12,0,0,0,0,0,0,0,0,0,0,0
BE_24134,Scherpenheuvel-Zichem / Montaigu-Zichem,0,17646,871,0,4669,4079,2358,1866,1723,882,761,261,144,0,19,13,0,0,0,0,0,0,0,0,0,0,0,0,0
BE_11039,Schilde,0,13818,220,0,2439,6653,751,1189,1206,411,644,85,69,0,14,0,116,21,0,0,0,0,0,0,0,0,0,0,0
BE_11040,Schoten,0,23319,615,0,5829,8206,1973,2184,965,1673,1334,126,116,0,21,0,218,59,0,0,0,0,0,0,0,0,0,0,0
BE_55085,Seneffe,0,7114,442,0,0,117,0,0,0,691,0,0,122,0,14,0,0,0,1463,2149,1250,445,169,155,78,19,0,0,0
BE_62096,Seraing,0,34646,3015,0,0,528,0,0,0,7093,0,0,546,0,84,0,0,0,10900,5210,2991,1525,1416,778,416,0,144,0,0
BE_51068,Silly / Opzullik,0,5847,278,0,0,124,0,0,0,468,0,0,109,0,30,0,0,0,901,2096,1156,340,114,134,80,17,0,0,0
BE_46020,Sint-Gillis-Waas,0,14461,541,0,3829,3885,1425,2008,894,683,937,105,102,34,18,0,0,0,0,0,0,0,0,0,0,0,0,0,0
BE_12035,Sint-Katelijne-Waver,0,15218,553,0,3021,4777,1392,2224,1199,824,888,99,69,0,26,0,106,40,0,0,0,0,0,0,0,0,0,0,0
BE_43014,Sint-Laureins,0,5128,222,0,1262,823,461,1156,603,201,311,36,39,6,8,0,0,0,0,0,0,0,0,0,0,0,0,0,0
BE_41063,Sint-Lievens-Houtem,0,7789,286,0,2182,1833,756,821,1127,244,422,46,43,25,4,0,0,0,0,0,0,0,0,0,0,0,0,0,0
BE_44064,Sint-Martens-Latem,0,6011,114,0,527,2496,243,736,1240,111,424,71,44,2,3,0,0,0,0,0,0,0,0,0,0,0,0,0,0
BE_46021,Sint-Niklaas (Sint-Niklaas) / Saint-Nicolas (Saint-Nicolas),0,51392,2044,0,11201,11717,7513,4981,2941,5896,4161,475,271,113,79,0,0,0,0,0,0,0,0,0,0,0,0,0,0
BE_23077,Sint-Pieters-Leeuw,0,20629,1521,0,2835,4493,1995,2049,2244,3221,1148,250,271,0,352,250,0,0,0,0,0,0,0,0,0,0,0,0,0
BE_71053,Sint-Truiden / Saint-Trond,0,29472,1279,0,7303,6271,4672,3910,2571,1771,1213,250,173,0,59,0,0,0,0,0,0,0,0,0,0,0,0,0,0
BE_56088,Sivry-Rance,0,3455,323,0,0,50,0,0,0,257,0,0,45,0,7,0,0,0,423,810,1206,133,112,44,31,14,0,0,0
BE_55040,Soignies / Zinnik,0,18072,1214,0,0,253,0,0,0,1768,0,0,297,0,28,0,0,0,4355,4839,3248,1033,399,392,179,67,0,0,0
BE_92114,Sombreffe,0,5595,392,0,0,80,0,0,0,477,0,0,132,0,12,0,0,0,842,1411,1345,469,148,160,108,0,0,19,0
BE_91120,Somme-Leuze,0,4187,343,0,0,103,0,0,0,360,0,0,99,0,10,0,0,0,393,1684,719,219,127,57,63,0,0,10,0
BE_62099,Soumagne,0,11278,736,0,0,164,0,0,0,1385,0,0,186,0,24,0,0,0,2045,3596,1908,489,343,227,115,0,60,0,0
BE_63072,Spa,0,6080,528,0,0,90,0,0,0,657,0,0,102,0,14,0,0,0,811,1871,990,479,252,154,86,0,46,0,0
BE_62100,Sprimont,0,10226,460,0,0,126,0,0,0,847,0,0,165,0,15,0,0,0,1221,3744,2019,777,309,294,189,0,60,0,0
BE_11044,Stabroek,0,13046,446,0,4028,4245,1167,973,497,814,504,105,62,0,14,0,164,27,0,0,0,0,0,0,0,0,0,0,0
BE_36019,Staden,0,8002,408,0,2132,1430,1060,1411,947,274,209,71,60,0,0,0,0,0,0,0,0,0,0,0,0,0,0,0,0
BE_63073,Stavelot,0,4756,346,0,0,72,0,0,0,422,0,0,60,0,10,0,0,0,468,1873,868,311,136,80,77,0,33,0,0
BE_23081,Steenokkerzeel,0,8369,344,0,1613,2577,903,864,800,628,409,90,77,0,37,27,0,0,0,0,0,0,0,0,0,0,0,0,0
BE_46024,Stekene,0,13942,540,0,4253,3654,1509,1371,838,672,853,95,116,29,12,0,0,0,0,0,0,0,0,0,0,0,0,0,0
BE_63075,Stoumont,0,2203,148,0,0,14,0,0,0,204,0,0,31,0,4,0,0,0,236,777,404,243,44,50,39,0,9,0,0
BE_84068,Tellin,0,1779,153,0,0,41,0,0,0,0,0,0,42,0,0,0,0,0,281,598,426,96,49,44,49,0,0,0,0
BE_46025,Temse / Tamise,0,20978,766,0,5348,5304,2501,2214,1419,1910,1196,131,122,39,28,0,0,0,0,0,0,0,0,0,0,0,0,0,0
BE_83049,Tenneville,0,2060,131,0,0,51,0,0,0,0,0,0,30,0,0,0,0,0,276,632,725,94,58,38,25,0,0,0,0
BE_23086,Ternat,0,11298,450,0,2196,2996,1222,1449,1256,719,680,149,90,0,60,31,0,0,0,0,0,0,0,0,0,0,0,0,0
BE_24104,Tervuren,0,12584,450,0,1009,2958,1417,1647,2535,639,1300,184,97,0,135,213,0,0,0,0,0,0,0,0,0,0,0,0,0
BE_71057,Tessenderlo,0,13654,652,0,3682,3408,1753,1550,734,975,618,151,101,0,30,0,0,0,0,0,0,0,0,0,0,0,0,0,0
BE_63076,Theux,0,8371,571,0,0,96,0,0,0,666,0,0,164,0,13,0,0,0,943,3251,1352,721,255,173,94,0,72,0,0
BE_63089,Thimister-Clermont,0,3959,204,0,0,52,0,0,0,226,0,0,57,0,4,0,0,0,317,1803,819,278,80,68,37,0,14,0,0
BE_56078,Thuin,0,9936,668,0,0,142,0,0,0,822,0,0,180,0,24,0,0,0,2480,2932,1733,388,194,223,117,33,0,0,0
BE_37015,Tielt (Tielt),0,14354,665,0,2851,3013,2225,2683,1057,822,764,144,130,0,0,0,0,0,0,0,0,0,0,0,0,0,0,0,0
BE_24135,Tielt-Winge,0,8334,352,0,1704,2151,1104,1154,720,442,477,141,73,0,9,7,0,0,0,0,0,0,0,0,0,0,0,0,0
BE_24107,Tienen / Tirlemont,0,24274,1372,0,4824,5320,3965,2969,1653,2032,1529,272,218,0,73,47,0,0,0,0,0,0,0,0,0,0,0,0,0
BE_61081,Tinlot,0,1891,104,0,0,22,0,0,0,159,0,0,31,0,2,0,0,0,264,630,413,140,37,46,32,0,11,0,0
BE_85039,Tintigny,0,3674,317,0,0,58,0,0,0,0,0,0,59,0,0,0,0,0,397,1518,787,280,96,73,89,0,0,0,0
BE_73083,Tongeren / Tongres,0,22323,1111,0,5836,4200,3610,2715,2094,1459,893,180,137,0,88,0,0,0,0,0,0,0,0,0,0,0,0,0,0
BE_31033,Torhout,0,15047,749,0,3425,3012,2628,2804,755,593,772,157,152,0,0,0,0,0,0,0,0,0,0,0,0,0,0,0,0
BE_57081,Tournai / Doornik,0,41735,3656,0,0,614,0,0,0,4355,0,0,706,0,92,0,0,0,10625,9340,7140,3050,1034,600,339,184,0,0,0
BE_24109,Tremelo,0,11192,433,0,2874,3011,1422,1295,825,485,583,162,78,0,13,11,0,0,0,0,0,0,0,0,0,0,0,0,0
BE_63086,Trois-Ponts,0,1714,126,0,0,30,0,0,0,176,0,0,17,0,6,0,0,0,180,620,304,122,48,45,20,0,20,0,0
BE_62122,Trooz,0,5219,319,0,0,86,0,0,0,706,0,0,99,0,8,0,0,0,827,1494,803,381,213,159,91,0,33,0,0
BE_25105,Tubize / Tubeke,0,15879,1343,0,0,522,0,0,0,2887,0,0,331,0,88,42,0,0,2894,3574,2429,679,339,499,192,0,30,30,0
BE_13040,Turnhout,0,27444,1090,0,6509,6337,4316,2548,1274,2743,1990,169,137,0,37,0,200,94,0,0,0,0,0,0,0,0,0,0,0
BE_21016,Uccle / Ukkel,0,39331,1598,0,671,917,0,0,0,3747,0,56,234,0,71,107,0,141,4754,14362,3917,4312,0,3265,600,100,0,118,361
BE_82036,Vaux-sur-Sûre,0,4161,351,0,0,91,0,0,0,0,0,0,52,0,0,0,0,0,344,1510,1338,214,120,69,72,0,0,0,0
BE_61063,Verlaine,0,3052,116,0,0,38,0,0,0,259,0,0,42,0,5,0,0,0,491,1192,519,175,85,77,35,0,18,0,0
BE_63079,Verviers,0,30448,3021,0,0,390,0,0,0,4768,0,0,576,0,57,0,0,0,6365,7784,3626,1926,908,569,247,0,211,0,0
BE_38025,Veurne / Furnes,0,8977,391,0,2133,2285,1418,1179,594,369,395,169,44,0,0,0,0,0,0,0,0,0,0,0,0,0,0,0,0
BE_82032,Vielsalm,0,5029,519,0,0,111,0,0,0,0,0,0,95,0,0,0,0,0,828,981,1645,408,209,119,114,0,0,0,0
BE_25107,Villers-la-Ville,0,7543,310,0,0,117,0,0,0,459,0,0,122,0,27,23,0,0,708,3011,1536,723,128,200,138,0,28,13,0
BE_61068,Villers-le-Bouillet,0,4574,306,0,0,68,0,0,0,502,0,0,80,0,5,0,0,0,856,1310,762,293,177,126,67,0,22,0,0
BE_23088,Vilvoorde / Vilvorde,0,26035,1808,0,3157,3901,4165,2295,2968,5205,1420,321,315,0,300,180,0,0,0,0,0,0,0,0,0,0,0,0,0
BE_93090,Viroinval,0,3286,395,0,0,61,0,0,0,358,0,0,53,0,16,0,0,0,760,698,602,134,116,55,29,0,0,9,0
BE_85045,Virton,0,7431,818,0,0,111,0,0,0,0,0,0,124,0,0,0,0,0,1255,1484,2362,683,242,146,206,0,0,0,0
BE_62108,Visé / Wezet,0,11251,767,0,0,149,0,0,0,1648,0,0,179,0,18,0,0,0,2257,3308,1579,592,360,233,95,0,66,0,0
BE_33041,Vleteren,0,2587,129,0,852,364,294,499,223,83,81,25,37,0,0,0,0,0,0,0,0,0,0,0,0,0,0,0,0
BE_13044,Vorselaar,0,5912,187,0,1563,1604,695,771,308,279,331,57,39,0,11,0,52,15,0,0,0,0,0,0,0,0,0,0,0
BE_13046,Vosselaar,0,8329,273,0,1991,2666,828,1162,470,335,455,42,48,0,6,0,44,9,0,0,0,0,0,0,0,0,0,0,0
BE_91143,Vresse-sur-Semois,0,1694,142,0,0,38,0,0,0,113,0,0,28,0,3,0,0,0,175,607,450,70,39,14,14,0,0,1,0
BE_42023,Waasmunster,0,8064,196,0,1816,2464,673,919,886,393,562,69,66,15,5,0,0,0,0,0,0,0,0,0,0,0,0,0,0
BE_44073,Wachtebeke,0,5602,295,0,1470,994,759,648,611,375,336,46,51,13,4,0,0,0,0,0,0,0,0,0,0,0,0,0,0
BE_93088,Walcourt,0,12763,1024,0,0,259,0,0,0,1171,0,0,193,0,35,0,0,0,2463,3741,2398,503,494,306,156,0,0,20,0
BE_25124,Walhain,0,5215,197,0,0,68,0,0,0,273,0,0,76,0,16,19,0,0,492,1527,1679,551,60,130,88,0,18,21,0
BE_61072,Wanze,0,9367,569,0,0,145,0,0,0,1045,0,0,186,0,23,0,0,0,2664,2090,1387,668,253,189,113,0,35,0,0
BE_34040,Waregem,0,28532,1292,0,6887,7412,3703,4414,1692,1422,1236,250,224,0,0,0,0,0,0,0,0,0,0,0,0,0,0,0,0
BE_64074,Waremme / Borgworm,0,10455,757,0,0,172,0,0,0,1052,0,0,130,0,30,0,0,0,2667,2478,2078,446,289,193,96,0,67,0,0
BE_64075,Wasseiges,0,1149,98,0,0,23,0,0,0,85,0,0,15,0,1,0,0,0,161,469,176,52,25,22,20,0,2,0,0
BE_25110,Waterloo,0,17738,694,0,0,398,0,0,0,793,0,0,236,0,49,42,0,0,1403,8218,3415,1088,252,786,297,0,29,38,0
BE_21017,Watermael-Boitsfort / Watermaal-Bosvoorde,0,14025,563,0,211,212,0,0,0,1366,0,17,93,0,20,26,0,54,1966,3700,1635,2189,0,1430,284,39,0,86,134
BE_25112,Wavre / Waver,0,21984,1287,0,0,515,0,0,0,1829,0,0,415,0,72,86,0,0,2523,7005,4904,1700,397,737,396,0,69,49,0
BE_63080,Waimes / Weismes,0,5089,375,0,0,98,0,0,0,461,0,0,52,0,8,0,0,0,373,2061,973,300,192,78,73,0,45,0,0
BE_63084,Welkenraedt,0,6646,483,0,0,119,0,0,0,617,0,0,96,0,18,0,0,0,986,2212,1234,426,226,135,69,0,25,0,0
BE_73098,Wellen,0,5661,327,0,1529,1276,842,522,597,244,220,47,42,0,15,0,0,0,0,0,0,0,0,0,0,0,0,0,0
BE_84075,Wellin,0,2242,177,0,0,44,0,0,0,0,0,0,44,0,0,0,0,0,474,638,586,139,56,47,37,0,0,0,0
BE_23102,Wemmel,0,4960,0,0,172,161,414,423,741,1190,286,54,82,0,34,15,0,11,589,1776,558,205,0,312,48,17,0,8,238
BE_33029,Wervik,0,12790,829,0,3419,2178,2350,1614,821,743,533,132,171,0,0,0,0,0,0,0,0,0,0,0,0,0,0,0,0
BE_13049,Westerlo,0,18652,757,0,4633,5428,1792,2952,881,851,853,152,128,0,25,0,158,42,0,0,0,0,0,0,0,0,0,0,0
BE_42025,Wetteren,0,18604,898,0,4207,3960,2069,2182,2065,1282,1451,141,149,192,8,0,0,0,0,0,0,0,0,0,0,0,0,0,0
BE_34041,Wevelgem,0,22905,1051,0,5301,4940,4110,3560,994,1168,1278,255,248,0,0,0,0,0,0,0,0,0,0,0,0,0,0,0,0
BE_23103,Wezembeek-Oppem,0,5116,0,0,44,74,249,227,620,427,316,35,52,0,44,18,0,14,308,2190,1103,347,0,494,121,6,0,7,26
BE_42026,Wichelen,0,8863,353,0,2242,1994,979,967,1115,366,617,55,75,92,8,0,0,0,0,0,0,0,0,0,0,0,0,0,0
BE_37017,Wielsbeke,0,7177,295,0,2221,1747,886,1003,378,325,173,83,66,0,0,0,0,0,0,0,0,0,0,0,0,0,0,0,0
BE_11050,Wijnegem,0,6986,226,0,1503,2338,654,640,335,620,517,34,41,0,10,0,50,18,0,0,0,0,0,0,0,0,0,0,0
BE_12040,Willebroek,0,17915,775,0,3929,4377,2489,1733,854,2472,824,124,114,0,16,0,134,74,0,0,0,0,0,0,0,0,0,0,0
BE_37018,Wingene,0,11035,591,0,2782,2379,1357,2336,595,370,409,104,112,0,0,0,0,0,0,0,0,0,0,0,0,0,0,0,0
BE_21018,Woluwe-Saint-Lambert / Sint-Lambrechts-Woluwe,0,25249,1201,0,474,586,0,0,0,2191,0,52,179,0,51,68,0,146,2775,7435,3546,2487,0,3289,362,69,0,69,269
BE_21019,Woluwe-Saint-Pierre / Sint-Pieters-Woluwe,0,18777,615,0,292,461,0,0,0,1071,0,26,115,0,39,67,0,72,1491,7303,3306,1839,0,1547,324,42,0,58,109
BE_11052,Wommelgem,0,8842,253,0,1972,3331,681,634,484,773,515,41,54,0,11,0,65,28,0,0,0,0,0,0,0,0,0,0,0
BE_45061,Wortegem-Petegem,0,4885,188,0,932,1210,481,626,894,118,311,86,32,5,2,0,0,0,0,0,0,0,0,0,0,0,0,0,0
BE_11053,Wuustwezel,0,14326,482,0,3445,4330,1073,2698,762,668,526,100,87,0,16,0,106,33,0,0,0,0,0,0,0,0,0,0,0
BE_91141,Yvoir,0,6226,399,0,0,129,0,0,0,474,0,0,113,0,18,0,0,0,612,1554,1945,504,145,229,86,0,0,18,0
BE_11054,Zandhoven,0,9676,271,0,2175,3511,673,1415,523,379,468,80,51,0,19,0,92,19,0,0,0,0,0,0,0,0,0,0,0
BE_23094,Zaventem,0,18656,1188,0,1866,3689,1682,2043,3635,2313,1234,244,229,0,280,253,0,0,0,0,0,0,0,0,0,0,0,0,0
BE_31040,Zedelgem,0,17195,768,0,4015,3967,2784,2765,1090,626,865,154,161,0,0,0,0,0,0,0,0,0,0,0,0,0,0,0,0
BE_42028,Zele,0,14263,578,0,3594,3054,1682,1793,1601,981,740,106,80,30,24,0,0,0,0,0,0,0,0,0,0,0,0,0,0
BE_43018,Zelzate,0,8436,427,0,2332,1051,1814,478,477,1492,231,52,71,7,4,0,0,0,0,0,0,0,0,0,0,0,0,0,0
BE_23096,Zemst,0,16637,546,0,3068,4859,2147,2173,1359,917,1179,170,166,0,27,26,0,0,0,0,0,0,0,0,0,0,0,0,0
BE_11055,Zoersel,0,16304,359,0,3444,6481,1196,1908,1088,578,879,112,94,0,13,0,122,30,0,0,0,0,0,0,0,0,0,0,0
BE_71066,Zonhoven,0,15760,711,0,3811,4309,1723,1566,1468,1112,773,132,132,0,23,0,0,0,0,0,0,0,0,0,0,0,0,0,0
BE_33037,Zonnebeke,0,9263,481,0,2614,1775,1450,1572,575,329,279,97,91,0,0,0,0,0,0,0,0,0,0,0,0,0,0,0,0
BE_41081,Zottegem,0,20177,854,0,4235,4470,3053,2096,2779,761,1623,109,152,26,19,0,0,0,0,0,0,0,0,0,0,0,0,0,0
BE_24130,Zoutleeuw / Léau,0,6410,288,0,1719,1374,731,1236,443,288,218,64,37,0,11,1,0,0,0,0,0,0,0,0,0,0,0,0,0
BE_31042,Zuienkerke,0,2065,67,0,466,480,240,392,203,73,93,28,23,0,0,0,0,0,0,0,0,0,0,0,0,0,0,0,0
BE_44081,Zulte,0,11527,507,0,2782,2782,1109,1586,1459,391,690,107,89,19,6,0,0,0,0,0,0,0,0,0,0,0,0,0,0
BE_71067,Zutendaal,0,5099,190,0,1235,1425,397,918,280,368,208,27,39,0,12,0,0,0,0,0,0,0,0,0,0,0,0,0,0
BE_45065,Zwalm,0,6352,278,0,1258,1309,615,616,1361,204,589,54,55,12,1,0,0,0,0,0,0,0,0,0,0,0,0,0,0
BE_34042,Zwevegem,0,18721,849,0,4287,4217,2962,2989,1237,799,960,200,221,0,0,0,0,0,0,0,0,0,0,0,0,0,0,0,0
BE_11056,Zwijndrecht,0,12577,449,0,2861,3620,1572,793,466,1487,1004,77,68,0,20,0,132,28,0,0,0,0,0,0,0,0,0,0,0
BE_K00002,Electoral Canton Alost,97002,0,0,0,0,0,0,0,0,0,0,0,0,0,0,0,0,0,0,0,0,0,0,0,0,0,0,0,0
BE_K00216,Electoral Canton Aalter,23306,0,0,0,0,0,0,0,0,0,0,0,0,0,0,0,0,0,0,0,0,0,0,0,0,0,0,0,0
BE_K00001,Electoral Canton Aarschot,42084,0,0,0,0,0,0,0,0,0,0,0,0,0,0,0,0,0,0,0,0,0,0,0,0,0,0,0,0
BE_K00003,Electoral Canton Andenne,30914,0,0,0,0,0,0,0,0,0,0,0,0,0,0,0,0,0,0,0,0,0,0,0,0,0,0,0,0
BE_K00004,Electoral Canton Anderlecht,74866,0,0,0,0,0,0,0,0,0,0,0,0,0,0,0,0,0,0,0,0,0,0,0,0,0,0,0,0
BE_K00217,Electoral Canton Anderlues,9084,0,0,0,0,0,0,0,0,0,0,0,0,0,0,0,0,0,0,0,0,0,0,0,0,0,0,0,0
BE_K00005,Electoral Canton Antoing,15573,0,0,0,0,0,0,0,0,0,0,0,0,0,0,0,0,0,0,0,0,0,0,0,0,0,0,0,0
BE_K00006,Electoral Canton Anvers,338039,0,0,0,0,0,0,0,0,0,0,0,0,0,0,0,0,0,0,0,0,0,0,0,0,0,0,0,0
BE_K00007,Electoral Canton Arendonk,32953,0,0,0,0,0,0,0,0,0,0,0,0,0,0,0,0,0,0,0,0,0,0,0,0,0,0,0,0
BE_K00008,Electoral Canton Arlon,25339,0,0,0,0,0,0,0,0,0,0,0,0,0,0,0,0,0,0,0,0,0,0,0,0,0,0,0,0
BE_K00009,Electoral Canton Asse,110898,0,0,0,0,0,0,0,0,0,0,0,0,0,0,0,0,0,0,0,0,0,0,0,0,0,0,0,0
BE_K00010,Electoral Canton Assenede,20708,0,0,0,0,0,0,0,0,0,0,0,0,0,0,0,0,0,0,0,0,0,0,0,0,0,0,0,0
BE_K00011,Electoral Canton Ath,23473,0,0,0,0,0,0,0,0,0,0,0,0,0,0,0,0,0,0,0,0,0,0,0,0,0,0,0,0
BE_K00012,Electoral Canton Aubel,10021,0,0,0,0,0,0,0,0,0,0,0,0,0,0,0,0,0,0,0,0,0,0,0,0,0,0,0,0
BE_K00014,Electoral Canton Avelgem,9447,0,0,0,0,0,0,0,0,0,0,0,0,0,0,0,0,0,0,0,0,0,0,0,0,0,0,0,0
BE_K00015,Electoral Canton Aywaille,35987,0,0,0,0,0,0,0,0,0,0,0,0,0,0,0,0,0,0,0,0,0,0,0,0,0,0,0,0
BE_K00016,Electoral Canton Bassenge,33038,0,0,0,0,0,0,0,0,0,0,0,0,0,0,0,0,0,0,0,0,0,0,0,0,0,0,0,0
BE_K00017,Electoral Canton Bastogne,14945,0,0,0,0,0,0,0,0,0,0,0,0,0,0,0,0,0,0,0,0,0,0,0,0,0,0,0,0
BE_K00018,Electoral Canton Beaumont,12632,0,0,0,0,0,0,0,0,0,0,0,0,0,0,0,0,0,0,0,0,0,0,0,0,0,0,0,0
BE_K00019,Electoral Canton Beauraing,11166,0,0,0,0,0,0,0,0,0,0,0,0,0,0,0,0,0,0,0,0,0,0,0,0,0,0,0,0
BE_K00020,Electoral Canton Beloeil,19170,0,0,0,0,0,0,0,0,0,0,0,0,0,0,0,0,0,0,0,0,0,0,0,0,0,0,0,0
BE_K00021,Electoral Canton Beringen,96690,0,0,0,0,0,0,0,0,0,0,0,0,0,0,0,0,0,0,0,0,0,0,0,0,0,0,0,0
BE_K00022,Electoral Canton Beveren,38211,0,0,0,0,0,0,0,0,0,0,0,0,0,0,0,0,0,0,0,0,0,0,0,0,0,0,0,0
BE_K00023,Electoral Canton Bilzen,32504,0,0,0,0,0,0,0,0,0,0,0,0,0,0,0,0,0,0,0,0,0,0,0,0,0,0,0,0
BE_K00024,Electoral Canton Binche,43742,0,0,0,0,0,0,0,0,0,0,0,0,0,0,0,0,0,0,0,0,0,0,0,0,0,0,0,0
BE_K00025,Electoral Canton Boom,48049,0,0,0,0,0,0,0,0,0,0,0,0,0,0,0,0,0,0,0,0,0,0,0,0,0,0,0,0
BE_K00120,Electoral Canton Looz,37341,0,0,0,0,0,0,0,0,0,0,0,0,0,0,0,0,0,0,0,0,0,0,0,0,0,0,0,0
BE_K00026,Electoral Canton Bouillon,4118,0,0,0,0,0,0,0,0,0,0,0,0,0,0,0,0,0,0,0,0,0,0,0,0,0,0,0,0
BE_K00027,Electoral Canton Boussu,48620,0,0,0,0,0,0,0,0,0,0,0,0,0,0,0,0,0,0,0,0,0,0,0,0,0,0,0,0
BE_K00031,Electoral Canton Bruges,208304,0,0,0,0,0,0,0,0,0,0,0,0,0,0,0,0,0,0,0,0,0,0,0,0,0,0,0,0
BE_K00032,Electoral Canton Bruxelles,88835,0,0,0,0,0,0,0,0,0,0,0,0,0,0,0,0,0,0,0,0,0,0,0,0,0,0,0,0
BE_K00028,Electoral Canton Brakel,17436,0,0,0,0,0,0,0,0,0,0,0,0,0,0,0,0,0,0,0,0,0,0,0,0,0,0,0,0
BE_K00029,Electoral Canton Brecht,77865,0,0,0,0,0,0,0,0,0,0,0,0,0,0,0,0,0,0,0,0,0,0,0,0,0,0,0,0
BE_K00030,Electoral Canton Bree,40397,0,0,0,0,0,0,0,0,0,0,0,0,0,0,0,0,0,0,0,0,0,0,0,0,0,0,0,0
BE_K00033,Electoral Canton Celles,7307,0,0,0,0,0,0,0,0,0,0,0,0,0,0,0,0,0,0,0,0,0,0,0,0,0,0,0,0
BE_K00034,Electoral Canton Châtelet,64644,0,0,0,0,0,0,0,0,0,0,0,0,0,0,0,0,0,0,0,0,0,0,0,0,0,0,0,0
BE_K00035,Electoral Canton Charleroi,131223,0,0,0,0,0,0,0,0,0,0,0,0,0,0,0,0,0,0,0,0,0,0,0,0,0,0,0,0
BE_K00036,Electoral Canton Chièvres,8166,0,0,0,0,0,0,0,0,0,0,0,0,0,0,0,0,0,0,0,0,0,0,0,0,0,0,0,0
BE_K00037,Electoral Canton Chimay,11507,0,0,0,0,0,0,0,0,0,0,0,0,0,0,0,0,0,0,0,0,0,0,0,0,0,0,0,0
BE_K00038,Electoral Canton Ciney,27720,0,0,0,0,0,0,0,0,0,0,0,0,0,0,0,0,0,0,0,0,0,0,0,0,0,0,0,0
BE_K00039,Electoral Canton Comines-Warneton,10017,0,0,0,0,0,0,0,0,0,0,0,0,0,0,0,0,0,0,0,0,0,0,0,0,0,0,0,0
BE_K00041,Electoral Canton Couvin,15446,0,0,0,0,0,0,0,0,0,0,0,0,0,0,0,0,0,0,0,0,0,0,0,0,0,0,0,0
BE_K00042,Electoral Canton Deinze,46924,0,0,0,0,0,0,0,0,0,0,0,0,0,0,0,0,0,0,0,0,0,0,0,0,0,0,0,0
BE_K00178,Electoral Canton Termonde,63090,0,0,0,0,0,0,0,0,0,0,0,0,0,0,0,0,0,0,0,0,0,0,0,0,0,0,0,0
BE_K00043,Electoral Canton Destelbergen,14595,0,0,0,0,0,0,0,0,0,0,0,0,0,0,0,0,0,0,0,0,0,0,0,0,0,0,0,0
BE_K00044,Electoral Canton Diest,49911,0,0,0,0,0,0,0,0,0,0,0,0,0,0,0,0,0,0,0,0,0,0,0,0,0,0,0,0
BE_K00045,Electoral Canton Dinant,30006,0,0,0,0,0,0,0,0,0,0,0,0,0,0,0,0,0,0,0,0,0,0,0,0,0,0,0,0
BE_K00046,Electoral Canton Dison,9749,0,0,0,0,0,0,0,0,0,0,0,0,0,0,0,0,0,0,0,0,0,0,0,0,0,0,0,0
BE_K00047,Electoral Canton Dixmude,40548,0,0,0,0,0,0,0,0,0,0,0,0,0,0,0,0,0,0,0,0,0,0,0,0,0,0,0,0
BE_K00048,Electoral Canton Dour,35056,0,0,0,0,0,0,0,0,0,0,0,0,0,0,0,0,0,0,0,0,0,0,0,0,0,0,0,0
BE_K00049,Electoral Canton Duffel,42106,0,0,0,0,0,0,0,0,0,0,0,0,0,0,0,0,0,0,0,0,0,0,0,0,0,0,0,0
BE_K00050,Electoral Canton Durbuy,8948,0,0,0,0,0,0,0,0,0,0,0,0,0,0,0,0,0,0,0,0,0,0,0,0,0,0,0,0
BE_K00051,Electoral Canton Eeklo,41564,0,0,0,0,0,0,0,0,0,0,0,0,0,0,0,0,0,0,0,0,0,0,0,0,0,0,0,0
BE_K00052,Electoral Canton Eghezée,26318,0,0,0,0,0,0,0,0,0,0,0,0,0,0,0,0,0,0,0,0,0,0,0,0,0,0,0,0
BE_K00053,Electoral Canton Enghien,17015,0,0,0,0,0,0,0,0,0,0,0,0,0,0,0,0,0,0,0,0,0,0,0,0,0,0,0,0
BE_K00054,Electoral Canton Erezée,5460,0,0,0,0,0,0,0,0,0,0,0,0,0,0,0,0,0,0,0,0,0,0,0,0,0,0,0,0
BE_K00055,Electoral Canton Estaimpuis,9784,0,0,0,0,0,0,0,0,0,0,0,0,0,0,0,0,0,0,0,0,0,0,0,0,0,0,0,0
BE_K00056,Electoral Canton Etalle,14186,0,0,0,0,0,0,0,0,0,0,0,0,0,0,0,0,0,0,0,0,0,0,0,0,0,0,0,0
BE_K00057,Electoral Canton Eupen,27343,0,0,0,0,0,0,0,0,0,0,0,0,0,0,0,0,0,0,0,0,0,0,0,0,0,0,0,0
BE_K00058,Electoral Canton Evergem,28521,0,0,0,0,0,0,0,0,0,0,0,0,0,0,0,0,0,0,0,0,0,0,0,0,0,0,0,0
BE_K00059,Electoral Canton Fauvillers,1751,0,0,0,0,0,0,0,0,0,0,0,0,0,0,0,0,0,0,0,0,0,0,0,0,0,0,0,0
BE_K00060,Electoral Canton Ferrières,4035,0,0,0,0,0,0,0,0,0,0,0,0,0,0,0,0,0,0,0,0,0,0,0,0,0,0,0,0
BE_K00061,Electoral Canton Fléron,66500,0,0,0,0,0,0,0,0,0,0,0,0,0,0,0,0,0,0,0,0,0,0,0,0,0,0,0,0
BE_K00062,Electoral Canton Flobecq,7336,0,0,0,0,0,0,0,0,0,0,0,0,0,0,0,0,0,0,0,0,0,0,0,0,0,0,0,0
BE_K00063,Electoral Canton Florennes,8804,0,0,0,0,0,0,0,0,0,0,0,0,0,0,0,0,0,0,0,0,0,0,0,0,0,0,0,0
BE_K00064,Electoral Canton Florenville,8643,0,0,0,0,0,0,0,0,0,0,0,0,0,0,0,0,0,0,0,0,0,0,0,0,0,0,0,0
BE_K00065,Electoral Canton Fontaine-l'Evêque,52041,0,0,0,0,0,0,0,0,0,0,0,0,0,0,0,0,0,0,0,0,0,0,0,0,0,0,0,0
BE_K00066,Electoral Canton Fosses-la-Ville,34382,0,0,0,0,0,0,0,0,0,0,0,0,0,0,0,0,0,0,0,0,0,0,0,0,0,0,0,0
BE_K00068,Electoral Canton Frameries,21828,0,0,0,0,0,0,0,0,0,0,0,0,0,0,0,0,0,0,0,0,0,0,0,0,0,0,0,0
BE_K00069,Electoral Canton Frasnes-Lez-Anvaing,9299,0,0,0,0,0,0,0,0,0,0,0,0,0,0,0,0,0,0,0,0,0,0,0,0,0,0,0,0
BE_K00072,Electoral Canton Gedinne,8195,0,0,0,0,0,0,0,0,0,0,0,0,0,0,0,0,0,0,0,0,0,0,0,0,0,0,0,0
BE_K00073,Electoral Canton Gembloux,61464,0,0,0,0,0,0,0,0,0,0,0,0,0,0,0,0,0,0,0,0,0,0,0,0,0,0,0,0
BE_K00074,Electoral Canton Genappe,20007,0,0,0,0,0,0,0,0,0,0,0,0,0,0,0,0,0,0,0,0,0,0,0,0,0,0,0,0
BE_K00075,Electoral Canton Genk,59189,0,0,0,0,0,0,0,0,0,0,0,0,0,0,0,0,0,0,0,0,0,0,0,0,0,0,0,0
BE_K00071,Electoral Canton Gand,181495,0,0,0,0,0,0,0,0,0,0,0,0,0,0,0,0,0,0,0,0,0,0,0,0,0,0,0,0
BE_K00079,Electoral Canton Grammont,26431,0,0,0,0,0,0,0,0,0,0,0,0,0,0,0,0,0,0,0,0,0,0,0,0,0,0,0,0
BE_K00076,Electoral Canton Gistel,28813,0,0,0,0,0,0,0,0,0,0,0,0,0,0,0,0,0,0,0,0,0,0,0,0,0,0,0,0
BE_K00077,Electoral Canton Glabbeek,16018,0,0,0,0,0,0,0,0,0,0,0,0,0,0,0,0,0,0,0,0,0,0,0,0,0,0,0,0
BE_K00078,Electoral Canton Grâce-Hollogne,41873,0,0,0,0,0,0,0,0,0,0,0,0,0,0,0,0,0,0,0,0,0,0,0,0,0,0,0,0
BE_K00080,Electoral Canton Héron,6677,0,0,0,0,0,0,0,0,0,0,0,0,0,0,0,0,0,0,0,0,0,0,0,0,0,0,0,0
BE_K00081,Electoral Canton Haacht,66534,0,0,0,0,0,0,0,0,0,0,0,0,0,0,0,0,0,0,0,0,0,0,0,0,0,0,0,0
BE_K00082,Electoral Canton Hal,74468,0,0,0,0,0,0,0,0,0,0,0,0,0,0,0,0,0,0,0,0,0,0,0,0,0,0,0,0
BE_K00083,Electoral Canton Hamme,27868,0,0,0,0,0,0,0,0,0,0,0,0,0,0,0,0,0,0,0,0,0,0,0,0,0,0,0,0
BE_K00084,Electoral Canton Hannut,23199,0,0,0,0,0,0,0,0,0,0,0,0,0,0,0,0,0,0,0,0,0,0,0,0,0,0,0,0
BE_K00086,Electoral Canton Hasselt,94076,0,0,0,0,0,0,0,0,0,0,0,0,0,0,0,0,0,0,0,0,0,0,0,0,0,0,0,0
BE_K00087,Electoral Canton Heist-op-den-Berg,68839,0,0,0,0,0,0,0,0,0,0,0,0,0,0,0,0,0,0,0,0,0,0,0,0,0,0,0,0
BE_K00089,Electoral Canton Herentals,83674,0,0,0,0,0,0,0,0,0,0,0,0,0,0,0,0,0,0,0,0,0,0,0,0,0,0,0,0
BE_K00088,Electoral Canton Herck-la-Ville,29608,0,0,0,0,0,0,0,0,0,0,0,0,0,0,0,0,0,0,0,0,0,0,0,0,0,0,0,0
BE_K00090,Electoral Canton Herstal,25654,0,0,0,0,0,0,0,0,0,0,0,0,0,0,0,0,0,0,0,0,0,0,0,0,0,0,0,0
BE_K00091,Electoral Canton Herve,17977,0,0,0,0,0,0,0,0,0,0,0,0,0,0,0,0,0,0,0,0,0,0,0,0,0,0,0,0
BE_K00092,Electoral Canton Herzele,38203,0,0,0,0,0,0,0,0,0,0,0,0,0,0,0,0,0,0,0,0,0,0,0,0,0,0,0,0
BE_K00219,Electoral Canton Heuvelland,6635,0,0,0,0,0,0,0,0,0,0,0,0,0,0,0,0,0,0,0,0,0,0,0,0,0,0,0,0
BE_K00093,Electoral Canton Hooglede,23774,0,0,0,0,0,0,0,0,0,0,0,0,0,0,0,0,0,0,0,0,0,0,0,0,0,0,0,0
BE_K00094,Electoral Canton Hoogstraten,28780,0,0,0,0,0,0,0,0,0,0,0,0,0,0,0,0,0,0,0,0,0,0,0,0,0,0,0,0
BE_K00095,Electoral Canton Horebeke,8319,0,0,0,0,0,0,0,0,0,0,0,0,0,0,0,0,0,0,0,0,0,0,0,0,0,0,0,0
BE_K00096,Electoral Canton Houffalize,3922,0,0,0,0,0,0,0,0,0,0,0,0,0,0,0,0,0,0,0,0,0,0,0,0,0,0,0,0
BE_K00097,Electoral Canton Huy,42378,0,0,0,0,0,0,0,0,0,0,0,0,0,0,0,0,0,0,0,0,0,0,0,0,0,0,0,0
BE_K00098,Electoral Canton Ixelles,71899,0,0,0,0,0,0,0,0,0,0,0,0,0,0,0,0,0,0,0,0,0,0,0,0,0,0,0,0
BE_K00099,Electoral Canton Izegem,30908,0,0,0,0,0,0,0,0,0,0,0,0,0,0,0,0,0,0,0,0,0,0,0,0,0,0,0,0
BE_K00100,Electoral Canton Jodoigne,35025,0,0,0,0,0,0,0,0,0,0,0,0,0,0,0,0,0,0,0,0,0,0,0,0,0,0,0,0
BE_K00101,Electoral Canton Kapellen,89570,0,0,0,0,0,0,0,0,0,0,0,0,0,0,0,0,0,0,0,0,0,0,0,0,0,0,0,0
BE_K00102,Electoral Canton Kaprijke,5271,0,0,0,0,0,0,0,0,0,0,0,0,0,0,0,0,0,0,0,0,0,0,0,0,0,0,0,0
BE_K00103,Electoral Canton Kontich,94983,0,0,0,0,0,0,0,0,0,0,0,0,0,0,0,0,0,0,0,0,0,0,0,0,0,0,0,0
BE_K00040,Electoral Canton Courtrai,104798,0,0,0,0,0,0,0,0,0,0,0,0,0,0,0,0,0,0,0,0,0,0,0,0,0,0,0,0
BE_K00211,Electoral Canton Kruisem,12590,0,0,0,0,0,0,0,0,0,0,0,0,0,0,0,0,0,0,0,0,0,0,0,0,0,0,0,0
BE_K00121,Electoral Canton Louvain,142998,0,0,0,0,0,0,0,0,0,0,0,0,0,0,0,0,0,0,0,0,0,0,0,0,0,0,0,0
BE_K00114,Electoral Canton Liège,125350,0,0,0,0,0,0,0,0,0,0,0,0,0,0,0,0,0,0,0,0,0,0,0,0,0,0,0,0
BE_K00106,Electoral Canton La Louvière,52266,0,0,0,0,0,0,0,0,0,0,0,0,0,0,0,0,0,0,0,0,0,0,0,0,0,0,0,0
BE_K00107,Electoral Canton La Roche-en-Ardenne,7443,0,0,0,0,0,0,0,0,0,0,0,0,0,0,0,0,0,0,0,0,0,0,0,0,0,0,0,0
BE_K00108,Electoral Canton Landen,12279,0,0,0,0,0,0,0,0,0,0,0,0,0,0,0,0,0,0,0,0,0,0,0,0,0,0,0,0
BE_K00109,Electoral Canton Le Roeulx,6499,0,0,0,0,0,0,0,0,0,0,0,0,0,0,0,0,0,0,0,0,0,0,0,0,0,0,0,0
BE_K00110,Electoral Canton Lennik,37650,0,0,0,0,0,0,0,0,0,0,0,0,0,0,0,0,0,0,0,0,0,0,0,0,0,0,0,0
BE_K00111,Electoral Canton Lens,11037,0,0,0,0,0,0,0,0,0,0,0,0,0,0,0,0,0,0,0,0,0,0,0,0,0,0,0,0
BE_K00112,Electoral Canton Lessines,14023,0,0,0,0,0,0,0,0,0,0,0,0,0,0,0,0,0,0,0,0,0,0,0,0,0,0,0,0
BE_K00113,Electoral Canton Leuze-en-Hainaut,10811,0,0,0,0,0,0,0,0,0,0,0,0,0,0,0,0,0,0,0,0,0,0,0,0,0,0,0,0
BE_K00116,Electoral Canton Lierre,37903,0,0,0,0,0,0,0,0,0,0,0,0,0,0,0,0,0,0,0,0,0,0,0,0,0,0,0,0
BE_K00212,Electoral Canton Lievegem,21303,0,0,0,0,0,0,0,0,0,0,0,0,0,0,0,0,0,0,0,0,0,0,0,0,0,0,0,0
BE_K00118,Electoral Canton Lochristi,29364,0,0,0,0,0,0,0,0,0,0,0,0,0,0,0,0,0,0,0,0,0,0,0,0,0,0,0,0
BE_K00119,Electoral Canton Lokeren,31359,0,0,0,0,0,0,0,0,0,0,0,0,0,0,0,0,0,0,0,0,0,0,0,0,0,0,0,0
BE_K00122,Electoral Canton Maaseik,40634,0,0,0,0,0,0,0,0,0,0,0,0,0,0,0,0,0,0,0,0,0,0,0,0,0,0,0,0
BE_K00123,Electoral Canton Maasmechelen,40262,0,0,0,0,0,0,0,0,0,0,0,0,0,0,0,0,0,0,0,0,0,0,0,0,0,0,0,0
BE_K00125,Electoral Canton Malmedy,15903,0,0,0,0,0,0,0,0,0,0,0,0,0,0,0,0,0,0,0,0,0,0,0,0,0,0,0,0
BE_K00126,Electoral Canton Marche-en-Famenne,18144,0,0,0,0,0,0,0,0,0,0,0,0,0,0,0,0,0,0,0,0,0,0,0,0,0,0,0,0
BE_K00124,Electoral Canton Malines,81020,0,0,0,0,0,0,0,0,0,0,0,0,0,0,0,0,0,0,0,0,0,0,0,0,0,0,0,0
BE_K00127,Electoral Canton Meise,63479,0,0,0,0,0,0,0,0,0,0,0,0,0,0,0,0,0,0,0,0,0,0,0,0,0,0,0,0
BE_K00128,Electoral Canton Menin,48153,0,0,0,0,0,0,0,0,0,0,0,0,0,0,0,0,0,0,0,0,0,0,0,0,0,0,0,0
BE_K00129,Electoral Canton Merbes-le-Château,10614,0,0,0,0,0,0,0,0,0,0,0,0,0,0,0,0,0,0,0,0,0,0,0,0,0,0,0,0
BE_K00130,Electoral Canton Merelbeke,49992,0,0,0,0,0,0,0,0,0,0,0,0,0,0,0,0,0,0,0,0,0,0,0,0,0,0,0,0
BE_K00131,Electoral Canton Messancy,15053,0,0,0,0,0,0,0,0,0,0,0,0,0,0,0,0,0,0,0,0,0,0,0,0,0,0,0,0
BE_K00133,Electoral Canton Meulebeke,15299,0,0,0,0,0,0,0,0,0,0,0,0,0,0,0,0,0,0,0,0,0,0,0,0,0,0,0,0
BE_K00134,Electoral Canton Mol,84883,0,0,0,0,0,0,0,0,0,0,0,0,0,0,0,0,0,0,0,0,0,0,0,0,0,0,0,0
BE_K00135,Electoral Canton Molenbeek-Saint-Jean,104407,0,0,0,0,0,0,0,0,0,0,0,0,0,0,0,0,0,0,0,0,0,0,0,0,0,0,0,0
BE_K00136,Electoral Canton Mons,64406,0,0,0,0,0,0,0,0,0,0,0,0,0,0,0,0,0,0,0,0,0,0,0,0,0,0,0,0
BE_K00137,Electoral Canton Mouscron,34271,0,0,0,0,0,0,0,0,0,0,0,0,0,0,0,0,0,0,0,0,0,0,0,0,0,0,0,0
BE_K00138,Electoral Canton Namur,88662,0,0,0,0,0,0,0,0,0,0,0,0,0,0,0,0,0,0,0,0,0,0,0,0,0,0,0,0
BE_K00139,Electoral Canton Nandrin,26819,0,0,0,0,0,0,0,0,0,0,0,0,0,0,0,0,0,0,0,0,0,0,0,0,0,0,0,0
BE_K00140,Electoral Canton Nassogne,4294,0,0,0,0,0,0,0,0,0,0,0,0,0,0,0,0,0,0,0,0,0,0,0,0,0,0,0,0
BE_K00141,Electoral Canton Nazareth,24639,0,0,0,0,0,0,0,0,0,0,0,0,0,0,0,0,0,0,0,0,0,0,0,0,0,0,0,0
BE_K00143,Electoral Canton Neufchâteau,18845,0,0,0,0,0,0,0,0,0,0,0,0,0,0,0,0,0,0,0,0,0,0,0,0,0,0,0,0
BE_K00145,Electoral Canton Nieuport,9545,0,0,0,0,0,0,0,0,0,0,0,0,0,0,0,0,0,0,0,0,0,0,0,0,0,0,0,0
BE_K00146,Electoral Canton Ninove,44934,0,0,0,0,0,0,0,0,0,0,0,0,0,0,0,0,0,0,0,0,0,0,0,0,0,0,0,0
BE_K00147,Electoral Canton Nivelles,109624,0,0,0,0,0,0,0,0,0,0,0,0,0,0,0,0,0,0,0,0,0,0,0,0,0,0,0,0
BE_K00148,Electoral Canton Oostrozebeke,13666,0,0,0,0,0,0,0,0,0,0,0,0,0,0,0,0,0,0,0,0,0,0,0,0,0,0,0,0
BE_K00149,Electoral Canton Ostende,96024,0,0,0,0,0,0,0,0,0,0,0,0,0,0,0,0,0,0,0,0,0,0,0,0,0,0,0,0
BE_K00013,Electoral Canton Audenarde,35215,0,0,0,0,0,0,0,0,0,0,0,0,0,0,0,0,0,0,0,0,0,0,0,0,0,0,0,0
BE_K00150,Electoral Canton Péruwelz,12477,0,0,0,0,0,0,0,0,0,0,0,0,0,0,0,0,0,0,0,0,0,0,0,0,0,0,0,0
BE_K00151,Electoral Canton Paliseul,12223,0,0,0,0,0,0,0,0,0,0,0,0,0,0,0,0,0,0,0,0,0,0,0,0,0,0,0,0
BE_K00152,Electoral Canton Peer,44102,0,0,0,0,0,0,0,0,0,0,0,0,0,0,0,0,0,0,0,0,0,0,0,0,0,0,0,0
BE_K00214,Electoral Canton Pelt,53715,0,0,0,0,0,0,0,0,0,0,0,0,0,0,0,0,0,0,0,0,0,0,0,0,0,0,0,0
BE_K00153,Electoral Canton Perwez,24951,0,0,0,0,0,0,0,0,0,0,0,0,0,0,0,0,0,0,0,0,0,0,0,0,0,0,0,0
BE_K00154,Electoral Canton Philippeville,13753,0,0,0,0,0,0,0,0,0,0,0,0,0,0,0,0,0,0,0,0,0,0,0,0,0,0,0,0
BE_K00218,Electoral Canton Pont-à-Celles,20562,0,0,0,0,0,0,0,0,0,0,0,0,0,0,0,0,0,0,0,0,0,0,0,0,0,0,0,0
BE_K00155,Electoral Canton Poperinge,15477,0,0,0,0,0,0,0,0,0,0,0,0,0,0,0,0,0,0,0,0,0,0,0,0,0,0,0,0
BE_K00215,Electoral Canton Puurs-Saint-Amands,38564,0,0,0,0,0,0,0,0,0,0,0,0,0,0,0,0,0,0,0,0,0,0,0,0,0,0,0,0
BE_K00210,Electoral Canton Rhode-Saint-Genèse,46111,0,0,0,0,0,0,0,0,0,0,0,0,0,0,0,0,0,0,0,0,0,0,0,0,0,0,0,0
BE_K00158,Electoral Canton Riemst,10939,0,0,0,0,0,0,0,0,0,0,0,0,0,0,0,0,0,0,0,0,0,0,0,0,0,0,0,0
BE_K00159,Electoral Canton Rochefort,9866,0,0,0,0,0,0,0,0,0,0,0,0,0,0,0,0,0,0,0,0,0,0,0,0,0,0,0,0
BE_K00160,Electoral Canton Roulers,63232,0,0,0,0,0,0,0,0,0,0,0,0,0,0,0,0,0,0,0,0,0,0,0,0,0,0,0,0
BE_K00157,Electoral Canton Renaix,24155,0,0,0,0,0,0,0,0,0,0,0,0,0,0,0,0,0,0,0,0,0,0,0,0,0,0,0,0
BE_K00161,Electoral Canton Ruiselede,15969,0,0,0,0,0,0,0,0,0,0,0,0,0,0,0,0,0,0,0,0,0,0,0,0,0,0,0,0
BE_K00162,Electoral Canton Saint-Gilles,19672,0,0,0,0,0,0,0,0,0,0,0,0,0,0,0,0,0,0,0,0,0,0,0,0,0,0,0,0
BE_K00163,Electoral Canton Saint-Hubert,8275,0,0,0,0,0,0,0,0,0,0,0,0,0,0,0,0,0,0,0,0,0,0,0,0,0,0,0,0
BE_K00164,Electoral Canton Saint-Josse,82345,0,0,0,0,0,0,0,0,0,0,0,0,0,0,0,0,0,0,0,0,0,0,0,0,0,0,0,0
BE_K00165,Electoral Canton Saint-Nicolas,90917,0,0,0,0,0,0,0,0,0,0,0,0,0,0,0,0,0,0,0,0,0,0,0,0,0,0,0,0
BE_K00169,Electoral Canton Sainte-Ode,6575,0,0,0,0,0,0,0,0,0,0,0,0,0,0,0,0,0,0,0,0,0,0,0,0,0,0,0,0
BE_K00168,Electoral Canton Saint-Vith,22972,0,0,0,0,0,0,0,0,0,0,0,0,0,0,0,0,0,0,0,0,0,0,0,0,0,0,0,0
BE_K00170,Electoral Canton Schaerbeek,83389,0,0,0,0,0,0,0,0,0,0,0,0,0,0,0,0,0,0,0,0,0,0,0,0,0,0,0,0
BE_K00171,Electoral Canton Seneffe,24776,0,0,0,0,0,0,0,0,0,0,0,0,0,0,0,0,0,0,0,0,0,0,0,0,0,0,0,0
BE_K00172,Electoral Canton Seraing,49774,0,0,0,0,0,0,0,0,0,0,0,0,0,0,0,0,0,0,0,0,0,0,0,0,0,0,0,0
BE_K00173,Electoral Canton Sint-Gillis-Waas,30589,0,0,0,0,0,0,0,0,0,0,0,0,0,0,0,0,0,0,0,0,0,0,0,0,0,0,0,0
BE_K00167,Electoral Canton Saint-Trond,44428,0,0,0,0,0,0,0,0,0,0,0,0,0,0,0,0,0,0,0,0,0,0,0,0,0,0,0,0
BE_K00174,Electoral Canton Soignies,45877,0,0,0,0,0,0,0,0,0,0,0,0,0,0,0,0,0,0,0,0,0,0,0,0,0,0,0,0
BE_K00175,Electoral Canton Spa,24335,0,0,0,0,0,0,0,0,0,0,0,0,0,0,0,0,0,0,0,0,0,0,0,0,0,0,0,0
BE_K00176,Electoral Canton Stavelot,12847,0,0,0,0,0,0,0,0,0,0,0,0,0,0,0,0,0,0,0,0,0,0,0,0,0,0,0,0
BE_K00177,Electoral Canton Tamise,35605,0,0,0,0,0,0,0,0,0,0,0,0,0,0,0,0,0,0,0,0,0,0,0,0,0,0,0,0
BE_K00179,Electoral Canton Thuin,27161,0,0,0,0,0,0,0,0,0,0,0,0,0,0,0,0,0,0,0,0,0,0,0,0,0,0,0,0
BE_K00180,Electoral Canton Tielt,28019,0,0,0,0,0,0,0,0,0,0,0,0,0,0,0,0,0,0,0,0,0,0,0,0,0,0,0,0
BE_K00181,Electoral Canton Tirlemont,38471,0,0,0,0,0,0,0,0,0,0,0,0,0,0,0,0,0,0,0,0,0,0,0,0,0,0,0,0
BE_K00182,Electoral Canton Tongres,24460,0,0,0,0,0,0,0,0,0,0,0,0,0,0,0,0,0,0,0,0,0,0,0,0,0,0,0,0
BE_K00183,Electoral Canton Torhout,16207,0,0,0,0,0,0,0,0,0,0,0,0,0,0,0,0,0,0,0,0,0,0,0,0,0,0,0,0
BE_K00184,Electoral Canton Tournai,49118,0,0,0,0,0,0,0,0,0,0,0,0,0,0,0,0,0,0,0,0,0,0,0,0,0,0,0,0
BE_K00185,Electoral Canton Turnhout,63120,0,0,0,0,0,0,0,0,0,0,0,0,0,0,0,0,0,0,0,0,0,0,0,0,0,0,0,0
BE_K00186,Electoral Canton Uccle,74815,0,0,0,0,0,0,0,0,0,0,0,0,0,0,0,0,0,0,0,0,0,0,0,0,0,0,0,0
BE_K00187,Electoral Canton Verlaine,8511,0,0,0,0,0,0,0,0,0,0,0,0,0,0,0,0,0,0,0,0,0,0,0,0,0,0,0,0
BE_K00188,Electoral Canton Verviers,40925,0,0,0,0,0,0,0,0,0,0,0,0,0,0,0,0,0,0,0,0,0,0,0,0,0,0,0,0
BE_K00070,Electoral Canton Furnes,41035,0,0,0,0,0,0,0,0,0,0,0,0,0,0,0,0,0,0,0,0,0,0,0,0,0,0,0,0
BE_K00189,Electoral Canton Vielsalm,9849,0,0,0,0,0,0,0,0,0,0,0,0,0,0,0,0,0,0,0,0,0,0,0,0,0,0,0,0
BE_K00190,Electoral Canton Vilvorde,67176,0,0,0,0,0,0,0,0,0,0,0,0,0,0,0,0,0,0,0,0,0,0,0,0,0,0,0,0
BE_K00191,Electoral Canton Virton,18276,0,0,0,0,0,0,0,0,0,0,0,0,0,0,0,0,0,0,0,0,0,0,0,0,0,0,0,0
BE_K00192,Electoral Canton Visé,19023,0,0,0,0,0,0,0,0,0,0,0,0,0,0,0,0,0,0,0,0,0,0,0,0,0,0,0,0
BE_K00193,Electoral Canton Vleteren,2773,0,0,0,0,0,0,0,0,0,0,0,0,0,0,0,0,0,0,0,0,0,0,0,0,0,0,0,0
BE_K00067,Electoral Canton Fourons,2543,0,0,0,0,0,0,0,0,0,0,0,0,0,0,0,0,0,0,0,0,0,0,0,0,0,0,0,0
BE_K00195,Electoral Canton Walcourt,14439,0,0,0,0,0,0,0,0,0,0,0,0,0,0,0,0,0,0,0,0,0,0,0,0,0,0,0,0
BE_K00220,Electoral Canton Waregem,62294,0,0,0,0,0,0,0,0,0,0,0,0,0,0,0,0,0,0,0,0,0,0,0,0,0,0,0,0
BE_K00196,Electoral Canton Waremme,41606,0,0,0,0,0,0,0,0,0,0,0,0,0,0,0,0,0,0,0,0,0,0,0,0,0,0,0,0
BE_K00197,Electoral Canton Wavre,106868,0,0,0,0,0,0,0,0,0,0,0,0,0,0,0,0,0,0,0,0,0,0,0,0,0,0,0,0
BE_K00198,Electoral Canton Wellin,5518,0,0,0,0,0,0,0,0,0,0,0,0,0,0,0,0,0,0,0,0,0,0,0,0,0,0,0,0
BE_K00199,Electoral Canton Wervik,13787,0,0,0,0,0,0,0,0,0,0,0,0,0,0,0,0,0,0,0,0,0,0,0,0,0,0,0,0
BE_K00200,Electoral Canton Westerlo,53752,0,0,0,0,0,0,0,0,0,0,0,0,0,0,0,0,0,0,0,0,0,0,0,0,0,0,0,0
BE_K00201,Electoral Canton Wetteren,39448,0,0,0,0,0,0,0,0,0,0,0,0,0,0,0,0,0,0,0,0,0,0,0,0,0,0,0,0
BE_K00202,Electoral Canton Ypres,43453,0,0,0,0,0,0,0,0,0,0,0,0,0,0,0,0,0,0,0,0,0,0,0,0,0,0,0,0
BE_K00203,Electoral Canton Zandhoven,77024,0,0,0,0,0,0,0,0,0,0,0,0,0,0,0,0,0,0,0,0,0,0,0,0,0,0,0,0
BE_K00204,Electoral Canton Zaventem,54935,0,0,0,0,0,0,0,0,0,0,0,0,0,0,0,0,0,0,0,0,0,0,0,0,0,0,0,0
BE_K00205,Electoral Canton Zele,27763,0,0,0,0,0,0,0,0,0,0,0,0,0,0,0,0,0,0,0,0,0,0,0,0,0,0,0,0
BE_K00208,Electoral Canton Zottegem,21791,0,0,0,0,0,0,0,0,0,0,0,0,0,0,0,0,0,0,0,0,0,0,0,0,0,0,0,0
BE_K00105,Electoral Canton Léau,17604,0,0,0,0,0,0,0,0,0,0,0,0,0,0,0,0,0,0,0,0,0,0,0,0,0,0,0,0
